model,condition,iou_threshold,accuracy,sensitivity,specificity,balanced_accuracy,f1
Qwen2.5-VL-7B,A1,0.3,0.8962739174219537,0.9269798657718121,0.4331983805668016,0.6800891231693069,0.9437004646078163
Qwen2.5-VL-7B,A1,0.4,0.8955186304128903,0.9280711206896551,0.4307692307692308,0.6794201757294429,0.9431895961670089
Qwen2.5-VL-7B,A1,0.5,0.8935045317220544,0.9297722342733189,0.4225352112676056,0.6761537227704623,0.9419035846724351
Qwen2.5-VL-7B,A1,0.6,0.8846928499496476,0.9326524979298924,0.3868194842406877,0.65973599108529,0.936529933481153
Qwen2.5-VL-7B,A1,0.7,0.858257804632427,0.9371032890940566,0.3181818181818182,0.6276425536379374,0.9202436605751523
Qwen2.5-VL-7B,A2,0.3,0.9354985237338178,0.9786160499759731,0.1908713692946058,0.5847437096352894,0.9663107947805457
Qwen2.5-VL-7B,A2,0.4,0.9327731092436975,0.9787849566055931,0.1843137254901961,0.5815493410478946,0.964828897338403
Qwen2.5-VL-7B,A2,0.5,0.9280036338859868,0.9793739383644746,0.1773049645390071,0.5783394514517408,0.962212421027536
Qwen2.5-VL-7B,A2,0.6,0.9134680899386782,0.9802322708178898,0.1544943820224719,0.5673633264201808,0.9541791942273
Qwen2.5-VL-7B,A2,0.7,0.8766749943220531,0.9813905401912639,0.11797752808988764,0.5496840341405758,0.9332677891114661
Qwen2.5-VL-7B,A3,0.3,0.9490302210193956,0.997861216730038,0.03982300884955752,0.5188421127897977,0.9737940630797773
Qwen2.5-VL-7B,A3,0.4,0.9460983310780334,0.9978545887961859,0.03765690376569038,0.5177557462809381,0.9722448031587504
Qwen2.5-VL-7B,A3,0.5,0.9406856111862878,0.998081074598225,0.03773584905660377,0.5179084618274145,0.9693651718112988
Qwen2.5-VL-7B,A3,0.6,0.9226432115471358,0.9982872522632737,0.03170028818443804,0.5149937702238558,0.9596612960131718
Qwen2.5-VL-7B,A3,0.7,0.8834009923319801,0.9987209004860578,0.024761904761904763,0.5117414026239813,0.9378978978978979
Qwen2.5-VL-7B,A4,0.3,0.8692124105011934,0.8846741344195519,0.6374045801526718,0.7610393572861118,0.9269138436916511
Qwen2.5-VL-7B,A4,0.4,0.8704057279236277,0.8865900383141763,0.64,0.7632950191570882,0.9274549098196393
Qwen2.5-VL-7B,A4,0.5,0.871599045346062,0.8899176954732511,0.6357615894039735,0.7628396424386124,0.9278626977742022
Qwen2.5-VL-7B,A4,0.6,0.8694510739856802,0.895577074064381,0.5989159891598916,0.7472465316121364,0.9259910702205385
Qwen2.5-VL-7B,A4,0.7,0.8503579952267303,0.9021590598524187,0.4934086629001883,0.6977838613763035,0.9132660118965279
Qwen2.5-VL-7B,A5,0.3,0.6557067271352985,0.6298307917275956,0.900990099009901,0.7654104453687482,0.7679572083545594
Qwen2.5-VL-7B,A5,0.4,0.6608087679516251,0.6334594367381252,0.9044943820224719,0.7689769093802985,0.7705483829732839
Qwen2.5-VL-7B,A5,0.5,0.6674225245653818,0.6385644510511785,0.9005145797598628,0.7695395154055207,0.7736043220993054
Qwen2.5-VL-7B,A5,0.6,0.6780045351473923,0.6481602438493359,0.8741058655221745,0.7611330546857552,0.7774875946722382
Qwen2.5-VL-7B,A5,0.7,0.6906651549508692,0.6639118457300276,0.8151709401709402,0.7395413929504839,0.7794097830481067
Qwen3-VL-8B,A1,0.3,0.7916742410470824,0.817506524794218,0.5442307692307692,0.6808686470124936,0.8766415500538213
Qwen3-VL-8B,A1,0.4,0.7924013815669878,0.8197052291540481,0.5456204379562044,0.6826628335551262,0.8767004966529908
Qwen3-VL-8B,A1,0.5,0.7931285220868933,0.8232415902140673,0.5453020134228188,0.684271801818443,0.8764922943347081
Qwen3-VL-8B,A1,0.6,0.7904017451372478,0.8299874529485571,0.5271210013908206,0.6785542271696889,0.8731712682873172
Qwen3-VL-8B,A1,0.7,0.7765860752590438,0.8395061728395061,0.48082901554404145,0.6601675941917737,0.8610514414923686
Qwen3-VL-8B,A2,0.3,0.8479236812570146,0.892747072118348,0.3924843423799583,0.6426157072491532,0.9144480690308324
Qwen3-VL-8B,A2,0.4,0.8471754582865694,0.894443296839496,0.3940594059405941,0.644251351390045,0.9137912841616546
Qwen3-VL-8B,A2,0.5,0.8443696221474,0.8964151729887453,0.3886861313868613,0.6425506521878033,0.9118083527665889
Qwen3-VL-8B,A2,0.6,0.8359521137298915,0.9013452914798207,0.3740573152337858,0.6377013033568033,0.90589119004185
Qwen3-VL-8B,A2,0.7,0.8121960344182566,0.9088248536695183,0.33738938053097345,0.6231071171002458,0.8894029521921129
Qwen3-VL-8B,A3,0.3,0.79182156133829,0.8177905308464849,0.5389221556886228,0.6783563432675539,0.8769230769230769
Qwen3-VL-8B,A3,0.4,0.7929368029739777,0.8201112713785288,0.5426944971537002,0.6814028842661145,0.8772316508706194
Qwen3-VL-8B,A3,0.5,0.7931226765799256,0.8232113144758736,0.5402097902097902,0.681710552342832,0.8767305349429616
Qwen3-VL-8B,A3,0.6,0.7903345724907063,0.8298144593730007,0.5224312590448625,0.6761228592089317,0.8734006734006734
Qwen3-VL-8B,A3,0.7,0.774721189591078,0.8383179671688779,0.4715969989281886,0.6549574830485332,0.8601753576372866
Qwen3-VL-8B,A4,0.3,0.853774447084628,0.9284418464019351,0.12745098039215685,0.527946413397046,0.9200958849380743
Qwen3-VL-8B,A4,0.4,0.8495704624383111,0.9286293592862936,0.1261595547309833,0.5273944570086385,0.9175598517479715
Qwen3-VL-8B,A4,0.5,0.8424419667336868,0.9289371288142535,0.12414965986394558,0.5265433943390996,0.9132273001811959
Qwen3-VL-8B,A4,0.6,0.8263571559129957,0.9301447451227187,0.12357954545454546,0.5268621452886321,0.9032389488694235
Qwen3-VL-8B,A4,0.7,0.7898007676841529,0.9318131503210095,0.11740041928721175,0.5246067848041106,0.8798076923076923
Qwen3-VL-8B,A5,0.3,0.7020566981656475,0.670206121174266,0.9595959595959596,0.8149010403851128,0.8001491424310216
Qwen3-VL-8B,A5,0.4,0.7059477487493052,0.6731493099121706,0.9609756097560975,0.8170624598341341,0.8022429906542056
Qwen3-VL-8B,A5,0.5,0.7098387993329628,0.676786843769766,0.9495412844036697,0.8131640640867178,0.8039068369646882
Qwen3-VL-8B,A5,0.6,0.7176209005002779,0.6844816484224082,0.926829268292683,0.8056554583575456,0.8071374335611238
Qwen3-VL-8B,A5,0.7,0.7315175097276264,0.6998663101604278,0.8877887788778878,0.7938275445191578,0.8125727590221188
Qwen3-VL-4B,A1,0.3,0.514776357827476,0.4702630997125801,0.9298969072164949,0.7000800034645375,0.6364452423698385
Qwen3-VL-4B,A1,0.4,0.5199680511182109,0.47296996662958846,0.9317738791423001,0.7023719228859443,0.6388221153846154
Qwen3-VL-4B,A1,0.5,0.5277555910543131,0.4770992366412214,0.9350180505415162,0.7060586435913688,0.6424792139077853
Qwen3-VL-4B,A1,0.6,0.5409345047923323,0.48411602209944754,0.9126506024096386,0.6983833122545431,0.6465795541890853
Qwen3-VL-4B,A1,0.7,0.5658945686900958,0.49842271293375395,0.8793686583990981,0.688895685666426,0.6539318688315823
Qwen3-VL-4B,A2,0.3,0.593003249856624,0.5632911392405063,0.879837067209776,0.7215641032251412,0.7149551479448387
Qwen3-VL-4B,A2,0.4,0.5968266105907092,0.5657615613067458,0.8800773694390716,0.7229194653729087,0.7166465135026199
Qwen3-VL-4B,A2,0.5,0.6031351558019499,0.5699293210537588,0.8790035587188612,0.72446643988631,0.7193836171938361
Qwen3-VL-4B,A2,0.6,0.6107818772701205,0.5760035095415661,0.8467261904761905,0.7113648500088783,0.7206366630076838
Qwen3-VL-4B,A2,0.7,0.6251194800229402,0.588724584103512,0.7995570321151716,0.6941408081093419,0.7221198809692504
Qwen3-VL-4B,A3,0.3,0.5843691148775895,0.5495420482930891,0.9150197628458498,0.7322809055694695,0.7052223854681448
Qwen3-VL-4B,A3,0.4,0.588135593220339,0.551926298157454,0.9119850187265918,0.7319556584420228,0.7067971577959512
Qwen3-VL-4B,A3,0.5,0.5943502824858757,0.5558842171983942,0.9098786828422877,0.7328814500203409,0.709546925566343
Qwen3-VL-4B,A3,0.6,0.6045197740112994,0.563054293748648,0.883551673944687,0.7233029838466676,0.7125650150561182
Qwen3-VL-4B,A3,0.7,0.6212806026365348,0.5766423357664233,0.8326133909287257,0.7046278633475744,0.7154379510400453
Qwen3-VL-4B,A4,0.3,0.467210077806595,0.4209022249438661,0.9218436873747495,0.6713729561593078,0.5891428571428572
Qwen3-VL-4B,A4,0.4,0.47091515376065207,0.4225005132416342,0.9184060721062619,0.670453292673948,0.5903614457831325
Qwen3-VL-4B,A4,0.5,0.47869581326417193,0.4260833506116525,0.92,0.6730416753058263,0.5935875216637782
Qwen3-VL-4B,A4,0.6,0.49184883290107445,0.4318181818181818,0.9014492753623189,0.6666337285902504,0.5971508297841093
Qwen3-VL-4B,A4,0.7,0.5172286031863653,0.44347436758450864,0.8711063372717508,0.6572903524281297,0.6032277710109623
Qwen3-VL-4B,A5,0.3,0.3633562455558189,0.30536130536130535,0.9888268156424581,0.6470940605018818,0.4674861221252974
Qwen3-VL-4B,A5,0.4,0.36785968238919176,0.30687142113482563,0.9893899204244032,0.6481306707796144,0.4692537313432836
Qwen3-VL-4B,A5,0.5,0.37473334913486606,0.30890464933018125,0.9830097087378641,0.6459571790340226,0.4713426853707415
Qwen3-VL-4B,A5,0.6,0.3906138895472861,0.313941018766756,0.9754601226993865,0.6447005707330713,0.4766944840219825
Qwen3-VL-4B,A5,0.7,0.42213794738089594,0.32388436710637103,0.9557926829268293,0.6398385250166001,0.4863042562157606
InternVL3.5-8B,A1,0.3,0.9619137551148883,0.9836814621409922,0.37168141592920356,0.6776814390350978,0.9803220035778175
InternVL3.5-8B,A1,0.4,0.9615989927604659,0.985260399606944,0.3790322580645161,0.6821463288357301,0.9801238188334963
InternVL3.5-8B,A1,0.5,0.9597104186339314,0.9858692080184029,0.3656716417910448,0.6757704249047238,0.97911227154047
InternVL3.5-8B,A1,0.6,0.9455461126849228,0.985657104736491,0.2737430167597765,0.6297000607481338,0.9715600854841361
InternVL3.5-8B,A1,0.7,0.9146994019515265,0.9878640776699029,0.1945392491467577,0.5912016634083304,0.9545987602613503
InternVL3.5-8B,A2,0.3,0.9809007981755986,0.9994175888177053,0.12162162162162163,0.5605196052196635,0.9903332852402251
InternVL3.5-8B,A2,0.4,0.9797605473204105,0.9994169096209913,0.11538461538461539,0.5574007625028033,0.9897502526346181
InternVL3.5-8B,A2,0.5,0.9777651083238312,0.9994157172071283,0.10588235294117647,0.5526490350741524,0.988728323699422
InternVL3.5-8B,A2,0.6,0.9646522234891676,0.9994077583654131,0.06870229007633588,0.5340550242208745,0.9819610125109107
InternVL3.5-8B,A2,0.7,0.9293044469783353,0.9993851829080849,0.03529411764705882,0.5173396502775719,0.9632592592592593
InternVL3.5-8B,A3,0.3,0.9799942012177443,0.9970335212103233,0.24358974358974358,0.6203116324000334,0.9898394934472096
InternVL3.5-8B,A3,0.4,0.979704262104958,0.9979191438763377,0.25882352941176473,0.6283713366440512,0.9896816037735849
InternVL3.5-8B,A3,0.5,0.9779646274282401,0.9979154258487195,0.24175824175824176,0.6198368338034806,0.9887872528769549
InternVL3.5-8B,A3,0.6,0.9666570020295738,0.9978909310033143,0.16923076923076924,0.5835608501170417,0.9829351535836177
InternVL3.5-8B,A3,0.7,0.9330240649463613,0.9981255857544518,0.09274193548387097,0.5454337606191614,0.9651110104213865
InternVL3.5-8B,A4,0.3,0.9781959378733572,1.0,0.0641025641025641,0.532051282051282,0.9889611371540904
InternVL3.5-8B,A4,0.4,0.9767025089605734,1.0,0.060240963855421686,0.5301204819277109,0.9881961259079903
InternVL3.5-8B,A4,0.5,0.9743130227001194,1.0,0.054945054945054944,0.5274725274725275,0.9869696969696969
InternVL3.5-8B,A4,0.6,0.9605734767025089,1.0,0.0364963503649635,0.5182481751824818,0.9798596277082697
InternVL3.5-8B,A4,0.7,0.9262246117084827,1.0,0.01984126984126984,0.5099206349206349,0.9616400062121447
InternVL3.5-8B,A5,0.3,0.8939484721390054,0.9079268292682927,0.10344827586206896,0.5056875525651808,0.9438985736925515
InternVL3.5-8B,A5,0.4,0.8933493109646495,0.9078706528370958,0.1,0.5039353264185479,0.9435637285986049
InternVL3.5-8B,A5,0.5,0.8921509886159377,0.9077580940745266,0.09375,0.5007540470372633,0.9428934010152284
InternVL3.5-8B,A5,0.6,0.8843618933493109,0.9080246913580247,0.10204081632653061,0.5050327538422776,0.9384370015948963
InternVL3.5-8B,A5,0.7,0.8633912522468544,0.9096117122851687,0.12244897959183673,0.5160303459385027,0.9261179520414776
GLM-4.6V-Flash,A1,0.3,0.6833421098823942,0.6859584385317538,0.6587591240875912,0.6723587813096725,0.7965719440685611
GLM-4.6V-Flash,A1,0.4,0.6865016675443216,0.6888064075014652,0.6660899653979239,0.6774481864496945,0.797918081013804
GLM-4.6V-Flash,A1,0.5,0.6873793224504124,0.6911996842936069,0.6565977742448331,0.67389872926922,0.7973142141800387
GLM-4.6V-Flash,A1,0.6,0.6870282604879762,0.6958721165520032,0.6291390728476821,0.6625055946998426,0.7941346264865489
GLM-4.6V-Flash,A1,0.7,0.6822889239950851,0.7039965804659115,0.5825147347740668,0.6432556576199892,0.7844724934508216
GLM-4.6V-Flash,A2,0.3,0.6989455184534271,0.701048951048951,0.6789667896678967,0.6900078703584238,0.8081961706415854
GLM-4.6V-Flash,A2,0.4,0.7028119507908611,0.7043767096522079,0.6888111888111889,0.6965939492316984,0.8100213459161892
GLM-4.6V-Flash,A2,0.5,0.7038664323374341,0.7069850039463299,0.6784565916398714,0.6927207977931007,0.8096260309569541
GLM-4.6V-Flash,A2,0.6,0.7043936731107205,0.7124368048533872,0.6510067114093959,0.6817217581313916,0.8072868927589367
GLM-4.6V-Flash,A2,0.7,0.6984182776801406,0.7207861568041017,0.5946481665014867,0.6577171616527941,0.7972589792060492
GLM-4.6V-Flash,A3,0.3,0.6986010270940323,0.6949550254204145,0.7335834896810507,0.7142692575507326,0.8068104426787741
GLM-4.6V-Flash,A3,0.4,0.7028510713653268,0.6984657749803305,0.7424511545293073,0.7204584647548189,0.8088838268792711
GLM-4.6V-Flash,A3,0.5,0.7053302638569152,0.7017474185861795,0.734860883797054,0.7183041511916168,0.809436555199267
GLM-4.6V-Flash,A3,0.6,0.7083407118824154,0.708443540183113,0.7076502732240437,0.7080469067035784,0.8087330159098827
GLM-4.6V-Flash,A3,0.7,0.704976093500974,0.7180919639020198,0.6435045317220544,0.6807982478120371,0.8004790419161677
GLM-4.6V-Flash,A4,0.3,0.7346471933837762,0.7385214007782102,0.6979742173112339,0.718247809044722,0.8342857142857143
GLM-4.6V-Flash,A4,0.4,0.7379904979764209,0.7417335159459988,0.7045454545454546,0.7231394852457267,0.8358505126226435
GLM-4.6V-Flash,A4,0.5,0.7406299489706141,0.7455551165547215,0.7004830917874396,0.7230191041710805,0.8366215916648193
GLM-4.6V-Flash,A4,0.6,0.7416857293682914,0.7523288780882949,0.6711409395973155,0.7117349088428051,0.8350191054169477
GLM-4.6V-Flash,A4,0.7,0.7342952665845505,0.7619760479041916,0.605759682224429,0.6838678650643103,0.8251505326540065
GLM-4.6V-Flash,A5,0.3,0.5226152197213291,0.492619926199262,0.9179331306990881,0.7052765284491751,0.6573318972149561
GLM-4.6V-Flash,A5,0.4,0.5258306538049303,0.4943247625665972,0.9166666666666666,0.7054957146166319,0.658641975308642
GLM-4.6V-Flash,A5,0.5,0.5286173633440514,0.4958061509785648,0.9061662198391421,0.7009861854088535,0.6593338497288923
GLM-4.6V-Flash,A5,0.6,0.5391211146838156,0.501547250654606,0.8793103448275862,0.6904287977410961,0.6621621621621622
GLM-4.6V-Flash,A5,0.7,0.5592711682743837,0.5133917396745933,0.8328358208955224,0.6731137802850579,0.6661253653783696
Phi-4-multimodal,A1,0.3,0.8223420915260136,0.881888246628131,0.26750448833034113,0.574696367479236,0.8996560196560196
Phi-4-multimodal,A1,0.4,0.8185140073081608,0.8819767441860465,0.2606473594548552,0.5713120518204509,0.8971907343518974
Phi-4-multimodal,A1,0.5,0.8134678962937184,0.8829516539440203,0.25705329153605017,0.5700024727400352,0.8937982960174361
Phi-4-multimodal,A1,0.6,0.7978075517661388,0.8836042544651816,0.23821989528795812,0.5609120748765699,0.8834269662921348
Phi-4-multimodal,A1,0.7,0.7640508091178005,0.8845094299639754,0.21108949416342412,0.5477994620636998,0.8602638087386645
Phi-4-multimodal,A2,0.3,0.8315642944144771,0.8895953757225433,0.29084380610412924,0.5902195909133363,0.9051166437953343
Phi-4-multimodal,A2,0.4,0.8277362101966244,0.8897286821705427,0.282793867120954,0.5862612746457483,0.9026740070782541
Phi-4-multimodal,A2,0.5,0.822690099182182,0.8907809747504404,0.2774294670846395,0.5841052209175399,0.8993182491848631
Phi-4-multimodal,A2,0.6,0.806681746998434,0.8914308649407987,0.25392670157068065,0.5726787832557396,0.8888444222111056
Phi-4-multimodal,A2,0.7,0.7718809813815904,0.8921381648654376,0.2198443579766537,0.5559912614210456,0.8652759223101428
Phi-4-multimodal,A3,0.3,0.7261179745954411,0.7464354527938343,0.5368043087971275,0.6416198807954809,0.8311521132804119
Phi-4-multimodal,A3,0.4,0.723681921002262,0.7465116279069768,0.5229982964224872,0.6347549621647319,0.8291003013344813
Phi-4-multimodal,A3,0.5,0.7221158865495041,0.7480916030534351,0.5141065830721003,0.6310990930627678,0.8271832052808138
Phi-4-multimodal,A3,0.6,0.7179397946754829,0.7519566526189043,0.49607329842931935,0.6240149755241118,0.822161272627537
Phi-4-multimodal,A3,0.7,0.6977553506177135,0.7537613901250265,0.4406614785992218,0.5972114343621242,0.80375098858886
Phi-4-multimodal,A4,0.3,0.676526883591439,0.65626204238921,0.8653500897666068,0.7608060660779083,0.7856071964017991
Phi-4-multimodal,A4,0.4,0.6800069601531233,0.6591085271317829,0.8637137989778535,0.7614111630548182,0.7871774100219882
Phi-4-multimodal,A4,0.5,0.6850530711675656,0.6635349383440986,0.8573667711598746,0.7604508547519866,0.789289871944121
Phi-4-multimodal,A4,0.6,0.6906211936662606,0.6708809953843067,0.819371727748691,0.7451263615664989,0.7899338374291115
Phi-4-multimodal,A4,0.7,0.6934052549156081,0.6821360457724094,0.745136186770428,0.7136361162714187,0.7851219512195122
Phi-4-multimodal,A5,0.3,0.7630067861492953,0.7695568400770713,0.7019748653500898,0.7357658527135805,0.8543315508021391
Phi-4-multimodal,A5,0.4,0.7650948320863059,0.7722868217054264,0.7018739352640545,0.7370803784847404,0.8551502145922747
Phi-4-multimodal,A5,0.5,0.7673568818514007,0.7762771579565473,0.6959247648902821,0.7361009614234146,0.855755744956306
Phi-4-multimodal,A5,0.6,0.7666608665390638,0.7828617298815974,0.6609947643979057,0.7219282471397516,0.8533304167122389
Phi-4-multimodal,A5,0.7,0.7541325909170001,0.7910574274210638,0.5846303501945526,0.6878438888078082,0.8408604572587003
Gemma-4-12B,A1,0.3,0.896119714633722,0.9803468208092485,0.11131059245960502,0.5458287066344267,0.9445836814257866
Gemma-4-12B,A1,0.4,0.8908995997911954,0.9802325581395349,0.10562180579216354,0.5429271819658492,0.9416364144093828
Gemma-4-12B,A1,0.5,0.8834174351835741,0.9808181640242709,0.10344827586206896,0.54213321994317,0.9373363262252151
Gemma-4-12B,A1,0.6,0.8621889681572995,0.9807344972907887,0.08900523560209424,0.5348698664464414,0.9250425894378195
Gemma-4-12B,A1,0.7,0.8183400034800765,0.9809281627463445,0.07198443579766536,0.526456299272005,0.8986604542807222
Gemma-4-12B,A2,0.3,0.8957717069775535,0.9813102119460501,0.09874326750448834,0.5400267397252692,0.9444598980064906
Gemma-4-12B,A2,0.4,0.890551592135027,0.9812015503875969,0.09369676320272573,0.5374491567951614,0.9415155741515574
Gemma-4-12B,A2,0.5,0.8827214198712372,0.9816010961049129,0.09090909090909091,0.5362550935070018,0.9370328849028401
Gemma-4-12B,A2,0.6,0.861840960501131,0.9817379088902267,0.07984293193717278,0.5307904204136997,0.9249385517110985
Gemma-4-12B,A2,0.7,0.8176439881677396,0.9817757999576181,0.06420233463035019,0.5229890672939841,0.8983905371339926
Gemma-4-12B,A3,0.3,0.8955977031494693,0.9647398843930636,0.2513464991023339,0.6080431917476987,0.9434708875070661
Gemma-4-12B,A3,0.4,0.8910736036192797,0.9649224806201551,0.24190800681431004,0.6034152437172325,0.940854119425548
Gemma-4-12B,A3,0.5,0.8842874543239951,0.9657467214719123,0.23197492163009403,0.5988608215510032,0.9368650906674262
Gemma-4-12B,A3,0.6,0.8658430485470681,0.9668874172185431,0.20680628272251309,0.586846849970528,0.9259152493513981
Gemma-4-12B,A3,0.7,0.8244301374630242,0.9677897859716041,0.16634241245136186,0.567066099211483,0.9005225278517204
Gemma-4-12B,A4,0.3,0.9076039672872803,0.9832369942196532,0.20287253141831238,0.5930547628189827,0.950544844928751
Gemma-4-12B,A4,0.4,0.9034278754132591,0.9837209302325581,0.19761499148211242,0.5906679608573353,0.9481647520313813
Gemma-4-12B,A4,0.5,0.8952496954933008,0.9839498923468389,0.18495297805642633,0.5844514352016327,0.943506006006006
Gemma-4-12B,A4,0.6,0.8754132590917,0.984748143688541,0.16230366492146597,0.5735259043050035,0.9320037986704653
Gemma-4-12B,A4,0.7,0.8326083173829825,0.9858020767111676,0.1293774319066148,0.5575897543088912,0.9062926164036625
Gemma-4-12B,A5,0.3,0.884983469636332,0.9431599229287091,0.34290843806104127,0.6430341804948752,0.9367524638790546
Gemma-4-12B,A5,0.4,0.8825474160431529,0.9443798449612403,0.3390119250425894,0.6416958850019149,0.9352269455906344
Gemma-4-12B,A5,0.5,0.8781973203410475,0.9463691524760227,0.3322884012539185,0.6393287768649706,0.9324975891996142
Gemma-4-12B,A5,0.6,0.8635809987819733,0.9492273730684326,0.30497382198952877,0.6271005975289807,0.9234673955486138
Gemma-4-12B,A5,0.7,0.8256481642596137,0.9512608603517695,0.2490272373540856,0.6001440488529275,0.8995991983967936
MiniCPM-V-4.5,A1,0.3,0.8915956151035322,0.9753371868978805,0.11131059245960502,0.5433238896787428,0.9420303340467107
MiniCPM-V-4.5,A1,0.4,0.8877675308856795,0.975968992248062,0.11243611584327087,0.5442025540456664,0.939815246804143
MiniCPM-V-4.5,A1,0.5,0.880981381590395,0.9769035036210608,0.11285266457680251,0.5448780840989317,0.9358709919369961
MiniCPM-V-4.5,A1,0.6,0.8607969375326258,0.9773228978526992,0.10078534031413612,0.5390541190834177,0.9240986717267552
MiniCPM-V-4.5,A1,0.7,0.8176439881677396,0.9777495232040686,0.08268482490272373,0.5302171740533962,0.8980147917477618
MiniCPM-V-4.5,A2,0.3,0.9028889662373826,0.9928709055876686,0.06294964028776978,0.5279102729377192,0.9486377025036818
MiniCPM-V-4.5,A2,0.4,0.8976679429168117,0.9928294573643411,0.059726962457337884,0.5262782099108395,0.945726416835887
MiniCPM-V-4.5,A2,0.5,0.8891402714932126,0.992953611274222,0.0565149136577708,0.5247342624659964,0.9409255309283131
MiniCPM-V-4.5,A2,0.6,0.8675600417681866,0.9929761188039333,0.04849279161205767,0.5207344552079956,0.9285915360795721
MiniCPM-V-4.5,A2,0.7,0.822311172989906,0.993006993006993,0.0379746835443038,0.5154908382756485,0.9017608005388242
MiniCPM-V-4.5,A3,0.3,0.9013398294762485,0.9909441233140656,0.06642728904847396,0.5286857061812698,0.9477563807242237
MiniCPM-V-4.5,A3,0.4,0.8964677222898904,0.9910852713178294,0.06473594548551959,0.5279106084016745,0.9450244848932828
MiniCPM-V-4.5,A3,0.5,0.8879415347137637,0.9911920140927775,0.061128526645768025,0.5261602703692727,0.9402153731897512
MiniCPM-V-4.5,A3,0.6,0.8663650600313207,0.9911699779249448,0.05235602094240838,0.5217629994336765,0.9278602291940635
MiniCPM-V-4.5,A3,0.7,0.821124064729424,0.9910998092816274,0.04085603112840467,0.5159779202050161,0.9009824696590253
Molmo2-8B,A1,0.3,0.9553719008264463,0.9991356957649092,0.0,0.4995678478824546,0.9771766694843618
Molmo2-8B,A1,0.4,0.9537190082644628,0.9991341991341991,0.0,0.49956709956709955,0.9763113367174281
Molmo2-8B,A1,0.5,0.9487603305785124,0.999129677980853,0.0,0.4995648389904265,0.9737065309584394
Molmo2-8B,A1,0.6,0.9413223140495868,0.9991228070175439,0.0,0.49956140350877193,0.9697743720732227
Molmo2-8B,A1,0.7,0.9074380165289256,0.9990900818926297,0.0,0.49954504094631486,0.951473136915078
Qwen3-VL-2B,A1,0.3,0.9034735555943446,1.0,0.0,0.5,0.9492893168271435
Qwen3-VL-2B,A1,0.4,0.8982370396229709,1.0,0.0,0.5,0.9463908045977012
Qwen3-VL-2B,A1,0.5,0.8893349624716356,1.0,0.0,0.5,0.9414264597191426
Qwen3-VL-2B,A1,0.6,0.867341595391866,1.0,0.0,0.5,0.9289586838661432
Qwen3-VL-2B,A1,0.7,0.8212602548437773,1.0,0.0,0.5,0.9018593061146253
Qwen3-VL-2B,A2,0.3,0.9032201914708442,1.0,0.0,0.5,0.9491494421071885
Qwen3-VL-2B,A2,0.4,0.8979982593559617,1.0,0.0,0.5,0.9462582538517975
Qwen3-VL-2B,A2,0.5,0.8891209747606614,1.0,0.0,0.5,0.9413065511840044
Qwen3-VL-2B,A2,0.6,0.867188859878155,1.0,0.0,0.5,0.9288710729933812
Qwen3-VL-2B,A2,0.7,0.8212358572671888,1.0,0.0,0.5,0.9018445952403709
Qwen3-VL-2B,A4,0.3,0.9056636857794144,1.0,0.0,0.5,0.9504968715495031
Qwen3-VL-2B,A4,0.4,0.9004032965106085,1.0,0.0,0.5,0.947591806606385
Qwen3-VL-2B,A4,0.5,0.8916359810625987,1.0,0.0,0.5,0.942714126807564
Qwen3-VL-2B,A4,0.6,0.8697176924425741,1.0,0.0,0.5,0.9303197974303666
Qwen3-VL-2B,A4,0.7,0.8237769594950026,1.0,0.0,0.5,0.90337467551197
Qwen2.5-VL-3B,A1,0.3,0.9002958065077432,0.9930635838150289,0.03590664272890485,0.5144851132719669,0.9473393989523021
Qwen2.5-VL-3B,A1,0.4,0.8950756916652166,0.9930232558139535,0.034071550255536626,0.513547403034745,0.9444290848769699
Qwen2.5-VL-3B,A1,0.5,0.88654950408909,0.9931493442943825,0.032915360501567396,0.513032352397975,0.9396296296296296
Qwen2.5-VL-3B,A1,0.6,0.8646250217504785,0.9929761188039333,0.0274869109947644,0.5102315148993488,0.9271126100805696
Qwen2.5-VL-3B,A1,0.7,0.8190360187924134,0.9927950837041746,0.021400778210116732,0.5070979309571456,0.9000960614793467
Qwen2.5-VL-3B,A2,0.3,0.9029058639290064,0.9996146435452794,0.0017953321364452424,0.5007049878408624,0.9489665264313152
Qwen2.5-VL-3B,A2,0.4,0.8976857490864799,0.9996124031007751,0.0017035775127768314,0.5006579903067759,0.9460748349229641
Qwen2.5-VL-3B,A2,0.5,0.8891595615103532,0.9998042669798395,0.003134796238244514,0.501469531609042,0.9413065511840044
Qwen2.5-VL-3B,A2,0.6,0.8672350791717418,0.9997993176801124,0.002617801047120419,0.5012085593636164,0.9288710729933812
Qwen2.5-VL-3B,A2,0.7,0.8212980685575083,0.9997880906971816,0.0019455252918287938,0.5008668079945052,0.9018445952403709
Qwen2.5-VL-3B,A3,0.3,0.9030798677570907,1.0,0.0,0.5,0.9490719575752035
Qwen2.5-VL-3B,A3,0.4,0.8978597529145641,1.0,0.0,0.5,0.9461813514256899
Qwen2.5-VL-3B,A3,0.5,0.8889855576822691,1.0,0.0,0.5,0.9412306558585114
Qwen2.5-VL-3B,A3,0.6,0.8670610753436575,1.0,0.0,0.5,0.9287977632805219
Qwen2.5-VL-3B,A3,0.7,0.821124064729424,1.0,0.0,0.5,0.9017771832600803
Qwen2.5-VL-3B,A4,0.3,0.9030798677570907,1.0,0.0,0.5,0.9490719575752035
Qwen2.5-VL-3B,A4,0.4,0.8978597529145641,1.0,0.0,0.5,0.9461813514256899
Qwen2.5-VL-3B,A4,0.5,0.8889855576822691,1.0,0.0,0.5,0.9412306558585114
Qwen2.5-VL-3B,A4,0.6,0.8670610753436575,1.0,0.0,0.5,0.9287977632805219
Qwen2.5-VL-3B,A4,0.7,0.821124064729424,1.0,0.0,0.5,0.9017771832600803
Qwen2.5-VL-3B,A5,0.3,0.9030798677570907,1.0,0.0,0.5,0.9490719575752035
Qwen2.5-VL-3B,A5,0.4,0.8978597529145641,1.0,0.0,0.5,0.9461813514256899
Qwen2.5-VL-3B,A5,0.5,0.8889855576822691,1.0,0.0,0.5,0.9412306558585114
Qwen2.5-VL-3B,A5,0.6,0.8670610753436575,1.0,0.0,0.5,0.9287977632805219
Qwen2.5-VL-3B,A5,0.7,0.821124064729424,1.0,0.0,0.5,0.9017771832600803
InternVL3.5-4B,A1,0.3,0.5039772727272728,0.46824565080695874,0.8388998035363457,0.6535727271716523,0.6304501199379144
InternVL3.5-4B,A1,0.4,0.5077651515151516,0.4701665612481552,0.839851024208566,0.6550087927283607,0.6318175378948859
InternVL3.5-4B,A1,0.5,0.5128787878787879,0.4727311461440136,0.8344709897610921,0.6536010679525529,0.633095577746077
InternVL3.5-4B,A1,0.6,0.5215909090909091,0.47709424083769636,0.8146551724137931,0.6458747066257448,0.6339130434782608
InternVL3.5-4B,A1,0.7,0.5412878787878788,0.4877936434822662,0.7889125799573561,0.6383531117198111,0.636227095223791
InternVL3.5-4B,A2,0.3,0.4028021015761821,0.34612403100775196,0.9345454545454546,0.6403347427766033,0.5116012603838441
InternVL3.5-4B,A2,0.4,0.4080560420315236,0.34814814814814815,0.9379310344827586,0.6430395913154534,0.5138089758342923
InternVL3.5-4B,A2,0.5,0.4148861646234676,0.3504626895058082,0.9334389857369255,0.6419508376213668,0.5158672656136791
InternVL3.5-4B,A2,0.6,0.4299474605954466,0.3553985872855701,0.919205298013245,0.6373019426494075,0.5196989818503762
InternVL3.5-4B,A2,0.7,0.46059544658493873,0.365999147848317,0.8976377952755905,0.6318184715619537,0.52731737262124
InternVL3.5-4B,A3,0.3,0.35186809331696195,0.28699029126213593,0.9582577132486388,0.6226240022553874,0.4444444444444444
InternVL3.5-4B,A3,0.4,0.35713032801262934,0.288671875,0.9604130808950087,0.6245424779475044,0.4464582389367165
InternVL3.5-4B,A3,0.5,0.36467286440975266,0.290787137502466,0.9572784810126582,0.6240328092575621,0.4487062404870624
InternVL3.5-4B,A3,0.6,0.38238905455183303,0.29571197411003236,0.9484808454425363,0.6220964097762843,0.45368502715283165
InternVL3.5-4B,A3,0.7,0.4181722504823715,0.3060657838530543,0.9332679097154073,0.6196668467842308,0.46352903121462075
InternVL3.5-4B,A4,0.3,0.2774869109947644,0.20807573415765068,0.9259927797833934,0.567034256970522,0.342230695900858
InternVL3.5-4B,A4,0.4,0.2823734729493892,0.2090944422852701,0.928082191780822,0.568588317033046,0.34355044699872284
InternVL3.5-4B,A4,0.5,0.29022687609075043,0.21059862610402355,0.9291338582677166,0.56986624218587,0.3454047963946564
InternVL3.5-4B,A4,0.6,0.3069808027923211,0.21303560651780326,0.922266139657444,0.5676508730876236,0.3478403678764986
InternVL3.5-4B,A4,0.7,0.33961605584642235,0.21686491079014444,0.9050880626223092,0.5609764867062268,0.3504977686234123
InternVL3.5-4B,A5,0.3,0.15564364698518673,0.08662131519274377,0.9503916449086162,0.51850648005068,0.15880274371232592
InternVL3.5-4B,A5,0.4,0.15939912372209472,0.08697632058287796,0.9526184538653366,0.5197973872241073,0.15939912372209472
InternVL3.5-4B,A5,0.5,0.16628416440642604,0.0874454900160661,0.9541284403669725,0.5207869651915193,0.1601513240857503
InternVL3.5-4B,A5,0.6,0.185061548090966,0.08871157005397794,0.956766917293233,0.5227392436736055,0.16216216216216217
InternVL3.5-4B,A5,0.7,0.22052993949509703,0.08816991849839466,0.9408602150537635,0.514515066776079,0.1604494382022472
InternVL3.5-14B,A1,0.3,0.8701627486437613,0.9209478295499801,0.36811023622047245,0.6445290328852262,0.9279695024077047
InternVL3.5-14B,A1,0.4,0.8687160940325497,0.9225070084100921,0.3675373134328358,0.6450221609214639,0.9269617706237424
InternVL3.5-14B,A1,0.5,0.8645569620253165,0.9241964827167981,0.3584905660377358,0.6413435243772669,0.9242899019508743
InternVL3.5-14B,A1,0.6,0.8488245931283906,0.9254658385093167,0.32,0.6227329192546583,0.9144844517184942
InternVL3.5-14B,A1,0.7,0.8155515370705244,0.929352580927384,0.27244258872651356,0.6008975848269488,0.8928346291237655
InternVL3.5-14B,A2,0.3,0.8936052921719956,0.9523809523809523,0.294238683127572,0.6233098177542622,0.942209801377383
InternVL3.5-14B,A2,0.4,0.8914002205071665,0.9533657745336578,0.29215686274509806,0.6227613186393779,0.9408704352176088
InternVL3.5-14B,A2,0.5,0.8869900771775082,0.9549918166939444,0.2870036101083033,0.6209977134011239,0.9381971661139584
InternVL3.5-14B,A2,0.6,0.8682469680264608,0.9551738583996648,0.2470059880239521,0.6010899232118084,0.9271119243671851
InternVL3.5-14B,A2,0.7,0.8291069459757442,0.9570891395708914,0.2008686210640608,0.5789788803174761,0.9029632721202003
InternVL3.5-14B,A3,0.3,0.884922073214933,0.937799043062201,0.3565737051792829,0.647186374120742,0.9367718809120781
InternVL3.5-14B,A3,0.4,0.8838347227256252,0.9394789579158317,0.35795454545454547,0.6487167516851886,0.9360087850653889
InternVL3.5-14B,A3,0.5,0.8796665458499456,0.9413311753995549,0.34956521739130436,0.6454481963954296,0.9334002006018054
InternVL3.5-14B,A3,0.6,0.8619064878579196,0.9416028163180783,0.3033381712626996,0.6224704937903889,0.9226866883116883
InternVL3.5-14B,A3,0.7,0.8252990213845596,0.9446268330050339,0.2507903055848261,0.59770856929493,0.8995414756148395
InternVL3.5-14B,A4,0.3,0.8619436875567665,0.9012,0.47326732673267324,0.6872336633663366,0.9222267703643062
InternVL3.5-14B,A4,0.4,0.8608537693006358,0.902532154340836,0.46880907372400754,0.6856706140324218,0.9214197784160854
InternVL3.5-14B,A4,0.5,0.8594005449591281,0.9054766734279919,0.4643478260869565,0.6849122497574742,0.9202226345083488
InternVL3.5-14B,A4,0.6,0.8475930971843778,0.908411214953271,0.42318840579710143,0.6657998103751862,0.9124856576614165
InternVL3.5-14B,A4,0.7,0.8198001816530427,0.9142919772029812,0.36267232237539765,0.6384821497891894,0.8937218770087851
InternVL3.5-14B,A5,0.3,0.731175836030205,0.7477498269097623,0.49337748344370863,0.6205636551767355,0.838726378462335
InternVL3.5-14B,A5,0.4,0.7313915857605178,0.7487262621584067,0.4952681388012618,0.6219972004798342,0.838542342108676
InternVL3.5-14B,A5,0.5,0.7294498381877023,0.7490104772991851,0.4823529411764706,0.6156817092378278,0.836888657648283
InternVL3.5-14B,A5,0.6,0.721898597626753,0.7501188777936282,0.44522144522144524,0.5976701615075367,0.8303724174233452
InternVL3.5-14B,A5,0.7,0.7083063646170442,0.7544253303415607,0.41185897435897434,0.5831421523502676,0.8173960021609941
