category,rank_in_category,pool_size,n_at_max_score,selection_score,sample_id,image_id,matched_gt,max_iou,yolo_confidence,semantic_label,unmatched_reason_geometric,n_R,n_U,n_Ur,mean_vote_entropy,n_models_A2_ne_A5,votes_A1,votes_A2,votes_A3,votes_A4,votes_A5,image_A1,image_A2,image_A3,image_A4,image_A5,n_categories_for_sample
consensus_reliable,1,369,369,35.0,sample_000259,100_0003_0009_3,True,0.9704,0.862293541431427,not_reviewed,,35,0,0,0.0,0,RRRRRRR,RRRRRRR,RRRRRRR,RRRRRRR,RRRRRRR,outputs/verification_dataset/images/sample_000259.png,outputs/verification_dataset/images/sample_000259.png,outputs/verification_dataset/images/sample_000259.png,outputs/verification_ablation_5747/A4_overlay_crop_confidence/images/sample_000259.png,outputs/verification_ablation_5747/A5_crop_only/images/sample_000259.png,1
consensus_reliable,2,369,369,35.0,sample_002360,100_0003_0044_7,True,0.9475,0.890051007270813,not_reviewed,,35,0,0,0.0,0,RRRRRRR,RRRRRRR,RRRRRRR,RRRRRRR,RRRRRRR,outputs/verification_dataset/images/sample_002360.png,outputs/verification_dataset/images/sample_002360.png,outputs/verification_dataset/images/sample_002360.png,outputs/verification_ablation_5747/A4_overlay_crop_confidence/images/sample_002360.png,outputs/verification_ablation_5747/A5_crop_only/images/sample_002360.png,1
consensus_reliable,3,369,369,35.0,sample_004168,100_0003_0171_4,True,0.9185,0.8942747116088867,not_reviewed,,35,0,0,0.0,0,RRRRRRR,RRRRRRR,RRRRRRR,RRRRRRR,RRRRRRR,outputs/verification_dataset/images/sample_004168.png,outputs/verification_dataset/images/sample_004168.png,outputs/verification_dataset/images/sample_004168.png,outputs/verification_ablation_5747/A4_overlay_crop_confidence/images/sample_004168.png,outputs/verification_ablation_5747/A5_crop_only/images/sample_004168.png,1
consensus_reliable,4,369,369,35.0,sample_001208,100_0003_0026_4,True,0.9213,0.9037105441093444,not_reviewed,,35,0,0,0.0,0,RRRRRRR,RRRRRRR,RRRRRRR,RRRRRRR,RRRRRRR,outputs/verification_dataset/images/sample_001208.png,outputs/verification_dataset/images/sample_001208.png,outputs/verification_dataset/images/sample_001208.png,outputs/verification_ablation_5747/A4_overlay_crop_confidence/images/sample_001208.png,outputs/verification_ablation_5747/A5_crop_only/images/sample_001208.png,1
consensus_reliable,5,369,369,35.0,sample_004141,100_0003_0170_2,True,0.8384,0.8518926501274109,not_reviewed,,35,0,0,0.0,0,RRRRRRR,RRRRRRR,RRRRRRR,RRRRRRR,RRRRRRR,outputs/verification_dataset/images/sample_004141.png,outputs/verification_dataset/images/sample_004141.png,outputs/verification_dataset/images/sample_004141.png,outputs/verification_ablation_5747/A4_overlay_crop_confidence/images/sample_004141.png,outputs/verification_ablation_5747/A5_crop_only/images/sample_004141.png,1
consensus_reliable,6,369,369,35.0,sample_001191,100_0003_0026_3,True,0.9417,0.9123098850250244,not_reviewed,,35,0,0,0.0,0,RRRRRRR,RRRRRRR,RRRRRRR,RRRRRRR,RRRRRRR,outputs/verification_dataset/images/sample_001191.png,outputs/verification_dataset/images/sample_001191.png,outputs/verification_dataset/images/sample_001191.png,outputs/verification_ablation_5747/A4_overlay_crop_confidence/images/sample_001191.png,outputs/verification_ablation_5747/A5_crop_only/images/sample_001191.png,1
consensus_reliable,7,369,369,35.0,sample_004055,100_0003_0167_3,True,0.9165,0.9090482592582704,not_reviewed,,35,0,0,0.0,0,RRRRRRR,RRRRRRR,RRRRRRR,RRRRRRR,RRRRRRR,outputs/verification_dataset/images/sample_004055.png,outputs/verification_dataset/images/sample_004055.png,outputs/verification_dataset/images/sample_004055.png,outputs/verification_ablation_5747/A4_overlay_crop_confidence/images/sample_004055.png,outputs/verification_ablation_5747/A5_crop_only/images/sample_004055.png,1
consensus_reliable,8,369,369,35.0,sample_004615,100_0003_0204_2,True,0.9789,0.8976689577102661,not_reviewed,,35,0,0,0.0,0,RRRRRRR,RRRRRRR,RRRRRRR,RRRRRRR,RRRRRRR,outputs/verification_dataset/images/sample_004615.png,outputs/verification_dataset/images/sample_004615.png,outputs/verification_dataset/images/sample_004615.png,outputs/verification_ablation_5747/A4_overlay_crop_confidence/images/sample_004615.png,outputs/verification_ablation_5747/A5_crop_only/images/sample_004615.png,1
consensus_reliable,9,369,369,35.0,sample_001257,100_0003_0027_1,True,0.9522,0.8895297646522522,not_reviewed,,35,0,0,0.0,0,RRRRRRR,RRRRRRR,RRRRRRR,RRRRRRR,RRRRRRR,outputs/verification_dataset/images/sample_001257.png,outputs/verification_dataset/images/sample_001257.png,outputs/verification_dataset/images/sample_001257.png,outputs/verification_ablation_5747/A4_overlay_crop_confidence/images/sample_001257.png,outputs/verification_ablation_5747/A5_crop_only/images/sample_001257.png,1
consensus_reliable,10,369,369,35.0,sample_002602,100_0003_0060_2,True,0.9389,0.8967229127883911,not_reviewed,,35,0,0,0.0,0,RRRRRRR,RRRRRRR,RRRRRRR,RRRRRRR,RRRRRRR,outputs/verification_dataset/images/sample_002602.png,outputs/verification_dataset/images/sample_002602.png,outputs/verification_dataset/images/sample_002602.png,outputs/verification_ablation_5747/A4_overlay_crop_confidence/images/sample_002602.png,outputs/verification_ablation_5747/A5_crop_only/images/sample_002602.png,1
consensus_unreliable,1,5747,2,31.0,sample_004739,100_0003_0209_7,False,0.0,0.5258845686912537,ambiguous,no_overlap,0,4,31,0.47333822286586197,2,UXXXXXX,UXXXXXX,UXXXXXX,XXXXXXX,XXXUXXX,outputs/verification_dataset/images/sample_004739.png,outputs/verification_dataset/images/sample_004739.png,outputs/verification_dataset/images/sample_004739.png,outputs/verification_ablation_5747/A4_overlay_crop_confidence/images/sample_004739.png,outputs/verification_ablation_5747/A5_crop_only/images/sample_004739.png,2
consensus_unreliable,2,5747,2,31.0,sample_000077,100_0003_0003_7,False,0.2588,0.5671615600585938,ambiguous,partial_overlap,1,3,31,0.4664360822891143,3,XXXXXXX,UXXXXXR,UXXXXXX,XXXXXXX,XXXUXXX,outputs/verification_dataset/images/sample_000077.png,outputs/verification_dataset/images/sample_000077.png,outputs/verification_dataset/images/sample_000077.png,outputs/verification_ablation_5747/A4_overlay_crop_confidence/images/sample_000077.png,outputs/verification_ablation_5747/A5_crop_only/images/sample_000077.png,2
consensus_unreliable,3,5747,2,30.0,sample_005546,100_0003_0350_4,True,0.8566,0.8125334978103638,not_reviewed,,2,3,30,0.5847706380055798,3,XXXXXXX,XXXXXRX,UXXXXXX,XXXUXXX,XXXUXXR,outputs/verification_dataset/images/sample_005546.png,outputs/verification_dataset/images/sample_005546.png,outputs/verification_dataset/images/sample_005546.png,outputs/verification_ablation_5747/A4_overlay_crop_confidence/images/sample_005546.png,outputs/verification_ablation_5747/A5_crop_only/images/sample_005546.png,1
consensus_unreliable,4,5747,2,30.0,sample_004284,100_0003_0194_6,False,0.0,0.5170609354972839,palm,no_overlap,0,5,30,0.5916727785823275,2,UXXXXXX,UXXXXXX,UXXXXXX,XXXUXXX,XXXUXXX,outputs/verification_dataset/images/sample_004284.png,outputs/verification_dataset/images/sample_004284.png,outputs/verification_dataset/images/sample_004284.png,outputs/verification_ablation_5747/A4_overlay_crop_confidence/images/sample_004284.png,outputs/verification_ablation_5747/A5_crop_only/images/sample_004284.png,1
consensus_unreliable,5,5747,2,29.0,sample_001757,100_0003_0032_5,True,0.6567,0.6596484184265137,not_reviewed,,0,6,29,0.5819173388595834,1,XXXXXXX,UXXUXXX,UXXUXXX,XXXUXXX,XXXUXXX,outputs/verification_dataset/images/sample_001757.png,outputs/verification_dataset/images/sample_001757.png,outputs/verification_dataset/images/sample_001757.png,outputs/verification_ablation_5747/A4_overlay_crop_confidence/images/sample_001757.png,outputs/verification_ablation_5747/A5_crop_only/images/sample_001757.png,1
consensus_unreliable,6,5747,2,29.0,sample_003250,100_0003_0072_3,False,0.0,0.6944994926452637,palm,no_overlap,1,5,29,0.7031051937220453,1,XXXUXXX,XRXUXXX,XXXUXXX,XXXUXXX,XXXUXXX,outputs/verification_dataset/images/sample_003250.png,outputs/verification_dataset/images/sample_003250.png,outputs/verification_dataset/images/sample_003250.png,outputs/verification_ablation_5747/A4_overlay_crop_confidence/images/sample_003250.png,outputs/verification_ablation_5747/A5_crop_only/images/sample_003250.png,1
consensus_unreliable,7,5747,2,29.0,sample_001234,100_0003_0026_6,False,0.0,0.6677570939064026,palm,no_overlap,4,2,29,0.6390601960024405,3,XXXXXXR,UXXXXXR,RXXXXXR,XXXXXXX,XXXUXXX,outputs/verification_dataset/images/sample_001234.png,outputs/verification_dataset/images/sample_001234.png,outputs/verification_dataset/images/sample_001234.png,outputs/verification_ablation_5747/A4_overlay_crop_confidence/images/sample_001234.png,outputs/verification_ablation_5747/A5_crop_only/images/sample_001234.png,1
consensus_unreliable,8,5747,2,28.0,sample_004307,100_0003_0197_6,False,0.0,0.6106213331222534,palm,no_overlap,0,7,28,0.7002518945760489,1,UXXUXXX,UXXUXXX,UXXXXXX,XXXUXXX,XXXUXXX,outputs/verification_dataset/images/sample_004307.png,outputs/verification_dataset/images/sample_004307.png,outputs/verification_dataset/images/sample_004307.png,outputs/verification_ablation_5747/A4_overlay_crop_confidence/images/sample_004307.png,outputs/verification_ablation_5747/A5_crop_only/images/sample_004307.png,1
consensus_unreliable,9,5747,2,28.0,sample_000130,100_0003_0005_7,False,0.0,0.5422985553741455,ambiguous,no_overlap,2,5,28,0.7490949215630971,2,UXXXXXX,UXXXXXX,UXXXXXX,URXXXXR,XXXUXXX,outputs/verification_dataset/images/sample_000130.png,outputs/verification_dataset/images/sample_000130.png,outputs/verification_dataset/images/sample_000130.png,outputs/verification_ablation_5747/A4_overlay_crop_confidence/images/sample_000130.png,outputs/verification_ablation_5747/A5_crop_only/images/sample_000130.png,2
consensus_unreliable,10,5747,2,28.0,sample_001808,100_0003_0034_2,True,0.8099,0.675133466720581,not_reviewed,,0,7,28,0.636206896856444,2,XXXXXXX,UXXUXXX,UXXXXXX,UXXUXXX,XXXUUXX,outputs/verification_dataset/images/sample_001808.png,outputs/verification_dataset/images/sample_001808.png,outputs/verification_dataset/images/sample_001808.png,outputs/verification_ablation_5747/A4_overlay_crop_confidence/images/sample_001808.png,outputs/verification_ablation_5747/A5_crop_only/images/sample_001808.png,1
high_disagreement,1,5747,25,1.5566567074628228,sample_003020,100_0003_0068_5,True,0.69,0.73460453748703,not_reviewed,,12,11,12,1.5566567074628228,4,URXURXR,URXURXR,URXUXXR,URXUXXR,RUUUXXR,outputs/verification_dataset/images/sample_003020.png,outputs/verification_dataset/images/sample_003020.png,outputs/verification_dataset/images/sample_003020.png,outputs/verification_ablation_5747/A4_overlay_crop_confidence/images/sample_003020.png,outputs/verification_ablation_5747/A5_crop_only/images/sample_003020.png,1
high_disagreement,2,5747,25,1.5566567074628228,sample_003386,100_0003_0074_5,True,0.8368,0.7178478837013245,not_reviewed,,14,11,10,1.5566567074628228,3,URXUXRR,URXUXRR,URXUXRR,URXUXRR,XUUUXRR,outputs/verification_dataset/images/sample_003386.png,outputs/verification_dataset/images/sample_003386.png,outputs/verification_dataset/images/sample_003386.png,outputs/verification_ablation_5747/A4_overlay_crop_confidence/images/sample_003386.png,outputs/verification_ablation_5747/A5_crop_only/images/sample_003386.png,1
high_disagreement,3,5747,25,1.5566567074628228,sample_005408,100_0003_0318_7,True,0.7451,0.5355621576309204,not_reviewed,,11,11,13,1.5566567074628228,6,URXUXRX,URXUXRX,URXUXRX,URRUXXR,XUUURXR,outputs/verification_dataset/images/sample_005408.png,outputs/verification_dataset/images/sample_005408.png,outputs/verification_dataset/images/sample_005408.png,outputs/verification_ablation_5747/A4_overlay_crop_confidence/images/sample_005408.png,outputs/verification_ablation_5747/A5_crop_only/images/sample_005408.png,2
high_disagreement,4,5747,25,1.5566567074628228,sample_003540,100_0003_0106_8,True,0.9481,0.5789344906806946,not_reviewed,,13,10,12,1.5566567074628228,2,URXUXRR,URXUXRR,URXUXRR,URXUXXR,XUXUXRR,outputs/verification_dataset/images/sample_003540.png,outputs/verification_dataset/images/sample_003540.png,outputs/verification_dataset/images/sample_003540.png,outputs/verification_ablation_5747/A4_overlay_crop_confidence/images/sample_003540.png,outputs/verification_ablation_5747/A5_crop_only/images/sample_003540.png,1
high_disagreement,5,5747,25,1.5566567074628228,sample_005239,100_0003_0289_4,True,0.889,0.802928626537323,not_reviewed,,11,13,11,1.5566567074628228,3,URUUXXR,URUUXXR,URXUXXR,URXURXR,UUXUXRR,outputs/verification_dataset/images/sample_005239.png,outputs/verification_dataset/images/sample_005239.png,outputs/verification_dataset/images/sample_005239.png,outputs/verification_ablation_5747/A4_overlay_crop_confidence/images/sample_005239.png,outputs/verification_ablation_5747/A5_crop_only/images/sample_005239.png,1
high_disagreement,6,5747,25,1.5566567074628228,sample_005708,100_0003_0386_8,True,0.7591,0.7611724138259888,not_reviewed,,12,13,10,1.5566567074628228,4,URUUXXR,RRUUXXR,RUUUXXR,URXURXR,UUXUXRR,outputs/verification_dataset/images/sample_005708.png,outputs/verification_dataset/images/sample_005708.png,outputs/verification_dataset/images/sample_005708.png,outputs/verification_ablation_5747/A4_overlay_crop_confidence/images/sample_005708.png,outputs/verification_ablation_5747/A5_crop_only/images/sample_005708.png,1
high_disagreement,7,5747,25,1.5566567074628228,sample_004595,100_0003_0203_8,True,0.8214,0.7378170490264893,not_reviewed,,11,11,13,1.5566567074628228,4,URXUXXR,RRUUXXR,URXUXXR,URUUXXR,XUXURXR,outputs/verification_dataset/images/sample_004595.png,outputs/verification_dataset/images/sample_004595.png,outputs/verification_dataset/images/sample_004595.png,outputs/verification_ablation_5747/A4_overlay_crop_confidence/images/sample_004595.png,outputs/verification_ablation_5747/A5_crop_only/images/sample_004595.png,1
high_disagreement,8,5747,25,1.5566567074628228,sample_004294,100_0003_0197_2,True,0.8124,0.7810303568840027,not_reviewed,,13,10,12,1.5566567074628228,4,URXURXR,URXURXR,URXURXR,URXUXXR,XUXUXRR,outputs/verification_dataset/images/sample_004294.png,outputs/verification_dataset/images/sample_004294.png,outputs/verification_dataset/images/sample_004294.png,outputs/verification_ablation_5747/A4_overlay_crop_confidence/images/sample_004294.png,outputs/verification_ablation_5747/A5_crop_only/images/sample_004294.png,1
high_disagreement,9,5747,25,1.5566567074628228,sample_004484,100_0003_0202_4,True,0.8998,0.8339768648147583,not_reviewed,,11,10,14,1.5566567074628228,3,URXUXXR,URXUXXR,URXUXXR,XRUURXR,XUXURXR,outputs/verification_dataset/images/sample_004484.png,outputs/verification_dataset/images/sample_004484.png,outputs/verification_dataset/images/sample_004484.png,outputs/verification_ablation_5747/A4_overlay_crop_confidence/images/sample_004484.png,outputs/verification_ablation_5747/A5_crop_only/images/sample_004484.png,1
high_disagreement,10,5747,25,1.5566567074628228,sample_005655,100_0003_0376_5,False,0.0961,0.5196453332901001,palm,partial_overlap,12,11,12,1.5566567074628228,2,UXXUXRR,URXUXRR,URXUXRR,URUUXXR,XUXUXRR,outputs/verification_dataset/images/sample_005655.png,outputs/verification_dataset/images/sample_005655.png,outputs/verification_dataset/images/sample_005655.png,outputs/verification_ablation_5747/A4_overlay_crop_confidence/images/sample_005655.png,outputs/verification_ablation_5747/A5_crop_only/images/sample_005655.png,1
strong_A2_to_A5_change,1,5747,3,7.0,sample_003365,100_0003_0074_2,False,0.0305,0.5931118130683899,palm,partial_overlap,16,8,11,1.2576740375568185,7,URXRRRR,URXRRRR,URXUXRR,XRXURXR,XUUUXXX,outputs/verification_dataset/images/sample_003365.png,outputs/verification_dataset/images/sample_003365.png,outputs/verification_dataset/images/sample_003365.png,outputs/verification_ablation_5747/A4_overlay_crop_confidence/images/sample_003365.png,outputs/verification_ablation_5747/A5_crop_only/images/sample_003365.png,1
strong_A2_to_A5_change,2,5747,3,7.0,sample_003555,100_0003_0107_3,True,0.9212,0.739969789981842,not_reviewed,,21,7,7,0.7841336673966499,7,URXURRR,RRRRRRR,RRRRRRR,URXURXR,XUUUXXX,outputs/verification_dataset/images/sample_003555.png,outputs/verification_dataset/images/sample_003555.png,outputs/verification_dataset/images/sample_003555.png,outputs/verification_ablation_5747/A4_overlay_crop_confidence/images/sample_003555.png,outputs/verification_ablation_5747/A5_crop_only/images/sample_003555.png,1
strong_A2_to_A5_change,3,5747,3,7.0,sample_002312,100_0003_0043_6,True,0.8761,0.612098217010498,not_reviewed,,17,5,13,1.02910260898539,7,RRXRXRR,RRXRXRR,RRXRXXR,RRXRUXX,XUUUUXX,outputs/verification_dataset/images/sample_002312.png,outputs/verification_dataset/images/sample_002312.png,outputs/verification_dataset/images/sample_002312.png,outputs/verification_ablation_5747/A4_overlay_crop_confidence/images/sample_002312.png,outputs/verification_ablation_5747/A5_crop_only/images/sample_002312.png,1
strong_A2_to_A5_change,4,5747,3,6.0,sample_001823,100_0003_0034_3,False,0.6072,0.5651984214782715,palm,iou_ge_0.5_lost_greedy,15,11,9,1.3356470647911203,6,XRXURRR,URXURRR,URXURRR,URXURXR,XUUUUXX,outputs/verification_dataset/images/sample_001823.png,outputs/verification_dataset/images/sample_001823.png,outputs/verification_dataset/images/sample_001823.png,outputs/verification_ablation_5747/A4_overlay_crop_confidence/images/sample_001823.png,outputs/verification_ablation_5747/A5_crop_only/images/sample_001823.png,1
strong_A2_to_A5_change,5,5747,3,6.0,sample_000145,100_0003_0006_4,True,0.6907,0.6712222695350647,not_reviewed,,14,7,14,1.4348092072773828,6,RXXURXR,RXXURXR,RXXURXR,XRXUXXR,XUURURR,outputs/verification_dataset/images/sample_000145.png,outputs/verification_dataset/images/sample_000145.png,outputs/verification_dataset/images/sample_000145.png,outputs/verification_ablation_5747/A4_overlay_crop_confidence/images/sample_000145.png,outputs/verification_ablation_5747/A5_crop_only/images/sample_000145.png,1
strong_A2_to_A5_change,6,5747,3,6.0,sample_005408,100_0003_0318_7,True,0.7451,0.5355621576309204,not_reviewed,,11,11,13,1.5566567074628228,6,URXUXRX,URXUXRX,URXUXRX,URRUXXR,XUUURXR,outputs/verification_dataset/images/sample_005408.png,outputs/verification_dataset/images/sample_005408.png,outputs/verification_dataset/images/sample_005408.png,outputs/verification_ablation_5747/A4_overlay_crop_confidence/images/sample_005408.png,outputs/verification_ablation_5747/A5_crop_only/images/sample_005408.png,2
strong_A2_to_A5_change,7,5747,3,6.0,sample_002402,100_0003_0045_4,True,0.8204,0.8577990531921387,not_reviewed,,27,5,3,0.5124258101301661,6,RRRURRR,RRRRRRR,RRRRRRR,RRRRRXR,XUUUUXR,outputs/verification_dataset/images/sample_002402.png,outputs/verification_dataset/images/sample_002402.png,outputs/verification_dataset/images/sample_002402.png,outputs/verification_ablation_5747/A4_overlay_crop_confidence/images/sample_002402.png,outputs/verification_ablation_5747/A5_crop_only/images/sample_002402.png,1
strong_A2_to_A5_change,8,5747,3,6.0,sample_003667,100_0003_0120_7,True,0.537,0.6165109276771545,not_reviewed,,20,8,7,0.893248680352148,6,URRURRR,RRRURRR,RRRURRR,URXURXR,XXXUUXX,outputs/verification_dataset/images/sample_003667.png,outputs/verification_dataset/images/sample_003667.png,outputs/verification_dataset/images/sample_003667.png,outputs/verification_ablation_5747/A4_overlay_crop_confidence/images/sample_003667.png,outputs/verification_ablation_5747/A5_crop_only/images/sample_003667.png,1
strong_A2_to_A5_change,9,5747,3,6.0,sample_003504,100_0003_0101_7,True,0.6618,0.5051081776618958,not_reviewed,,8,8,19,1.1706631359106248,6,RXXUXRR,RXXUXRR,RXXUXXR,XXXUXXX,XUUUUXX,outputs/verification_dataset/images/sample_003504.png,outputs/verification_dataset/images/sample_003504.png,outputs/verification_dataset/images/sample_003504.png,outputs/verification_ablation_5747/A4_overlay_crop_confidence/images/sample_003504.png,outputs/verification_ablation_5747/A5_crop_only/images/sample_003504.png,1
strong_A2_to_A5_change,10,5747,3,6.0,sample_002643,100_0003_0061_2,True,0.9274,0.8686123490333557,not_reviewed,,8,10,17,1.382374836888255,6,UXXUXRX,URXUXRX,UXXUXXX,URRUXXR,XUXRUXR,outputs/verification_dataset/images/sample_002643.png,outputs/verification_dataset/images/sample_002643.png,outputs/verification_dataset/images/sample_002643.png,outputs/verification_ablation_5747/A4_overlay_crop_confidence/images/sample_002643.png,outputs/verification_ablation_5747/A5_crop_only/images/sample_002643.png,1
abstention_heavy,1,5747,1,23.0,sample_000411,100_0003_0012_1,True,0.9117,0.7617568373680115,not_reviewed,,7,23,5,1.2408143099630202,1,URUUUXR,URUUUXR,UUUUUXR,UUUUUXR,UUUUUXR,outputs/verification_dataset/images/sample_000411.png,outputs/verification_dataset/images/sample_000411.png,outputs/verification_dataset/images/sample_000411.png,outputs/verification_ablation_5747/A4_overlay_crop_confidence/images/sample_000411.png,outputs/verification_ablation_5747/A5_crop_only/images/sample_000411.png,1
abstention_heavy,2,5747,1,20.0,sample_001333,100_0003_0027_7,False,0.0,0.6315681338310242,palm,no_overlap,8,20,7,1.2436676091090166,3,UUUUXRR,UUUUURR,UUUUUXX,URUUXXR,RUXUUXR,outputs/verification_dataset/images/sample_001333.png,outputs/verification_dataset/images/sample_001333.png,outputs/verification_dataset/images/sample_001333.png,outputs/verification_ablation_5747/A4_overlay_crop_confidence/images/sample_001333.png,outputs/verification_ablation_5747/A5_crop_only/images/sample_001333.png,1
abstention_heavy,3,5747,1,20.0,sample_002029,100_0003_0037_5,True,0.8036,0.6829983592033386,not_reviewed,,7,20,8,1.3223786805994013,1,UUUUUXR,UUUUUXR,RUUUUXR,XRXUUXR,UUXUUXR,outputs/verification_dataset/images/sample_002029.png,outputs/verification_dataset/images/sample_002029.png,outputs/verification_dataset/images/sample_002029.png,outputs/verification_ablation_5747/A4_overlay_crop_confidence/images/sample_002029.png,outputs/verification_ablation_5747/A5_crop_only/images/sample_002029.png,1
abstention_heavy,4,5747,1,19.0,sample_003595,100_0003_0112_4,True,0.7608,0.651324987411499,not_reviewed,,3,19,13,1.1293818948233025,4,UUUUXXX,UUUUUXX,UUUUUXX,URXUUXR,XUXUXXR,outputs/verification_dataset/images/sample_003595.png,outputs/verification_dataset/images/sample_003595.png,outputs/verification_dataset/images/sample_003595.png,outputs/verification_ablation_5747/A4_overlay_crop_confidence/images/sample_003595.png,outputs/verification_ablation_5747/A5_crop_only/images/sample_003595.png,1
abstention_heavy,5,5747,1,19.0,sample_000619,100_0003_0016_7,True,0.8445,0.7152559757232666,not_reviewed,,10,19,6,1.3683684084404533,2,UUUUXRR,UUUUXRR,UUUUXRR,RRUUXXR,UUUUUXR,outputs/verification_dataset/images/sample_000619.png,outputs/verification_dataset/images/sample_000619.png,outputs/verification_dataset/images/sample_000619.png,outputs/verification_ablation_5747/A4_overlay_crop_confidence/images/sample_000619.png,outputs/verification_ablation_5747/A5_crop_only/images/sample_000619.png,1
abstention_heavy,6,5747,1,19.0,sample_001662,100_0003_0031_4,True,0.8241,0.6086709499359131,not_reviewed,,5,19,11,1.3000724219957907,4,UUUUXRR,UUUUXXR,UUUUXXR,URUUUXX,XXUUUXX,outputs/verification_dataset/images/sample_001662.png,outputs/verification_dataset/images/sample_001662.png,outputs/verification_dataset/images/sample_001662.png,outputs/verification_ablation_5747/A4_overlay_crop_confidence/images/sample_001662.png,outputs/verification_ablation_5747/A5_crop_only/images/sample_001662.png,1
abstention_heavy,7,5747,1,19.0,sample_002521,100_0003_0055_3,True,0.5504,0.5415551662445068,not_reviewed,,13,19,3,1.175371622664354,3,RXUURRR,RUUUURR,RUUUURR,UUUUUXR,UUUURXR,outputs/verification_dataset/images/sample_002521.png,outputs/verification_dataset/images/sample_002521.png,outputs/verification_dataset/images/sample_002521.png,outputs/verification_ablation_5747/A4_overlay_crop_confidence/images/sample_002521.png,outputs/verification_ablation_5747/A5_crop_only/images/sample_002521.png,1
abstention_heavy,8,5747,1,19.0,sample_005698,100_0003_0386_2,False,0.4281,0.5838680267333984,palm,partial_overlap,5,19,11,1.162103238472635,4,UUUURRX,UUUUURX,UUUUUXX,XRUUUXR,XXXUUXX,outputs/verification_dataset/images/sample_005698.png,outputs/verification_dataset/images/sample_005698.png,outputs/verification_dataset/images/sample_005698.png,outputs/verification_ablation_5747/A4_overlay_crop_confidence/images/sample_005698.png,outputs/verification_ablation_5747/A5_crop_only/images/sample_005698.png,1
abstention_heavy,9,5747,1,19.0,sample_004172,100_0003_0171_4,True,0.8173,0.5712484121322632,not_reviewed,,7,19,9,1.2109462654596836,5,UUUUXRR,UUUUXRR,UUUUURR,URUUXXX,XXUUUXX,outputs/verification_dataset/images/sample_004172.png,outputs/verification_dataset/images/sample_004172.png,outputs/verification_dataset/images/sample_004172.png,outputs/verification_ablation_5747/A4_overlay_crop_confidence/images/sample_004172.png,outputs/verification_ablation_5747/A5_crop_only/images/sample_004172.png,1
abstention_heavy,10,5747,1,19.0,sample_002624,100_0003_0060_5,True,0.8251,0.8159276247024536,not_reviewed,,11,19,5,1.3140788504435925,2,RUUUUXR,RUUUURR,RUUUUXR,RUUURXR,XUUUUXR,outputs/verification_dataset/images/sample_002624.png,outputs/verification_dataset/images/sample_002624.png,outputs/verification_dataset/images/sample_002624.png,outputs/verification_ablation_5747/A4_overlay_crop_confidence/images/sample_002624.png,outputs/verification_ablation_5747/A5_crop_only/images/sample_002624.png,1
unmatched_semantic_palm:no_overlap,1,322,322,,sample_005512,100_0003_0345_1,False,0.0,0.5878898501396179,palm,no_overlap,11,5,19,1.2062377787059542,3,RXXXXRR,RXXUXRR,RXXUXRR,URXUXXR,XXXUXXX,outputs/verification_dataset/images/sample_005512.png,outputs/verification_dataset/images/sample_005512.png,outputs/verification_dataset/images/sample_005512.png,outputs/verification_ablation_5747/A4_overlay_crop_confidence/images/sample_005512.png,outputs/verification_ablation_5747/A5_crop_only/images/sample_005512.png,1
unmatched_semantic_palm:no_overlap,2,322,322,,sample_003870,100_0003_0143_7,False,0.0,0.6890602707862854,palm,no_overlap,7,10,18,1.342091707339196,3,UXXUXRR,UXXUXRR,UXXUXRR,UUXUXXR,XXXUXXX,outputs/verification_dataset/images/sample_003870.png,outputs/verification_dataset/images/sample_003870.png,outputs/verification_dataset/images/sample_003870.png,outputs/verification_ablation_5747/A4_overlay_crop_confidence/images/sample_003870.png,outputs/verification_ablation_5747/A5_crop_only/images/sample_003870.png,1
unmatched_semantic_palm:no_overlap,3,322,322,,sample_003981,100_0003_0159_4,False,0.0,0.7934480309486389,palm,no_overlap,16,5,14,1.4348092072773828,3,UXXRXRR,RXXUXRR,RXXUXRR,RRXUXRR,XUXRXRR,outputs/verification_dataset/images/sample_003981.png,outputs/verification_dataset/images/sample_003981.png,outputs/verification_dataset/images/sample_003981.png,outputs/verification_ablation_5747/A4_overlay_crop_confidence/images/sample_003981.png,outputs/verification_ablation_5747/A5_crop_only/images/sample_003981.png,1
unmatched_semantic_palm:no_overlap,4,322,322,,sample_002431,100_0003_0050_1,False,0.0,0.7659878134727478,palm,no_overlap,7,13,15,1.463939207524636,4,URXUXRX,URXUXRX,URXUXXX,UUXUXXR,UUXUUXR,outputs/verification_dataset/images/sample_002431.png,outputs/verification_dataset/images/sample_002431.png,outputs/verification_dataset/images/sample_002431.png,outputs/verification_ablation_5747/A4_overlay_crop_confidence/images/sample_002431.png,outputs/verification_ablation_5747/A5_crop_only/images/sample_002431.png,1
unmatched_semantic_palm:partial_overlap,1,272,272,,sample_004492,100_0003_0202_4,False,0.4345,0.6074494123458862,palm,partial_overlap,8,11,16,1.406796350381779,6,UXXUXRR,UXXUXRR,UXXUXRR,XRXUXXR,XUUUUXX,outputs/verification_dataset/images/sample_004492.png,outputs/verification_dataset/images/sample_004492.png,outputs/verification_dataset/images/sample_004492.png,outputs/verification_ablation_5747/A4_overlay_crop_confidence/images/sample_004492.png,outputs/verification_ablation_5747/A5_crop_only/images/sample_004492.png,1
unmatched_semantic_palm:partial_overlap,2,272,272,,sample_000891,100_0003_0022_4,False,0.4781,0.5699868202209473,palm,partial_overlap,13,10,12,1.5210820646674932,3,URXUXRR,URXUXRR,URXUXRR,XRXUXXR,XUXUURR,outputs/verification_dataset/images/sample_000891.png,outputs/verification_dataset/images/sample_000891.png,outputs/verification_dataset/images/sample_000891.png,outputs/verification_ablation_5747/A4_overlay_crop_confidence/images/sample_000891.png,outputs/verification_ablation_5747/A5_crop_only/images/sample_000891.png,1
unmatched_semantic_palm:partial_overlap,3,272,272,,sample_002616,100_0003_0060_4,False,0.1049,0.5903341174125671,palm,partial_overlap,12,9,14,1.3776663501345259,6,RXXUXRR,RXXUXRR,RXXUXRR,RRUUXXR,XUUUUXX,outputs/verification_dataset/images/sample_002616.png,outputs/verification_dataset/images/sample_002616.png,outputs/verification_dataset/images/sample_002616.png,outputs/verification_ablation_5747/A4_overlay_crop_confidence/images/sample_002616.png,outputs/verification_ablation_5747/A5_crop_only/images/sample_002616.png,1
unmatched_semantic_palm:iou_ge_0.5_lost_greedy,1,25,25,,sample_005178,100_0003_0280_7,False,0.6501,0.562190592288971,palm,iou_ge_0.5_lost_greedy,10,11,14,1.406796350381779,3,RXXURRR,UUXURXR,RUXURXX,URXUXXR,XUXUUXX,outputs/verification_dataset/images/sample_005178.png,outputs/verification_dataset/images/sample_005178.png,outputs/verification_dataset/images/sample_005178.png,outputs/verification_ablation_5747/A4_overlay_crop_confidence/images/sample_005178.png,outputs/verification_ablation_5747/A5_crop_only/images/sample_005178.png,1
unmatched_semantic_palm:iou_ge_0.5_lost_greedy,2,25,25,,sample_005642,100_0003_0370_2,False,0.5681,0.7925170660018921,palm,iou_ge_0.5_lost_greedy,27,5,3,0.5515133973944701,5,RRRRRRR,RRRRRRR,RRRRRRR,URXRRXR,XUUUURR,outputs/verification_dataset/images/sample_005642.png,outputs/verification_dataset/images/sample_005642.png,outputs/verification_dataset/images/sample_005642.png,outputs/verification_ablation_5747/A4_overlay_crop_confidence/images/sample_005642.png,outputs/verification_ablation_5747/A5_crop_only/images/sample_005642.png,1
unmatched_semantic_palm:iou_ge_0.5_lost_greedy,3,25,25,,sample_002910,100_0003_0066_6,False,0.5965,0.5415253043174744,palm,iou_ge_0.5_lost_greedy,14,10,11,1.463939207524636,3,UXXUXRR,RUXUXRR,RXXUXRR,URXRRXR,XUUUURR,outputs/verification_dataset/images/sample_002910.png,outputs/verification_dataset/images/sample_002910.png,outputs/verification_dataset/images/sample_002910.png,outputs/verification_ablation_5747/A4_overlay_crop_confidence/images/sample_002910.png,outputs/verification_ablation_5747/A5_crop_only/images/sample_002910.png,1
semantic_ambiguous,1,19,19,,sample_005373,100_0003_0312_8,False,0.0,0.6684033870697021,ambiguous,no_overlap,5,7,23,1.1433883232711042,2,RXXUXXX,RXXUXRX,RXXUXXX,UUXUXXR,XXXUXXX,outputs/verification_dataset/images/sample_005373.png,outputs/verification_dataset/images/sample_005373.png,outputs/verification_dataset/images/sample_005373.png,outputs/verification_ablation_5747/A4_overlay_crop_confidence/images/sample_005373.png,outputs/verification_ablation_5747/A5_crop_only/images/sample_005373.png,1
semantic_ambiguous,2,19,19,,sample_001111,100_0003_0025_3,False,0.0,0.553752064704895,ambiguous,no_overlap,2,9,24,1.015096180537588,1,UXXUXRX,UXXUXXX,UXXUXXX,URXUXXX,XXXUXXX,outputs/verification_dataset/images/sample_001111.png,outputs/verification_dataset/images/sample_001111.png,outputs/verification_dataset/images/sample_001111.png,outputs/verification_ablation_5747/A4_overlay_crop_confidence/images/sample_001111.png,outputs/verification_ablation_5747/A5_crop_only/images/sample_001111.png,1
semantic_ambiguous,3,19,19,,sample_001228,100_0003_0026_5,False,0.0,0.6436516046524048,ambiguous,no_overlap,19,3,13,1.02910260898539,5,RXXRXRR,RRXRXRR,RXXRXRR,RRXRRXR,XUXUUXR,outputs/verification_dataset/images/sample_001228.png,outputs/verification_dataset/images/sample_001228.png,outputs/verification_dataset/images/sample_001228.png,outputs/verification_ablation_5747/A4_overlay_crop_confidence/images/sample_001228.png,outputs/verification_ablation_5747/A5_crop_only/images/sample_001228.png,1
semantic_ambiguous,4,19,19,,sample_004379,100_0003_0200_3,False,0.0,0.5199733972549438,ambiguous,no_overlap,3,8,24,1.0722390376804452,2,UXXUXXR,UXXUXXR,UXXUXXX,XRXUXXX,XXXUXXX,outputs/verification_dataset/images/sample_004379.png,outputs/verification_dataset/images/sample_004379.png,outputs/verification_dataset/images/sample_004379.png,outputs/verification_ablation_5747/A4_overlay_crop_confidence/images/sample_004379.png,outputs/verification_ablation_5747/A5_crop_only/images/sample_004379.png,1
semantic_ambiguous,5,19,19,,sample_002462,100_0003_0051_8,False,0.0,0.5681682825088501,ambiguous,no_overlap,0,9,26,0.8088310105697702,1,UXXUXXX,UXXUXXX,UXXUXXX,XUXUXXX,XXXUXXX,outputs/verification_dataset/images/sample_002462.png,outputs/verification_dataset/images/sample_002462.png,outputs/verification_dataset/images/sample_002462.png,outputs/verification_ablation_5747/A4_overlay_crop_confidence/images/sample_002462.png,outputs/verification_ablation_5747/A5_crop_only/images/sample_002462.png,1
semantic_ambiguous,6,19,19,,sample_000402,100_0003_0011_7,False,0.0382,0.540458083152771,ambiguous,partial_overlap,9,11,15,1.4499327790768342,5,UXXURRR,UXXUXRR,UXXUXXR,XRXUXXR,XUUUUXR,outputs/verification_dataset/images/sample_000402.png,outputs/verification_dataset/images/sample_000402.png,outputs/verification_dataset/images/sample_000402.png,outputs/verification_ablation_5747/A4_overlay_crop_confidence/images/sample_000402.png,outputs/verification_ablation_5747/A5_crop_only/images/sample_000402.png,1
semantic_ambiguous,7,19,19,,sample_001217,100_0003_0026_4,False,0.0,0.5985954999923706,ambiguous,no_overlap,8,6,21,1.2249526939074853,3,UXXUXRR,RXXUXRR,RXXUXRX,XRXUXXX,XXXUXXX,outputs/verification_dataset/images/sample_001217.png,outputs/verification_dataset/images/sample_001217.png,outputs/verification_dataset/images/sample_001217.png,outputs/verification_ablation_5747/A4_overlay_crop_confidence/images/sample_001217.png,outputs/verification_ablation_5747/A5_crop_only/images/sample_001217.png,1
semantic_ambiguous,8,19,19,,sample_005041,100_0003_0256_1,False,0.0,0.5749632716178894,ambiguous,no_overlap,7,6,22,1.2213613505054057,2,RXXUXRX,RXXUXRX,RXXUXRX,URXUXXX,XXXUXXX,outputs/verification_dataset/images/sample_005041.png,outputs/verification_dataset/images/sample_005041.png,outputs/verification_dataset/images/sample_005041.png,outputs/verification_ablation_5747/A4_overlay_crop_confidence/images/sample_005041.png,outputs/verification_ablation_5747/A5_crop_only/images/sample_005041.png,1
semantic_ambiguous,9,19,19,,sample_000836,100_0003_0021_7,False,0.0,0.6986600756645203,ambiguous,no_overlap,2,8,25,0.9691064526965363,2,XXXUXRX,UXXUXRX,UXXUXXX,UXXUXXX,XXXUXXX,outputs/verification_dataset/images/sample_000836.png,outputs/verification_dataset/images/sample_000836.png,outputs/verification_dataset/images/sample_000836.png,outputs/verification_ablation_5747/A4_overlay_crop_confidence/images/sample_000836.png,outputs/verification_ablation_5747/A5_crop_only/images/sample_000836.png,1
semantic_ambiguous,10,19,19,,sample_004739,100_0003_0209_7,False,0.0,0.5258845686912537,ambiguous,no_overlap,0,4,31,0.47333822286586197,2,UXXXXXX,UXXXXXX,UXXXXXX,XXXXXXX,XXXUXXX,outputs/verification_dataset/images/sample_004739.png,outputs/verification_dataset/images/sample_004739.png,outputs/verification_dataset/images/sample_004739.png,outputs/verification_ablation_5747/A4_overlay_crop_confidence/images/sample_004739.png,outputs/verification_ablation_5747/A5_crop_only/images/sample_004739.png,2
semantic_ambiguous,11,19,19,,sample_002372,100_0003_0044_7,False,0.0,0.5522063970565796,ambiguous,no_overlap,7,14,14,1.4919520644202398,3,UXXUXRR,UUXUXRR,UUXUXRX,UUXUXXR,XUUUXXR,outputs/verification_dataset/images/sample_002372.png,outputs/verification_dataset/images/sample_002372.png,outputs/verification_dataset/images/sample_002372.png,outputs/verification_ablation_5747/A4_overlay_crop_confidence/images/sample_002372.png,outputs/verification_ablation_5747/A5_crop_only/images/sample_002372.png,1
semantic_ambiguous,12,19,19,,sample_000614,100_0003_0016_5,False,0.331,0.5929421782493591,ambiguous,partial_overlap,6,9,20,1.2709424217485372,3,UXXUXXR,UUXUXXR,RXXUXXR,URXUXXR,XXXUXXX,outputs/verification_dataset/images/sample_000614.png,outputs/verification_dataset/images/sample_000614.png,outputs/verification_dataset/images/sample_000614.png,outputs/verification_ablation_5747/A4_overlay_crop_confidence/images/sample_000614.png,outputs/verification_ablation_5747/A5_crop_only/images/sample_000614.png,1
semantic_ambiguous,13,19,19,,sample_000077,100_0003_0003_7,False,0.2588,0.5671615600585938,ambiguous,partial_overlap,1,3,31,0.4664360822891143,3,XXXXXXX,UXXXXXR,UXXXXXX,XXXXXXX,XXXUXXX,outputs/verification_dataset/images/sample_000077.png,outputs/verification_dataset/images/sample_000077.png,outputs/verification_dataset/images/sample_000077.png,outputs/verification_ablation_5747/A4_overlay_crop_confidence/images/sample_000077.png,outputs/verification_ablation_5747/A5_crop_only/images/sample_000077.png,2
semantic_ambiguous,14,19,19,,sample_000598,100_0003_0016_1,False,0.0,0.6025017499923706,ambiguous,no_overlap,12,10,13,1.5210820646674932,4,URXURXR,URXURXR,URXUXXR,XRXUXXR,XUXUURR,outputs/verification_dataset/images/sample_000598.png,outputs/verification_dataset/images/sample_000598.png,outputs/verification_dataset/images/sample_000598.png,outputs/verification_ablation_5747/A4_overlay_crop_confidence/images/sample_000598.png,outputs/verification_ablation_5747/A5_crop_only/images/sample_000598.png,1
semantic_ambiguous,15,19,19,,sample_000130,100_0003_0005_7,False,0.0,0.5422985553741455,ambiguous,no_overlap,2,5,28,0.7490949215630971,2,UXXXXXX,UXXXXXX,UXXXXXX,URXXXXR,XXXUXXX,outputs/verification_dataset/images/sample_000130.png,outputs/verification_dataset/images/sample_000130.png,outputs/verification_dataset/images/sample_000130.png,outputs/verification_ablation_5747/A4_overlay_crop_confidence/images/sample_000130.png,outputs/verification_ablation_5747/A5_crop_only/images/sample_000130.png,2
semantic_ambiguous,16,19,19,,sample_001727,100_0003_0032_2,False,0.0,0.6902490854263306,ambiguous,no_overlap,8,10,17,1.3036637653978702,4,XXXXXRR,UXXUXRR,UXXUXRR,URXUXXR,UUXUUXX,outputs/verification_dataset/images/sample_001727.png,outputs/verification_dataset/images/sample_001727.png,outputs/verification_dataset/images/sample_001727.png,outputs/verification_ablation_5747/A4_overlay_crop_confidence/images/sample_001727.png,outputs/verification_ablation_5747/A5_crop_only/images/sample_001727.png,1
semantic_ambiguous,17,19,19,,sample_000206,100_0003_0008_2,False,0.0,0.5587510466575623,ambiguous,no_overlap,13,10,12,1.4995138503199654,4,URXUXRR,URXUXRR,RRXUXRR,URXUXXR,XUXUUXR,outputs/verification_dataset/images/sample_000206.png,outputs/verification_dataset/images/sample_000206.png,outputs/verification_dataset/images/sample_000206.png,outputs/verification_ablation_5747/A4_overlay_crop_confidence/images/sample_000206.png,outputs/verification_ablation_5747/A5_crop_only/images/sample_000206.png,1
semantic_ambiguous,18,19,19,,sample_001291,100_0003_0027_3,False,0.0,0.5034090876579285,ambiguous,no_overlap,5,7,23,1.0995138503199657,3,XXXUXRR,UXXUXRR,UXXUXRX,XXXUXXX,XXXUXXX,outputs/verification_dataset/images/sample_001291.png,outputs/verification_dataset/images/sample_001291.png,outputs/verification_dataset/images/sample_001291.png,outputs/verification_ablation_5747/A4_overlay_crop_confidence/images/sample_001291.png,outputs/verification_ablation_5747/A5_crop_only/images/sample_001291.png,1
semantic_ambiguous,19,19,19,,sample_001253,100_0003_0026_8,False,0.0,0.5211756825447083,ambiguous,no_overlap,4,7,24,1.0722390376804452,2,UXXUXRX,RXXUXRX,UXXUXXX,XRXUXXX,XXXUXXX,outputs/verification_dataset/images/sample_001253.png,outputs/verification_dataset/images/sample_001253.png,outputs/verification_dataset/images/sample_001253.png,outputs/verification_ablation_5747/A4_overlay_crop_confidence/images/sample_001253.png,outputs/verification_ablation_5747/A5_crop_only/images/sample_001253.png,1
