category,pilot_id,image_id,yolo_bbox_xywh,yolo_confidence,confidence_bin,geo_max_iou_labelme,in_5747_cohort,has_vlm_predictions
pilot_semantic_non_palm,cp_078,100_0003_0003_7,"[877.7358, 684.8898, 34.2642, 81.1056]",0.1264689713716507,"[0.10,0.20)",0.0,False,False
pilot_semantic_non_palm,cp_320,100_0003_0132_5,"[309.5901, 866.3612, 199.5383, 45.6388]",0.1997683942317962,"[0.10,0.20)",0.0,False,False
pilot_semantic_non_palm,cp_268,100_0003_0011_2,"[630.4598, 617.8743, 111.5938, 152.1526]",0.1567226201295852,"[0.10,0.20)",0.0196,False,False
pilot_semantic_non_palm,cp_036,100_0003_0029_7,"[641.1075, 0.0704, 192.2545, 82.5814]",0.1180440112948417,"[0.10,0.20)",0.0,False,False
pilot_semantic_non_palm,cp_278,100_0003_0030_4,"[0.0, 608.7181, 22.5836, 171.1432]",0.344569444656372,"[0.30,0.40)",0.0,False,False
pilot_semantic_non_palm,cp_113,100_0003_0370_2,"[0.6368, 0.0, 125.6454, 23.5421]",0.2193245142698288,"[0.20,0.30)",0.0,False,False
pilot_semantic_non_palm,cp_129,100_0003_0057_7,"[118.2879, 848.0937, 302.6339, 63.9063]",0.4706141054630279,"[0.40,0.50)",0.0,False,False
pilot_semantic_non_palm,cp_284,100_0003_0238_1,"[201.5125, 857.3462, 213.0104, 54.6061]",0.2129175662994384,"[0.20,0.30)",0.0,False,False
pilot_semantic_non_palm,cp_079,100_0003_0145_4,"[631.1851, 849.2756, 147.494, 62.7244]",0.2753559350967407,"[0.20,0.30)",0.0012,False,False
