model_key,display,condition,pred_dir,eval_dir,n_json,ids_unique,ids_match_filenames,ids_equal_cohort,n_missing_ids,n_extra_ids,n_parse_error,n_inference_error,n_invalid_decision,n_valid,parse_error_ids,diagnostic_raw_label_in_parse_errors,results_index_rows,results_index_all_ok,results_index_ids_equal,json_model_key_present,json_model_key_mismatch,json_condition_present,json_condition_mismatch,json_experiment_present,json_experiment_mismatch,model_name,checkpoint_revision,eval_rows,eval_ids_equal,eval_label_mismatches,eval_ablation_field_ok,eval_image_name_mismatches,metrics_json_mismatch,metrics_json_undefined_stored_as_zero,metrics_json_protocol,issues,status,analysed,usable,expected_status
qwen2_5_vl,Qwen2.5-VL-7B,A1,outputs/verification/qwen/20260708_0020/A1,outputs/evaluation_protocol_v2/qwen/20260708_0020/A1,5747,True,True,True,0.0,0.0,0.0,0.0,0.0,5747.0,,,5747.0,True,True,0.0,0.0,0.0,0.0,0.0,0.0,,,5747.0,True,0.0,True,0.0,,,v2,,full_clean,True,True,complete
qwen2_5_vl,Qwen2.5-VL-7B,A2,outputs/verification/qwen/20260708_0020/A2,outputs/evaluation_protocol_v2/qwen/20260708_0020/A2,5747,True,True,True,0.0,0.0,0.0,0.0,0.0,5747.0,,,5747.0,True,True,0.0,0.0,0.0,0.0,0.0,0.0,,,5747.0,True,0.0,True,0.0,,,v2,,full_clean,True,True,complete
qwen2_5_vl,Qwen2.5-VL-7B,A3,outputs/verification/qwen/20260708_0020/A3,outputs/evaluation_protocol_v2/qwen/20260708_0020/A3,5747,True,True,True,0.0,0.0,0.0,0.0,0.0,5747.0,,,5747.0,True,True,0.0,0.0,0.0,0.0,0.0,0.0,,,5747.0,True,0.0,True,0.0,,,v2,,full_clean,True,True,complete
qwen2_5_vl,Qwen2.5-VL-7B,A4,outputs/verification/qwen/20260708_0020/A4,outputs/evaluation_protocol_v2/qwen/20260708_0020/A4,5747,True,True,True,0.0,0.0,0.0,0.0,0.0,5747.0,,,5747.0,True,True,0.0,0.0,0.0,0.0,0.0,0.0,,,5747.0,True,0.0,True,0.0,,,v2,,full_clean,True,True,complete
qwen2_5_vl,Qwen2.5-VL-7B,A5,outputs/verification/qwen/20260708_0020/A5,outputs/evaluation_protocol_v2/qwen/20260708_0020/A5,5747,True,True,True,0.0,0.0,0.0,0.0,0.0,5747.0,,,5747.0,True,True,3162.0,0.0,3162.0,0.0,3162.0,0.0,/deac/csc/yangGrp/luoz23/models/Qwen2.5-VL-7B-Instruct,,5747.0,True,0.0,True,0.0,,,v2,,full_clean,True,True,complete
qwen3_vl,Qwen3-VL-8B,A1,outputs/verification/qwen3_vl/qwen3vl_A1A5_5747/A1,outputs/evaluation_protocol_v2/qwen3_vl/qwen3vl_A1A5_5747/A1,5747,True,True,True,0.0,0.0,0.0,0.0,0.0,5747.0,,,5747.0,True,True,5747.0,0.0,5747.0,0.0,5747.0,0.0,/deac/csc/yangGrp/luoz23/models/Qwen3-VL-8B-Instruct,,5747.0,True,0.0,True,0.0,,,v2,,full_clean,True,True,complete
qwen3_vl,Qwen3-VL-8B,A2,outputs/verification/qwen3_vl/qwen3vl_A1A5_5747/A2,outputs/evaluation_protocol_v2/qwen3_vl/qwen3vl_A1A5_5747/A2,5747,True,True,True,0.0,0.0,0.0,0.0,0.0,5747.0,,,5747.0,True,True,5747.0,0.0,5747.0,0.0,5747.0,0.0,/deac/csc/yangGrp/luoz23/models/Qwen3-VL-8B-Instruct,,5747.0,True,0.0,True,0.0,,,v2,,full_clean,True,True,complete
qwen3_vl,Qwen3-VL-8B,A3,outputs/verification/qwen3_vl/qwen3vl_A1A5_5747/A3,outputs/evaluation_protocol_v2/qwen3_vl/qwen3vl_A1A5_5747/A3,5747,True,True,True,0.0,0.0,0.0,0.0,0.0,5747.0,,,5747.0,True,True,5747.0,0.0,5747.0,0.0,5747.0,0.0,/deac/csc/yangGrp/luoz23/models/Qwen3-VL-8B-Instruct,,5747.0,True,0.0,True,0.0,,,v2,,full_clean,True,True,complete
qwen3_vl,Qwen3-VL-8B,A4,outputs/verification/qwen3_vl/qwen3vl_A1A5_5747/A4,outputs/evaluation_protocol_v2/qwen3_vl/qwen3vl_A1A5_5747/A4,5747,True,True,True,0.0,0.0,0.0,0.0,0.0,5747.0,,,5747.0,True,True,5747.0,0.0,5747.0,0.0,5747.0,0.0,/deac/csc/yangGrp/luoz23/models/Qwen3-VL-8B-Instruct,,5747.0,True,0.0,True,0.0,,,v2,,full_clean,True,True,complete
qwen3_vl,Qwen3-VL-8B,A5,outputs/verification/qwen3_vl/qwen3vl_A1A5_5747/A5,outputs/evaluation_protocol_v2/qwen3_vl/qwen3vl_A1A5_5747/A5,5747,True,True,True,0.0,0.0,0.0,0.0,0.0,5747.0,,,5747.0,True,True,5747.0,0.0,5747.0,0.0,5747.0,0.0,/deac/csc/yangGrp/luoz23/models/Qwen3-VL-8B-Instruct,,5747.0,True,0.0,True,0.0,,,v2,,full_clean,True,True,complete
qwen3_vl_4b,Qwen3-VL-4B,A1,outputs/verification/qwen3_vl_4b/20261001_qwen3_vl_4b_A1A5_5747/A1,outputs/evaluation_protocol_v2/qwen3_vl_4b/20261001_qwen3_vl_4b_A1A5_5747/A1,5747,True,True,True,0.0,0.0,0.0,0.0,0.0,5747.0,,,5747.0,True,True,5747.0,0.0,5747.0,0.0,5747.0,0.0,/deac/csc/yangGrp/luoz23/models/Qwen3-VL-4B-Instruct,ebb281ec70b05090aa6165b016eac8ec08e71b17,5747.0,True,0.0,True,0.0,,,v2,,full_clean,True,True,complete
qwen3_vl_4b,Qwen3-VL-4B,A2,outputs/verification/qwen3_vl_4b/20261001_qwen3_vl_4b_A1A5_5747/A2,outputs/evaluation_protocol_v2/qwen3_vl_4b/20261001_qwen3_vl_4b_A1A5_5747/A2,5747,True,True,True,0.0,0.0,0.0,0.0,0.0,5747.0,,,5747.0,True,True,5747.0,0.0,5747.0,0.0,5747.0,0.0,/deac/csc/yangGrp/luoz23/models/Qwen3-VL-4B-Instruct,ebb281ec70b05090aa6165b016eac8ec08e71b17,5747.0,True,0.0,True,0.0,,,v2,,full_clean,True,True,complete
qwen3_vl_4b,Qwen3-VL-4B,A3,outputs/verification/qwen3_vl_4b/20261001_qwen3_vl_4b_A1A5_5747/A3,outputs/evaluation_protocol_v2/qwen3_vl_4b/20261001_qwen3_vl_4b_A1A5_5747/A3,5747,True,True,True,0.0,0.0,0.0,0.0,0.0,5747.0,,,5747.0,True,True,5747.0,0.0,5747.0,0.0,5747.0,0.0,/deac/csc/yangGrp/luoz23/models/Qwen3-VL-4B-Instruct,ebb281ec70b05090aa6165b016eac8ec08e71b17,5747.0,True,0.0,True,0.0,,,v2,,full_clean,True,True,complete
qwen3_vl_4b,Qwen3-VL-4B,A4,outputs/verification/qwen3_vl_4b/20261001_qwen3_vl_4b_A1A5_5747/A4,outputs/evaluation_protocol_v2/qwen3_vl_4b/20261001_qwen3_vl_4b_A1A5_5747/A4,5747,True,True,True,0.0,0.0,0.0,0.0,0.0,5747.0,,,5747.0,True,True,5747.0,0.0,5747.0,0.0,5747.0,0.0,/deac/csc/yangGrp/luoz23/models/Qwen3-VL-4B-Instruct,ebb281ec70b05090aa6165b016eac8ec08e71b17,5747.0,True,0.0,True,0.0,,,v2,,full_clean,True,True,complete
qwen3_vl_4b,Qwen3-VL-4B,A5,outputs/verification/qwen3_vl_4b/20261001_qwen3_vl_4b_A1A5_5747/A5,outputs/evaluation_protocol_v2/qwen3_vl_4b/20261001_qwen3_vl_4b_A1A5_5747/A5,5747,True,True,True,0.0,0.0,0.0,0.0,0.0,5747.0,,,5747.0,True,True,5747.0,0.0,5747.0,0.0,5747.0,0.0,/deac/csc/yangGrp/luoz23/models/Qwen3-VL-4B-Instruct,ebb281ec70b05090aa6165b016eac8ec08e71b17,5747.0,True,0.0,True,0.0,,,v2,,full_clean,True,True,complete
internvl3_5_hf,InternVL3.5-8B,A1,outputs/verification/internvl3_5_hf/20260924_internvl3_5_hf_A1A5_5747/A1,outputs/evaluation_protocol_v2/internvl3_5_hf/20260924_internvl3_5_hf_A1A5_5747/A1,5747,True,True,True,0.0,0.0,0.0,0.0,0.0,5747.0,,,5747.0,True,True,5747.0,0.0,5747.0,0.0,5747.0,0.0,/deac/csc/yangGrp/luoz23/models/InternVL3_5-8B-HF,,5747.0,True,0.0,True,0.0,,,v2,,full_clean,True,True,complete
internvl3_5_hf,InternVL3.5-8B,A2,outputs/verification/internvl3_5_hf/20260924_internvl3_5_hf_A1A5_5747/A2,outputs/evaluation_protocol_v2/internvl3_5_hf/20260924_internvl3_5_hf_A1A5_5747/A2,5747,True,True,True,0.0,0.0,0.0,0.0,0.0,5747.0,,,5747.0,True,True,5747.0,0.0,5747.0,0.0,5747.0,0.0,/deac/csc/yangGrp/luoz23/models/InternVL3_5-8B-HF,,5747.0,True,0.0,True,0.0,,,v2,,full_clean,True,True,complete
internvl3_5_hf,InternVL3.5-8B,A3,outputs/verification/internvl3_5_hf/20260924_internvl3_5_hf_A1A5_5747/A3,outputs/evaluation_protocol_v2/internvl3_5_hf/20260924_internvl3_5_hf_A1A5_5747/A3,5747,True,True,True,0.0,0.0,0.0,0.0,0.0,5747.0,,,5747.0,True,True,5747.0,0.0,5747.0,0.0,5747.0,0.0,/deac/csc/yangGrp/luoz23/models/InternVL3_5-8B-HF,,5747.0,True,0.0,True,0.0,,,v2,,full_clean,True,True,complete
internvl3_5_hf,InternVL3.5-8B,A4,outputs/verification/internvl3_5_hf/20260924_internvl3_5_hf_A1A5_5747/A4,outputs/evaluation_protocol_v2/internvl3_5_hf/20260924_internvl3_5_hf_A1A5_5747/A4,5747,True,True,True,0.0,0.0,0.0,0.0,0.0,5747.0,,,5747.0,True,True,5747.0,0.0,5747.0,0.0,5747.0,0.0,/deac/csc/yangGrp/luoz23/models/InternVL3_5-8B-HF,,5747.0,True,0.0,True,0.0,,,v2,,full_clean,True,True,complete
internvl3_5_hf,InternVL3.5-8B,A5,outputs/verification/internvl3_5_hf/20260924_internvl3_5_hf_A1A5_5747/A5,outputs/evaluation_protocol_v2/internvl3_5_hf/20260924_internvl3_5_hf_A1A5_5747/A5,5747,True,True,True,0.0,0.0,0.0,0.0,0.0,5747.0,,,5747.0,True,True,5747.0,0.0,5747.0,0.0,5747.0,0.0,/deac/csc/yangGrp/luoz23/models/InternVL3_5-8B-HF,,5747.0,True,0.0,True,0.0,,,v2,,full_clean,True,True,complete
glm_4_6v_flash,GLM-4.6V-Flash,A1,outputs/verification/glm_4_6v_flash/20260919_glm46v_flash_A1A5_5747/A1,outputs/evaluation_protocol_v2/glm_4_6v_flash/20260919_glm46v_flash_A1A5_5747/A1,5747,True,True,True,0.0,0.0,0.0,0.0,0.0,5747.0,,,5747.0,True,True,5747.0,0.0,5747.0,0.0,5747.0,0.0,/deac/csc/yangGrp/luoz23/models/GLM-4.6V-Flash,,5747.0,True,0.0,True,0.0,,,v2,,full_clean,True,True,complete
glm_4_6v_flash,GLM-4.6V-Flash,A2,outputs/verification/glm_4_6v_flash/20260919_glm46v_flash_A1A5_5747/A2,outputs/evaluation_protocol_v2/glm_4_6v_flash/20260919_glm46v_flash_A1A5_5747/A2,5747,True,True,True,0.0,0.0,0.0,0.0,0.0,5747.0,,,5747.0,True,True,5747.0,0.0,5747.0,0.0,5747.0,0.0,/deac/csc/yangGrp/luoz23/models/GLM-4.6V-Flash,,5747.0,True,0.0,True,0.0,,,v2,,full_clean,True,True,complete
glm_4_6v_flash,GLM-4.6V-Flash,A3,outputs/verification/glm_4_6v_flash/20260919_glm46v_flash_A1A5_5747/A3,outputs/evaluation_protocol_v2/glm_4_6v_flash/20260919_glm46v_flash_A1A5_5747/A3,5747,True,True,True,0.0,0.0,0.0,0.0,0.0,5747.0,,,5747.0,True,True,5747.0,0.0,5747.0,0.0,5747.0,0.0,/deac/csc/yangGrp/luoz23/models/GLM-4.6V-Flash,,5747.0,True,0.0,True,0.0,,,v2,,full_clean,True,True,complete
glm_4_6v_flash,GLM-4.6V-Flash,A4,outputs/verification/glm_4_6v_flash/20260919_glm46v_flash_A1A5_5747/A4,outputs/evaluation_protocol_v2/glm_4_6v_flash/20260919_glm46v_flash_A1A5_5747/A4,5747,True,True,True,0.0,0.0,0.0,0.0,0.0,5747.0,,,5747.0,True,True,5747.0,0.0,5747.0,0.0,5747.0,0.0,/deac/csc/yangGrp/luoz23/models/GLM-4.6V-Flash,,5747.0,True,0.0,True,0.0,,,v2,,full_clean,True,True,complete
glm_4_6v_flash,GLM-4.6V-Flash,A5,outputs/verification/glm_4_6v_flash/20260919_glm46v_flash_A1A5_5747/A5,outputs/evaluation_protocol_v2/glm_4_6v_flash/20260919_glm46v_flash_A1A5_5747/A5,5747,True,True,True,0.0,0.0,0.0,0.0,0.0,5747.0,,,5747.0,True,True,5747.0,0.0,5747.0,0.0,5747.0,0.0,/deac/csc/yangGrp/luoz23/models/GLM-4.6V-Flash,,5747.0,True,0.0,True,0.0,,,v2,,full_clean,True,True,complete
phi4_multimodal,Phi-4-multimodal,A1,outputs/verification/phi4_multimodal/20260921_phi4_A1A5_5747/A1,outputs/evaluation_protocol_v2/phi4_multimodal/20260921_phi4_A1A5_5747/A1,5747,True,True,True,0.0,0.0,0.0,0.0,0.0,5747.0,,,5747.0,True,True,5747.0,0.0,5747.0,0.0,5747.0,0.0,/deac/csc/yangGrp/luoz23/models/Phi-4-multimodal-instruct,,5747.0,True,0.0,True,0.0,,,v2,,full_clean,True,True,complete
phi4_multimodal,Phi-4-multimodal,A2,outputs/verification/phi4_multimodal/20260921_phi4_A1A5_5747/A2,outputs/evaluation_protocol_v2/phi4_multimodal/20260921_phi4_A1A5_5747/A2,5747,True,True,True,0.0,0.0,0.0,0.0,0.0,5747.0,,,5747.0,True,True,5747.0,0.0,5747.0,0.0,5747.0,0.0,/deac/csc/yangGrp/luoz23/models/Phi-4-multimodal-instruct,,5747.0,True,0.0,True,0.0,,,v2,,full_clean,True,True,complete
phi4_multimodal,Phi-4-multimodal,A3,outputs/verification/phi4_multimodal/20260921_phi4_A1A5_5747/A3,outputs/evaluation_protocol_v2/phi4_multimodal/20260921_phi4_A1A5_5747/A3,5747,True,True,True,0.0,0.0,0.0,0.0,0.0,5747.0,,,5747.0,True,True,5747.0,0.0,5747.0,0.0,5747.0,0.0,/deac/csc/yangGrp/luoz23/models/Phi-4-multimodal-instruct,,5747.0,True,0.0,True,0.0,,,v2,,full_clean,True,True,complete
phi4_multimodal,Phi-4-multimodal,A4,outputs/verification/phi4_multimodal/20260921_phi4_A1A5_5747/A4,outputs/evaluation_protocol_v2/phi4_multimodal/20260921_phi4_A1A5_5747/A4,5747,True,True,True,0.0,0.0,0.0,0.0,0.0,5747.0,,,5747.0,True,True,5747.0,0.0,5747.0,0.0,5747.0,0.0,/deac/csc/yangGrp/luoz23/models/Phi-4-multimodal-instruct,,5747.0,True,0.0,True,0.0,,,v2,,full_clean,True,True,complete
phi4_multimodal,Phi-4-multimodal,A5,outputs/verification/phi4_multimodal/20260921_phi4_A1A5_5747/A5,outputs/evaluation_protocol_v2/phi4_multimodal/20260921_phi4_A1A5_5747/A5,5747,True,True,True,0.0,0.0,0.0,0.0,0.0,5747.0,,,5747.0,True,True,5747.0,0.0,5747.0,0.0,5747.0,0.0,/deac/csc/yangGrp/luoz23/models/Phi-4-multimodal-instruct,,5747.0,True,0.0,True,0.0,,,v2,,full_clean,True,True,complete
gemma4,Gemma-4-12B,A1,outputs/verification/gemma4/20260925_gemma4_A1A5_5747/A1,outputs/evaluation_protocol_v2/gemma4/20260925_gemma4_A1A5_5747/A1,5747,True,True,True,0.0,0.0,0.0,0.0,0.0,5747.0,,,5747.0,True,True,5747.0,0.0,5747.0,0.0,5747.0,0.0,/deac/csc/yangGrp/luoz23/models/gemma-4-12B-it,,5747.0,True,0.0,True,0.0,,,v2,,full_clean,True,True,complete
gemma4,Gemma-4-12B,A2,outputs/verification/gemma4/20260925_gemma4_A1A5_5747/A2,outputs/evaluation_protocol_v2/gemma4/20260925_gemma4_A1A5_5747/A2,5747,True,True,True,0.0,0.0,0.0,0.0,0.0,5747.0,,,5747.0,True,True,5747.0,0.0,5747.0,0.0,5747.0,0.0,/deac/csc/yangGrp/luoz23/models/gemma-4-12B-it,,5747.0,True,0.0,True,0.0,,,v2,,full_clean,True,True,complete
gemma4,Gemma-4-12B,A3,outputs/verification/gemma4/20260925_gemma4_A1A5_5747/A3,outputs/evaluation_protocol_v2/gemma4/20260925_gemma4_A1A5_5747/A3,5747,True,True,True,0.0,0.0,0.0,0.0,0.0,5747.0,,,5747.0,True,True,5747.0,0.0,5747.0,0.0,5747.0,0.0,/deac/csc/yangGrp/luoz23/models/gemma-4-12B-it,,5747.0,True,0.0,True,0.0,,,v2,,full_clean,True,True,complete
gemma4,Gemma-4-12B,A4,outputs/verification/gemma4/20260925_gemma4_A1A5_5747/A4,outputs/evaluation_protocol_v2/gemma4/20260925_gemma4_A1A5_5747/A4,5747,True,True,True,0.0,0.0,0.0,0.0,0.0,5747.0,,,5747.0,True,True,5747.0,0.0,5747.0,0.0,5747.0,0.0,/deac/csc/yangGrp/luoz23/models/gemma-4-12B-it,,5747.0,True,0.0,True,0.0,,,v2,,full_clean,True,True,complete
gemma4,Gemma-4-12B,A5,outputs/verification/gemma4/20260925_gemma4_A1A5_5747/A5,outputs/evaluation_protocol_v2/gemma4/20260925_gemma4_A1A5_5747/A5,5747,True,True,True,0.0,0.0,0.0,0.0,0.0,5747.0,,,5747.0,True,True,5747.0,0.0,5747.0,0.0,5747.0,0.0,/deac/csc/yangGrp/luoz23/models/gemma-4-12B-it,,5747.0,True,0.0,True,0.0,,,v2,,full_clean,True,True,complete
minicpm_v4_5,MiniCPM-V-4.5,A1,outputs/verification/minicpm_v4_5/20260923_minicpm_A1A5_5747/A1,outputs/evaluation_protocol_v2/minicpm_v4_5/20260923_minicpm_A1A5_5747/A1,5747,True,True,True,0.0,0.0,0.0,0.0,0.0,5747.0,,,5747.0,True,True,5747.0,0.0,5747.0,0.0,5747.0,0.0,/deac/csc/yangGrp/luoz23/models/MiniCPM-V-4_5,,5747.0,True,0.0,True,0.0,,,v2,,full_clean,True,True,A1-A3 complete; A4/A5 queued (Slurm 8365886-87)
minicpm_v4_5,MiniCPM-V-4.5,A2,outputs/verification/minicpm_v4_5/20260923_minicpm_A1A5_5747/A2,outputs/evaluation_protocol_v2/minicpm_v4_5/20260923_minicpm_A1A5_5747/A2,5747,True,True,True,0.0,0.0,0.0,0.0,0.0,5747.0,,,5747.0,True,True,5747.0,0.0,5747.0,0.0,5747.0,0.0,/deac/csc/yangGrp/luoz23/models/MiniCPM-V-4_5,daef484c35ec93210ec93c5e901f8f3e9b78ee34,5747.0,True,0.0,True,0.0,,,v2,,full_clean,True,True,A1-A3 complete; A4/A5 queued (Slurm 8365886-87)
minicpm_v4_5,MiniCPM-V-4.5,A3,outputs/verification/minicpm_v4_5/20260923_minicpm_A1A5_5747/A3,outputs/evaluation_protocol_v2/minicpm_v4_5/20260923_minicpm_A1A5_5747/A3,5747,True,True,True,0.0,0.0,0.0,0.0,0.0,5747.0,,,5747.0,True,True,5747.0,0.0,5747.0,0.0,5747.0,0.0,/deac/csc/yangGrp/luoz23/models/MiniCPM-V-4_5,daef484c35ec93210ec93c5e901f8f3e9b78ee34,5747.0,True,0.0,True,0.0,,,v2,,full_clean,True,True,A1-A3 complete; A4/A5 queued (Slurm 8365886-87)
minicpm_v4_5,MiniCPM-V-4.5,A4,outputs/verification/minicpm_v4_5/20260923_minicpm_A1A5_5747/A4,outputs/evaluation_protocol_v2/minicpm_v4_5/20260923_minicpm_A1A5_5747/A4,0,,,,,,,,,,,,,,,,,,,,,,,,,,,,,,,prediction directory absent,not_run,False,False,A1-A3 complete; A4/A5 queued (Slurm 8365886-87)
minicpm_v4_5,MiniCPM-V-4.5,A5,outputs/verification/minicpm_v4_5/20260923_minicpm_A1A5_5747/A5,outputs/evaluation_protocol_v2/minicpm_v4_5/20260923_minicpm_A1A5_5747/A5,0,,,,,,,,,,,,,,,,,,,,,,,,,,,,,,,prediction directory absent,not_run,False,False,A1-A3 complete; A4/A5 queued (Slurm 8365886-87)
molmo2_8b,Molmo2-8B,A1,outputs/verification/molmo2_8b/20260923_molmo2_A1A5_5747/A1,outputs/evaluation_protocol_v2/molmo2_8b/20260923_molmo2_A1A5_5747/A1,5747,True,True,True,0.0,0.0,0.0,0.0,0.0,5747.0,,,5747.0,True,True,5747.0,0.0,5747.0,0.0,5747.0,0.0,/deac/csc/yangGrp/luoz23/models/Molmo2-8B,,5747.0,True,0.0,True,0.0,,,v2,,full_clean,True,True,A1 complete; A2-A5 queued (Slurm 8365888-91)
molmo2_8b,Molmo2-8B,A2,outputs/verification/molmo2_8b/20260923_molmo2_A1A5_5747/A2,outputs/evaluation_protocol_v2/molmo2_8b/20260923_molmo2_A1A5_5747/A2,0,,,,,,,,,,,,,,,,,,,,,,,,,,,,,,,prediction directory absent,not_run,False,False,A1 complete; A2-A5 queued (Slurm 8365888-91)
molmo2_8b,Molmo2-8B,A3,outputs/verification/molmo2_8b/20260923_molmo2_A1A5_5747/A3,outputs/evaluation_protocol_v2/molmo2_8b/20260923_molmo2_A1A5_5747/A3,0,,,,,,,,,,,,,,,,,,,,,,,,,,,,,,,prediction directory absent,not_run,False,False,A1 complete; A2-A5 queued (Slurm 8365888-91)
molmo2_8b,Molmo2-8B,A4,outputs/verification/molmo2_8b/20260923_molmo2_A1A5_5747/A4,outputs/evaluation_protocol_v2/molmo2_8b/20260923_molmo2_A1A5_5747/A4,0,,,,,,,,,,,,,,,,,,,,,,,,,,,,,,,prediction directory absent,not_run,False,False,A1 complete; A2-A5 queued (Slurm 8365888-91)
molmo2_8b,Molmo2-8B,A5,outputs/verification/molmo2_8b/20260923_molmo2_A1A5_5747/A5,outputs/evaluation_protocol_v2/molmo2_8b/20260923_molmo2_A1A5_5747/A5,0,,,,,,,,,,,,,,,,,,,,,,,,,,,,,,,prediction directory absent,not_run,False,False,A1 complete; A2-A5 queued (Slurm 8365888-91)
qwen3_vl_2b,Qwen3-VL-2B,A1,outputs/verification/qwen3_vl_2b/20261001_qwen3_vl_2b_A1A5_5747/A1,outputs/evaluation_protocol_v2/qwen3_vl_2b/20261001_qwen3_vl_2b_A1A5_5747/A1,5747,True,True,True,0.0,0.0,0.0,0.0,0.0,5747.0,,,5747.0,True,True,5747.0,0.0,5747.0,0.0,5747.0,0.0,/deac/csc/yangGrp/luoz23/models/Qwen3-VL-2B-Instruct,89644892e4d85e24eaac8bacfd4f463576704203,5747.0,True,0.0,True,0.0,,,v2,,full_clean,True,True,complete; A3 and A5 each contain one parse error (see CONDITION_POLICY)
qwen3_vl_2b,Qwen3-VL-2B,A2,outputs/verification/qwen3_vl_2b/20261001_qwen3_vl_2b_A1A5_5747/A2,outputs/evaluation_protocol_v2/qwen3_vl_2b/20261001_qwen3_vl_2b_A1A5_5747/A2,5747,True,True,True,0.0,0.0,0.0,0.0,0.0,5747.0,,,5747.0,True,True,5747.0,0.0,5747.0,0.0,5747.0,0.0,/deac/csc/yangGrp/luoz23/models/Qwen3-VL-2B-Instruct,89644892e4d85e24eaac8bacfd4f463576704203,5747.0,True,0.0,True,0.0,,,v2,,full_clean,True,True,complete; A3 and A5 each contain one parse error (see CONDITION_POLICY)
qwen3_vl_2b,Qwen3-VL-2B,A3,outputs/verification/qwen3_vl_2b/20261001_qwen3_vl_2b_A1A5_5747/A3,outputs/evaluation_protocol_v2/qwen3_vl_2b/20261001_qwen3_vl_2b_A1A5_5747/A3,5747,True,True,True,0.0,0.0,1.0,0.0,1.0,5746.0,sample_000061,Reliable:1,5747.0,False,True,5747.0,0.0,5747.0,0.0,5747.0,0.0,/deac/csc/yangGrp/luoz23/models/Qwen3-VL-2B-Instruct,89644892e4d85e24eaac8bacfd4f463576704203,5747.0,True,0.0,True,0.0,,,v2,n_parse_error=1; n_invalid_decision=1; results_index marks exactly the parse-error IDs,partial,False,True,complete; A3 and A5 each contain one parse error (see CONDITION_POLICY)
qwen3_vl_2b,Qwen3-VL-2B,A4,outputs/verification/qwen3_vl_2b/20261001_qwen3_vl_2b_A1A5_5747/A4,outputs/evaluation_protocol_v2/qwen3_vl_2b/20261001_qwen3_vl_2b_A1A5_5747/A4,5747,True,True,True,0.0,0.0,0.0,0.0,0.0,5747.0,,,5747.0,True,True,5747.0,0.0,5747.0,0.0,5747.0,0.0,/deac/csc/yangGrp/luoz23/models/Qwen3-VL-2B-Instruct,89644892e4d85e24eaac8bacfd4f463576704203,5747.0,True,0.0,True,0.0,,,v2,,full_clean,True,True,complete; A3 and A5 each contain one parse error (see CONDITION_POLICY)
qwen3_vl_2b,Qwen3-VL-2B,A5,outputs/verification/qwen3_vl_2b/20261001_qwen3_vl_2b_A1A5_5747/A5,outputs/evaluation_protocol_v2/qwen3_vl_2b/20261001_qwen3_vl_2b_A1A5_5747/A5,5747,True,True,True,0.0,0.0,1.0,0.0,1.0,5746.0,sample_005495,Uncertain:1,5747.0,False,True,5747.0,0.0,5747.0,0.0,5747.0,0.0,/deac/csc/yangGrp/luoz23/models/Qwen3-VL-2B-Instruct,89644892e4d85e24eaac8bacfd4f463576704203,5747.0,True,0.0,True,0.0,,,v2,n_parse_error=1; n_invalid_decision=1; results_index marks exactly the parse-error IDs,partial,False,True,complete; A3 and A5 each contain one parse error (see CONDITION_POLICY)
qwen2_5_vl_3b,Qwen2.5-VL-3B,A1,outputs/verification/qwen2_5_vl_3b/20261002_qwen2_5_vl_3b_A1A5_5747/A1,outputs/evaluation_protocol_v2/qwen2_5_vl_3b/20261002_qwen2_5_vl_3b_A1A5_5747/A1,5747,True,True,True,0.0,0.0,0.0,0.0,0.0,5747.0,,,5747.0,True,True,5747.0,0.0,5747.0,0.0,5747.0,0.0,/deac/csc/yangGrp/luoz23/models/Qwen2.5-VL-3B-Instruct,66285546d2b821cf421d4f5eb2576359d3770cd3,5747.0,True,0.0,True,0.0,,,v2,,full_clean,True,True,complete
qwen2_5_vl_3b,Qwen2.5-VL-3B,A2,outputs/verification/qwen2_5_vl_3b/20261002_qwen2_5_vl_3b_A1A5_5747/A2,outputs/evaluation_protocol_v2/qwen2_5_vl_3b/20261002_qwen2_5_vl_3b_A1A5_5747/A2,5747,True,True,True,0.0,0.0,0.0,0.0,0.0,5747.0,,,5747.0,True,True,5747.0,0.0,5747.0,0.0,5747.0,0.0,/deac/csc/yangGrp/luoz23/models/Qwen2.5-VL-3B-Instruct,66285546d2b821cf421d4f5eb2576359d3770cd3,5747.0,True,0.0,True,0.0,,,v2,,full_clean,True,True,complete
qwen2_5_vl_3b,Qwen2.5-VL-3B,A3,outputs/verification/qwen2_5_vl_3b/20261002_qwen2_5_vl_3b_A1A5_5747/A3,outputs/evaluation_protocol_v2/qwen2_5_vl_3b/20261002_qwen2_5_vl_3b_A1A5_5747/A3,5747,True,True,True,0.0,0.0,0.0,0.0,0.0,5747.0,,,5747.0,True,True,5747.0,0.0,5747.0,0.0,5747.0,0.0,/deac/csc/yangGrp/luoz23/models/Qwen2.5-VL-3B-Instruct,66285546d2b821cf421d4f5eb2576359d3770cd3,5747.0,True,0.0,True,0.0,,,v2,,full_clean,True,True,complete
qwen2_5_vl_3b,Qwen2.5-VL-3B,A4,outputs/verification/qwen2_5_vl_3b/20261002_qwen2_5_vl_3b_A1A5_5747/A4,outputs/evaluation_protocol_v2/qwen2_5_vl_3b/20261002_qwen2_5_vl_3b_A1A5_5747/A4,5747,True,True,True,0.0,0.0,0.0,0.0,0.0,5747.0,,,5747.0,True,True,5747.0,0.0,5747.0,0.0,5747.0,0.0,/deac/csc/yangGrp/luoz23/models/Qwen2.5-VL-3B-Instruct,66285546d2b821cf421d4f5eb2576359d3770cd3,5747.0,True,0.0,True,0.0,,,v2,,full_clean,True,True,complete
qwen2_5_vl_3b,Qwen2.5-VL-3B,A5,outputs/verification/qwen2_5_vl_3b/20261002_qwen2_5_vl_3b_A1A5_5747/A5,outputs/evaluation_protocol_v2/qwen2_5_vl_3b/20261002_qwen2_5_vl_3b_A1A5_5747/A5,5747,True,True,True,0.0,0.0,0.0,0.0,0.0,5747.0,,,5747.0,True,True,5747.0,0.0,5747.0,0.0,5747.0,0.0,/deac/csc/yangGrp/luoz23/models/Qwen2.5-VL-3B-Instruct,66285546d2b821cf421d4f5eb2576359d3770cd3,5747.0,True,0.0,True,0.0,,,v2,,full_clean,True,True,complete
internvl3_5_hf_2b,InternVL3.5-2B,A1,outputs/verification/internvl3_5_hf_2b/20261001_internvl3_5_hf_2b_A1A5_5747/A1,outputs/evaluation_protocol_v2/internvl3_5_hf_2b/20261001_internvl3_5_hf_2b_A1A5_5747/A1,5747,True,True,True,0.0,0.0,4.0,0.0,4.0,5743.0,sample_000004;sample_000094;sample_003488;sample_003787,Uncertain:4,5747.0,False,True,5747.0,0.0,5747.0,0.0,5747.0,0.0,/deac/csc/yangGrp/luoz23/models/InternVL3_5-2B-HF,3f301ffcf3dcbb47893afae6650ea3e78d96fb6d,5747.0,True,0.0,True,0.0,,accuracy;precision;recall;specificity;f1;balanced_accuracy,v2,n_parse_error=4; n_invalid_decision=4; results_index marks exactly the parse-error IDs,partial,False,True,complete; parse errors in every condition (see CONDITION_POLICY)
internvl3_5_hf_2b,InternVL3.5-2B,A2,outputs/verification/internvl3_5_hf_2b/20261001_internvl3_5_hf_2b_A1A5_5747/A2,outputs/evaluation_protocol_v2/internvl3_5_hf_2b/20261001_internvl3_5_hf_2b_A1A5_5747/A2,5747,True,True,True,0.0,0.0,211.0,0.0,211.0,5536.0,211 ids,Uncertain:211,5747.0,False,True,5747.0,0.0,5747.0,0.0,5747.0,0.0,/deac/csc/yangGrp/luoz23/models/InternVL3_5-2B-HF,3f301ffcf3dcbb47893afae6650ea3e78d96fb6d,5747.0,True,0.0,True,0.0,,accuracy;precision;recall;specificity;f1;balanced_accuracy,v2,n_parse_error=211; n_invalid_decision=211; results_index marks exactly the parse-error IDs,partial,False,True,complete; parse errors in every condition (see CONDITION_POLICY)
internvl3_5_hf_2b,InternVL3.5-2B,A3,outputs/verification/internvl3_5_hf_2b/20261001_internvl3_5_hf_2b_A1A5_5747/A3,outputs/evaluation_protocol_v2/internvl3_5_hf_2b/20261001_internvl3_5_hf_2b_A1A5_5747/A3,5747,True,True,True,0.0,0.0,157.0,0.0,157.0,5590.0,157 ids,Uncertain:157,5747.0,False,True,5747.0,0.0,5747.0,0.0,5747.0,0.0,/deac/csc/yangGrp/luoz23/models/InternVL3_5-2B-HF,3f301ffcf3dcbb47893afae6650ea3e78d96fb6d,5747.0,True,0.0,True,0.0,,accuracy;precision;recall;specificity;f1;balanced_accuracy,v2,n_parse_error=157; n_invalid_decision=157; results_index marks exactly the parse-error IDs,partial,False,True,complete; parse errors in every condition (see CONDITION_POLICY)
internvl3_5_hf_2b,InternVL3.5-2B,A4,outputs/verification/internvl3_5_hf_2b/20261001_internvl3_5_hf_2b_A1A5_5747/A4,outputs/evaluation_protocol_v2/internvl3_5_hf_2b/20261001_internvl3_5_hf_2b_A1A5_5747/A4,5747,True,True,True,0.0,0.0,22.0,0.0,22.0,5725.0,22 ids,Uncertain:22,5747.0,False,True,5747.0,0.0,5747.0,0.0,5747.0,0.0,/deac/csc/yangGrp/luoz23/models/InternVL3_5-2B-HF,3f301ffcf3dcbb47893afae6650ea3e78d96fb6d,5747.0,True,0.0,True,0.0,,accuracy;precision;recall;specificity;f1;balanced_accuracy,v2,n_parse_error=22; n_invalid_decision=22; results_index marks exactly the parse-error IDs,partial,False,True,complete; parse errors in every condition (see CONDITION_POLICY)
internvl3_5_hf_2b,InternVL3.5-2B,A5,outputs/verification/internvl3_5_hf_2b/20261001_internvl3_5_hf_2b_A1A5_5747/A5,outputs/evaluation_protocol_v2/internvl3_5_hf_2b/20261001_internvl3_5_hf_2b_A1A5_5747/A5,5747,True,True,True,0.0,0.0,93.0,0.0,93.0,5654.0,93 ids,Uncertain:93,5747.0,False,True,5747.0,0.0,5747.0,0.0,5747.0,0.0,/deac/csc/yangGrp/luoz23/models/InternVL3_5-2B-HF,3f301ffcf3dcbb47893afae6650ea3e78d96fb6d,5747.0,True,0.0,True,0.0,,accuracy;precision;recall;specificity;f1;balanced_accuracy,v2,n_parse_error=93; n_invalid_decision=93; results_index marks exactly the parse-error IDs,partial,False,True,complete; parse errors in every condition (see CONDITION_POLICY)
internvl3_5_hf_4b,InternVL3.5-4B,A1,outputs/verification/internvl3_5_hf_4b/20261001_internvl3_5_hf_4b_A1A5_5747/A1,outputs/evaluation_protocol_v2/internvl3_5_hf_4b/20261001_internvl3_5_hf_4b_A1A5_5747/A1,5747,True,True,True,0.0,0.0,0.0,0.0,0.0,5747.0,,,5747.0,True,True,5747.0,0.0,5747.0,0.0,5747.0,0.0,/deac/csc/yangGrp/luoz23/models/InternVL3_5-4B-HF,6bd4487402110ef9889ba50eb7aefeb302526fed,5747.0,True,0.0,True,0.0,,,v2,,full_clean,True,True,complete
internvl3_5_hf_4b,InternVL3.5-4B,A2,outputs/verification/internvl3_5_hf_4b/20261001_internvl3_5_hf_4b_A1A5_5747/A2,outputs/evaluation_protocol_v2/internvl3_5_hf_4b/20261001_internvl3_5_hf_4b_A1A5_5747/A2,5747,True,True,True,0.0,0.0,0.0,0.0,0.0,5747.0,,,5747.0,True,True,5747.0,0.0,5747.0,0.0,5747.0,0.0,/deac/csc/yangGrp/luoz23/models/InternVL3_5-4B-HF,6bd4487402110ef9889ba50eb7aefeb302526fed,5747.0,True,0.0,True,0.0,,,v2,,full_clean,True,True,complete
internvl3_5_hf_4b,InternVL3.5-4B,A3,outputs/verification/internvl3_5_hf_4b/20261001_internvl3_5_hf_4b_A1A5_5747/A3,outputs/evaluation_protocol_v2/internvl3_5_hf_4b/20261001_internvl3_5_hf_4b_A1A5_5747/A3,5747,True,True,True,0.0,0.0,0.0,0.0,0.0,5747.0,,,5747.0,True,True,5747.0,0.0,5747.0,0.0,5747.0,0.0,/deac/csc/yangGrp/luoz23/models/InternVL3_5-4B-HF,6bd4487402110ef9889ba50eb7aefeb302526fed,5747.0,True,0.0,True,0.0,,,v2,,full_clean,True,True,complete
internvl3_5_hf_4b,InternVL3.5-4B,A4,outputs/verification/internvl3_5_hf_4b/20261001_internvl3_5_hf_4b_A1A5_5747/A4,outputs/evaluation_protocol_v2/internvl3_5_hf_4b/20261001_internvl3_5_hf_4b_A1A5_5747/A4,5747,True,True,True,0.0,0.0,0.0,0.0,0.0,5747.0,,,5747.0,True,True,5747.0,0.0,5747.0,0.0,5747.0,0.0,/deac/csc/yangGrp/luoz23/models/InternVL3_5-4B-HF,6bd4487402110ef9889ba50eb7aefeb302526fed,5747.0,True,0.0,True,0.0,,,v2,,full_clean,True,True,complete
internvl3_5_hf_4b,InternVL3.5-4B,A5,outputs/verification/internvl3_5_hf_4b/20261001_internvl3_5_hf_4b_A1A5_5747/A5,outputs/evaluation_protocol_v2/internvl3_5_hf_4b/20261001_internvl3_5_hf_4b_A1A5_5747/A5,5747,True,True,True,0.0,0.0,0.0,0.0,0.0,5747.0,,,5747.0,True,True,5747.0,0.0,5747.0,0.0,5747.0,0.0,/deac/csc/yangGrp/luoz23/models/InternVL3_5-4B-HF,6bd4487402110ef9889ba50eb7aefeb302526fed,5747.0,True,0.0,True,0.0,,,v2,,full_clean,True,True,complete
internvl3_5_hf_14b,InternVL3.5-14B,A1,outputs/verification/internvl3_5_hf_14b/20261001_internvl3_5_hf_14b_A1A5_5747/A1,outputs/evaluation_protocol_v2/internvl3_5_hf_14b/20261001_internvl3_5_hf_14b_A1A5_5747/A1,5747,True,True,True,0.0,0.0,0.0,0.0,0.0,5747.0,,,5747.0,True,True,5747.0,0.0,5747.0,0.0,5747.0,0.0,/deac/csc/yangGrp/luoz23/models/InternVL3_5-14B-HF,226b96d5912e69159abc0384cefcbd51487fdce0,5747.0,True,0.0,True,0.0,,,v2,,full_clean,True,True,complete
internvl3_5_hf_14b,InternVL3.5-14B,A2,outputs/verification/internvl3_5_hf_14b/20261001_internvl3_5_hf_14b_A1A5_5747/A2,outputs/evaluation_protocol_v2/internvl3_5_hf_14b/20261001_internvl3_5_hf_14b_A1A5_5747/A2,5747,True,True,True,0.0,0.0,0.0,0.0,0.0,5747.0,,,5747.0,True,True,5747.0,0.0,5747.0,0.0,5747.0,0.0,/deac/csc/yangGrp/luoz23/models/InternVL3_5-14B-HF,226b96d5912e69159abc0384cefcbd51487fdce0,5747.0,True,0.0,True,0.0,,,v2,,full_clean,True,True,complete
internvl3_5_hf_14b,InternVL3.5-14B,A3,outputs/verification/internvl3_5_hf_14b/20261001_internvl3_5_hf_14b_A1A5_5747/A3,outputs/evaluation_protocol_v2/internvl3_5_hf_14b/20261001_internvl3_5_hf_14b_A1A5_5747/A3,5747,True,True,True,0.0,0.0,0.0,0.0,0.0,5747.0,,,5747.0,True,True,5747.0,0.0,5747.0,0.0,5747.0,0.0,/deac/csc/yangGrp/luoz23/models/InternVL3_5-14B-HF,226b96d5912e69159abc0384cefcbd51487fdce0,5747.0,True,0.0,True,0.0,,,v2,,full_clean,True,True,complete
internvl3_5_hf_14b,InternVL3.5-14B,A4,outputs/verification/internvl3_5_hf_14b/20261001_internvl3_5_hf_14b_A1A5_5747/A4,outputs/evaluation_protocol_v2/internvl3_5_hf_14b/20261001_internvl3_5_hf_14b_A1A5_5747/A4,5747,True,True,True,0.0,0.0,0.0,0.0,0.0,5747.0,,,5747.0,True,True,5747.0,0.0,5747.0,0.0,5747.0,0.0,/deac/csc/yangGrp/luoz23/models/InternVL3_5-14B-HF,226b96d5912e69159abc0384cefcbd51487fdce0,5747.0,True,0.0,True,0.0,,,v2,,full_clean,True,True,complete
internvl3_5_hf_14b,InternVL3.5-14B,A5,outputs/verification/internvl3_5_hf_14b/20261001_internvl3_5_hf_14b_A1A5_5747/A5,outputs/evaluation_protocol_v2/internvl3_5_hf_14b/20261001_internvl3_5_hf_14b_A1A5_5747/A5,5747,True,True,True,0.0,0.0,0.0,0.0,0.0,5747.0,,,5747.0,True,True,5747.0,0.0,5747.0,0.0,5747.0,0.0,/deac/csc/yangGrp/luoz23/models/InternVL3_5-14B-HF,226b96d5912e69159abc0384cefcbd51487fdce0,5747.0,True,0.0,True,0.0,,,v2,,full_clean,True,True,complete
qwen3_vl_32b,Qwen3-VL-32B,A1,outputs/verification/qwen3_vl_32b/20261004_qwen3_vl_32b_A1A5_5747/A1,outputs/evaluation_protocol_v2/qwen3_vl_32b/20261004_qwen3_vl_32b_A1A5_5747/A1,83,,,,,,,,,,,,,,,,,,,,,,,,,,,,,,,83 of 5747 prediction files (run in progress or partial),incomplete,False,False,"submitted 2026-10-04 (Slurm 8370171-75), pending"
qwen3_vl_32b,Qwen3-VL-32B,A2,outputs/verification/qwen3_vl_32b/20261004_qwen3_vl_32b_A1A5_5747/A2,outputs/evaluation_protocol_v2/qwen3_vl_32b/20261004_qwen3_vl_32b_A1A5_5747/A2,63,,,,,,,,,,,,,,,,,,,,,,,,,,,,,,,63 of 5747 prediction files (run in progress or partial),incomplete,False,False,"submitted 2026-10-04 (Slurm 8370171-75), pending"
qwen3_vl_32b,Qwen3-VL-32B,A3,outputs/verification/qwen3_vl_32b/20261004_qwen3_vl_32b_A1A5_5747/A3,outputs/evaluation_protocol_v2/qwen3_vl_32b/20261004_qwen3_vl_32b_A1A5_5747/A3,0,,,,,,,,,,,,,,,,,,,,,,,,,,,,,,,prediction directory absent,not_run,False,False,"submitted 2026-10-04 (Slurm 8370171-75), pending"
qwen3_vl_32b,Qwen3-VL-32B,A4,outputs/verification/qwen3_vl_32b/20261004_qwen3_vl_32b_A1A5_5747/A4,outputs/evaluation_protocol_v2/qwen3_vl_32b/20261004_qwen3_vl_32b_A1A5_5747/A4,0,,,,,,,,,,,,,,,,,,,,,,,,,,,,,,,prediction directory absent,not_run,False,False,"submitted 2026-10-04 (Slurm 8370171-75), pending"
qwen3_vl_32b,Qwen3-VL-32B,A5,outputs/verification/qwen3_vl_32b/20261004_qwen3_vl_32b_A1A5_5747/A5,outputs/evaluation_protocol_v2/qwen3_vl_32b/20261004_qwen3_vl_32b_A1A5_5747/A5,0,,,,,,,,,,,,,,,,,,,,,,,,,,,,,,,prediction directory absent,not_run,False,False,"submitted 2026-10-04 (Slurm 8370171-75), pending"
