model_key,display,family,nominal_size_from_name,parameters_counted_from_checkpoint,parameters_billions,checkpoint_dir,checkpoint_revision_in_records,download_meta_present,conditions_analysed,conditions_partial,condition_policy,conditions_files_present,expected_status
qwen2_5_vl,Qwen2.5-VL-7B,Qwen2.5-VL,7B,8292166656,8.29,/deac/csc/yangGrp/luoz23/models/Qwen2.5-VL-7B-Instruct,,False,"A1,A2,A3,A4,A5",,,"A1:5747,A2:5747,A3:5747,A4:5747,A5:5747",complete
qwen3_vl,Qwen3-VL-8B,Qwen3-VL,8B,8767123696,8.77,/deac/csc/yangGrp/luoz23/models/Qwen3-VL-8B-Instruct,,True,"A1,A2,A3,A4,A5",,,"A1:5747,A2:5747,A3:5747,A4:5747,A5:5747",complete
qwen3_vl_4b,Qwen3-VL-4B,Qwen3-VL,4B,4437815808,4.44,/deac/csc/yangGrp/luoz23/models/Qwen3-VL-4B-Instruct,ebb281ec70b05090aa6165b016eac8ec08e71b17,True,"A1,A2,A3,A4,A5",,,"A1:5747,A2:5747,A3:5747,A4:5747,A5:5747",complete
internvl3_5_hf,InternVL3.5-8B,InternVL3.5,8B,8528318464,8.53,/deac/csc/yangGrp/luoz23/models/InternVL3_5-8B-HF,,True,"A1,A2,A3,A4,A5",,,"A1:5747,A2:5747,A3:5747,A4:5747,A5:5747",complete
glm_4_6v_flash,GLM-4.6V-Flash,GLM-4.6V,not stated,10292777472,10.29,/deac/csc/yangGrp/luoz23/models/GLM-4.6V-Flash,,True,"A1,A2,A3,A4,A5",,,"A1:5747,A2:5747,A3:5747,A4:5747,A5:5747",complete
phi4_multimodal,Phi-4-multimodal,Phi-4,not stated,5574460384,5.57,/deac/csc/yangGrp/luoz23/models/Phi-4-multimodal-instruct,,True,"A1,A2,A3,A4,A5",,,"A1:5747,A2:5747,A3:5747,A4:5747,A5:5747",complete
gemma4,Gemma-4-12B,Gemma 4,12B,11959730224,11.96,/deac/csc/yangGrp/luoz23/models/gemma-4-12B-it,,True,"A1,A2,A3,A4,A5",,,"A1:5747,A2:5747,A3:5747,A4:5747,A5:5747",complete
minicpm_v4_5,MiniCPM-V-4.5,MiniCPM-V,not stated,8695895280,8.7,/deac/csc/yangGrp/luoz23/models/MiniCPM-V-4_5,daef484c35ec93210ec93c5e901f8f3e9b78ee34,True,"A1,A2,A3",,,"A1:5747,A2:5747,A3:5747",A1-A3 complete; A4/A5 queued (Slurm 8365886-87)
molmo2_8b,Molmo2-8B,Molmo2,8B,8661703120,8.66,/deac/csc/yangGrp/luoz23/models/Molmo2-8B,,True,A1,,,A1:5747,A1 complete; A2-A5 queued (Slurm 8365888-91)
qwen3_vl_2b,Qwen3-VL-2B,Qwen3-VL,2B,2127532032,2.13,/deac/csc/yangGrp/luoz23/models/Qwen3-VL-2B-Instruct,89644892e4d85e24eaac8bacfd4f463576704203,True,"A1,A2,A4","A3,A5","A3 and A5 each have one parse error (512-token repetition loop; sample_000061 in A3, sample_005495 in A5). Those conditions are partial at N=5,746; the other three are full_clean. The model is not re-run.","A1:5747,A2:5747,A3:5747,A4:5747,A5:5747",complete; A3 and A5 each contain one parse error (see CONDITION_POLICY)
qwen2_5_vl_3b,Qwen2.5-VL-3B,Qwen2.5-VL,3B,3754622976,3.75,/deac/csc/yangGrp/luoz23/models/Qwen2.5-VL-3B-Instruct,66285546d2b821cf421d4f5eb2576359d3770cd3,True,"A1,A2,A3,A4,A5",,,"A1:5747,A2:5747,A3:5747,A4:5747,A5:5747",complete
internvl3_5_hf_2b,InternVL3.5-2B,InternVL3.5,2B,2348347392,2.35,/deac/csc/yangGrp/luoz23/models/InternVL3_5-2B-HF,3f301ffcf3dcbb47893afae6650ea3e78d96fb6d,True,,"A1,A2,A3,A4,A5","Every condition has parse errors (malformed JSON). All five conditions are partial; only parseable rows are analysed. Every parseable decision is Uncertain, so the checkpoint is degenerate; no repair, no re-parsing, no re-run, no protocol change.","A1:5747,A2:5747,A3:5747,A4:5747,A5:5747",complete; parse errors in every condition (see CONDITION_POLICY)
internvl3_5_hf_4b,InternVL3.5-4B,InternVL3.5,4B,4732489216,4.73,/deac/csc/yangGrp/luoz23/models/InternVL3_5-4B-HF,6bd4487402110ef9889ba50eb7aefeb302526fed,True,"A1,A2,A3,A4,A5",,,"A1:5747,A2:5747,A3:5747,A4:5747,A5:5747",complete
internvl3_5_hf_14b,InternVL3.5-14B,InternVL3.5,14B,15119523840,15.12,/deac/csc/yangGrp/luoz23/models/InternVL3_5-14B-HF,226b96d5912e69159abc0384cefcbd51487fdce0,True,"A1,A2,A3,A4,A5",,,"A1:5747,A2:5747,A3:5747,A4:5747,A5:5747",complete
qwen3_vl_32b,Qwen3-VL-32B,Qwen3-VL,32B,33357390064,33.36,/deac/csc/yangGrp/luoz23/models/Qwen3-VL-32B-Instruct,,True,,,,"A1:83,A2:63","submitted 2026-10-04 (Slurm 8370171-75), pending"
