condition,model_a,model_b,n,raw_agreement,chance_agreement,cohen_kappa,kappa_max_given_marginals,cohen_kappa_reliable_vs_not
A1,Qwen2.5-VL-7B,Qwen3-VL-8B,5747,0.6050113102488255,0.49565975956952174,0.21682099089687357,0.47247546038824684,0.3444873867688422
A1,Qwen2.5-VL-7B,Qwen3-VL-4B,5747,0.4484078649730294,0.30747269688584616,0.20350846450880217,0.3798923944503858,0.3499140102120427
A1,Qwen2.5-VL-7B,InternVL3.5-8B,5747,0.6586044892987646,0.4747795424180731,0.349995786011472,0.7366190876040368,0.417842426760938
A1,Qwen2.5-VL-7B,GLM-4.6V-Flash,5747,0.5254915608143379,0.4299617031108355,0.1675849819649517,0.47344484557738964,0.31099100300509935
A1,Qwen2.5-VL-7B,Phi-4-multimodal,5747,0.6151035322777101,0.5510445089196869,0.14268457482027705,0.31205475601536703,0.24257878487536985
A1,Qwen2.5-VL-7B,Gemma-4-12B,5747,0.6285018270401949,0.6092366936196488,0.04930128572971545,0.11386864571528518,0.07884243514523999
A1,Qwen2.5-VL-7B,MiniCPM-V-4.5,5747,0.6227597007134157,0.6067065986326938,0.04081711522469578,0.13107233131978915,0.054313125807748865
A1,Qwen2.5-VL-7B,Molmo2-8B,5747,0.4651122324691143,0.3753629533042698,0.14368228660085017,0.23059547026400384,0.16785113293938075
A1,Qwen2.5-VL-7B,Qwen3-VL-2B,5747,0.625369758134679,0.624204958888076,0.0030995599174392496,0.01097104504581984,0.003941171823482986
A1,Qwen2.5-VL-7B,Qwen2.5-VL-3B,5747,0.6293718461806159,0.6197463189500766,0.025313436030289474,0.03995661445612582,0.02860760944433143
A1,Qwen2.5-VL-7B,InternVL3.5-4B,5747,0.4315294936488603,0.3110592891021678,0.17486294922199458,0.3471137813709384,0.3418723468197238
A1,Qwen2.5-VL-7B,InternVL3.5-14B,5747,0.6467722289890377,0.5564213392336183,0.20368628553798787,0.38883903096954947,0.28946493476011886
A1,Qwen3-VL-8B,Qwen3-VL-4B,5747,0.5594223072907604,0.3901890362207422,0.27751759335582893,0.38708838488480274,0.2741775789036743
A1,Qwen3-VL-8B,InternVL3.5-8B,5747,0.5336697407342962,0.4249468685805432,0.1890657857742332,0.29678689781317835,0.34317060112953035
A1,Qwen3-VL-8B,GLM-4.6V-Flash,5747,0.7034974769444928,0.5569590040986122,0.33075601174952485,0.6912994279548864,0.3611078179832798
A1,Qwen3-VL-8B,Phi-4-multimodal,5747,0.7240299286584305,0.6778691685593279,0.14329817451082516,0.6348484022505155,0.16092460998433944
A1,Qwen3-VL-8B,Gemma-4-12B,5747,0.7617887593527057,0.7343050863283948,0.10344071944967818,0.16565630137245416,0.1118004173998257
A1,Qwen3-VL-8B,MiniCPM-V-4.5,5747,0.7637028014616322,0.731851350773218,0.11878281237015073,0.19016270238435054,0.11932629531437947
A1,Qwen3-VL-8B,Molmo2-8B,5747,0.22724899947798852,0.19156089608671234,0.04414445468870349,0.07642960033083236,0.08772568209023299
A1,Qwen3-VL-8B,Qwen3-VL-2B,5747,0.749260483730642,0.7475681928026603,0.006703952828966502,0.021179467742631724,0.013125274776018754
A1,Qwen3-VL-8B,Qwen2.5-VL-3B,5747,0.7503045066991474,0.7444975263268215,0.022727687481232575,0.05882206557426019,0.02317612827215137
A1,Qwen3-VL-8B,InternVL3.5-4B,5747,0.5265355837828433,0.4126077960073221,0.1939552261693642,0.40961145378741,0.2198622579692266
A1,Qwen3-VL-8B,InternVL3.5-14B,5747,0.7765790847398643,0.6679731739203535,0.32709980727117033,0.6661702314888907,0.36947527782702855
A1,Qwen3-VL-4B,InternVL3.5-8B,5747,0.40212284670262743,0.2672834139048466,0.1840267237792131,0.34574901746557973,0.4278766739425403
A1,Qwen3-VL-4B,GLM-4.6V-Flash,5747,0.5930050461110145,0.4149531084359339,0.3043378919578155,0.5366218194400499,0.34093300228084883
A1,Qwen3-VL-4B,Phi-4-multimodal,5747,0.45449799895597703,0.39184920289927255,0.10301523299052427,0.19199841083420746,0.11864912227143398
A1,Qwen3-VL-4B,Gemma-4-12B,5747,0.4005568122498695,0.37942859347046926,0.03404639427001191,0.04049543140550962,0.033659807915978744
A1,Qwen3-VL-4B,MiniCPM-V-4.5,5747,0.4049069079519749,0.37996861996737374,0.04022100943227893,0.04695630059415769,0.036420606321410635
A1,Qwen3-VL-4B,Molmo2-8B,5747,0.253175569862537,0.18070538251336915,0.08845436769923656,0.19337131605817806,0.25145629090802124
A1,Qwen3-VL-4B,Qwen3-VL-2B,5747,0.376196276318079,0.3752472938953117,0.0015189728887837577,0.006253750423202322,0.003779607067781619
A1,Qwen3-VL-4B,Qwen2.5-VL-3B,5747,0.3828084217852793,0.3771854064833275,0.009028393619041427,0.01377790512410942,0.0078705468601353
A1,Qwen3-VL-4B,InternVL3.5-4B,5747,0.6017052375152253,0.417478904041718,0.3162569300094514,0.9187513695773571,0.3788535651141027
A1,Qwen3-VL-4B,InternVL3.5-14B,5747,0.4712023664520619,0.37880930091789666,0.14873542966868147,0.2198842289000586,0.15952932805275638
A1,InternVL3.5-8B,GLM-4.6V-Flash,5747,0.4511919262223769,0.3567756990740798,0.1467858521706738,0.31829433971784965,0.3376654565342017
A1,InternVL3.5-8B,Phi-4-multimodal,5747,0.5305376718287802,0.4677493275480214,0.11796761851235381,0.1598134839053927,0.24505698797247794
A1,InternVL3.5-8B,Gemma-4-12B,5747,0.5394118670610754,0.5219401205806865,0.03654719258518684,0.06457358705853049,0.062104182709319965
A1,InternVL3.5-8B,MiniCPM-V-4.5,5747,0.5380198364364016,0.5195839991444836,0.03837473618507249,0.06916123239007017,0.06352229459562887
A1,InternVL3.5-8B,Molmo2-8B,5747,0.5728206020532451,0.4659665376741298,0.20008870589070385,0.3590934763694559,0.20894875203332675
A1,InternVL3.5-8B,Qwen3-VL-2B,5747,0.5361057943274752,0.5365211387704297,-0.0008961453859031938,0.007363312678046392,-0.00025349324139989143
A1,InternVL3.5-8B,Qwen2.5-VL-3B,5747,0.5364538019836437,0.5317270865464521,0.010093933049280444,0.03164594201442367,0.013548444277134543
A1,InternVL3.5-8B,InternVL3.5-4B,5747,0.36105794327475205,0.26092211613482363,0.135487516709667,0.3238344629602843,0.3621621883020044
A1,InternVL3.5-8B,InternVL3.5-14B,5747,0.5836088393944667,0.48049605412182117,0.1984831608898405,0.21188085147254274,0.302818696047799
A1,GLM-4.6V-Flash,Phi-4-multimodal,5747,0.6561684357055855,0.6069530561167039,0.12521501656426728,0.4395355318675925,0.12796812103844232
A1,GLM-4.6V-Flash,Gemma-4-12B,5747,0.6633025926570385,0.6384753316495706,0.06867376746585546,0.10284646126943374,0.06851538353234568
A1,GLM-4.6V-Flash,MiniCPM-V-4.5,5747,0.6655646424221333,0.6371047979307503,0.07842441655084816,0.11870139314279869,0.07865312270012684
A1,GLM-4.6V-Flash,Molmo2-8B,5747,0.17904993909866018,0.14306339204400728,0.04199440976210572,0.08889972797850111,0.11752373701372369
A1,GLM-4.6V-Flash,Qwen3-VL-2B,5747,0.6462502175047851,0.6451206610728488,0.003182930951548333,0.014460251457261365,0.0065392969695226445
A1,GLM-4.6V-Flash,Qwen2.5-VL-3B,5747,0.650948320863059,0.6441683178662087,0.0190539610081743,0.0356801650588834,0.018820195934980664
A1,GLM-4.6V-Flash,InternVL3.5-4B,5747,0.5803027666608666,0.43900151535019866,0.25187456860756774,0.5648341707116159,0.2589395715820202
A1,GLM-4.6V-Flash,InternVL3.5-14B,5747,0.6899251783539238,0.5922299464070027,0.23958412611739377,0.4051516676810589,0.2618236173255245
A1,Phi-4-multimodal,Gemma-4-12B,5747,0.8656690447189839,0.8464398504917447,0.12522255473712846,0.32238741934300824,0.12522255473712846
A1,Phi-4-multimodal,MiniCPM-V-4.5,5747,0.8614929528449626,0.843115459972171,0.11714024128529024,0.36558318846128884,0.11714024128529024
A1,Phi-4-multimodal,Molmo2-8B,5747,0.2067165477640508,0.18250046498412908,0.029622136457180467,0.03430481094674881,0.06752050741811179
A1,Phi-4-multimodal,Qwen3-VL-2B,5747,0.8651470332347312,0.8646922979826002,0.0033607492060765743,0.020078568896813188,0.006742191420955635
A1,Phi-4-multimodal,Qwen2.5-VL-3B,5747,0.8733252131546894,0.8602488572653593,0.09356886558100966,0.12096101524751805,0.09356886558100966
A1,Phi-4-multimodal,InternVL3.5-4B,5747,0.4745084391856621,0.4179430858214917,0.09718182532717519,0.20211201715173205,0.09447027285460967
A1,Phi-4-multimodal,InternVL3.5-14B,5747,0.8153819384026448,0.759985804775577,0.23080357216068084,0.8426808436935603,0.2914204459588624
A1,Gemma-4-12B,MiniCPM-V-4.5,5747,0.9519749434487559,0.9402895282001408,0.1957012714249338,0.9242327284675651,0.1957012714249338
A1,Gemma-4-12B,Molmo2-8B,5747,0.20880459370106141,0.20437232531939786,0.005570782066426795,0.007757782765642928,0.01147907901368883
A1,Gemma-4-12B,Qwen3-VL-2B,5747,0.9690273186010092,0.9684206819732913,0.019209934400888577,0.09635072607722509,0.03852891687899127
A1,Gemma-4-12B,Qwen2.5-VL-3B,5747,0.9655472420393248,0.9622752918591007,0.0867322861187864,0.5018539742466129,0.0867322861187864
A1,Gemma-4-12B,InternVL3.5-4B,5747,0.42839742474334436,0.40621049848932766,0.03736496889481957,0.042639681394026054,0.035944433754283384
A1,Gemma-4-12B,InternVL3.5-14B,5747,0.8715851748738472,0.8389634991319035,0.20257317791985466,0.311706116985023,0.21134301711846007
A1,MiniCPM-V-4.5,Molmo2-8B,5747,0.20828258221680876,0.2034213748700383,0.006102608321905885,0.008942315155271873,0.012181923983046442
A1,MiniCPM-V-4.5,Qwen3-VL-2B,5747,0.9646772228989038,0.9639107522345656,0.02123820006778654,0.08391752715704097,0.04259862553595109
A1,MiniCPM-V-4.5,Qwen2.5-VL-3B,5747,0.9613711501653036,0.9578393599202423,0.08376984406261496,0.4469601761459032,0.08376984406261496
A1,MiniCPM-V-4.5,InternVL3.5-4B,5747,0.42909344005568123,0.40672061098203044,0.03771044382762664,0.04944210559138617,0.03569015590860853
A1,MiniCPM-V-4.5,InternVL3.5-14B,5747,0.8646250217504785,0.8355296863338022,0.17690326459598663,0.35358341216985567,0.18659900198427143
A1,Molmo2-8B,Qwen3-VL-2B,5747,0.21315468940316687,0.21218436146120706,0.0012316687997708854,0.0016734062306422836,0.0012309778752960686
A1,Molmo2-8B,Qwen2.5-VL-3B,5747,0.21037062815381938,0.20832242718596813,0.0025871655812743023,0.002806956862547711,0.005229428185385155
A1,Molmo2-8B,InternVL3.5-4B,5747,0.19819036018792413,0.14901857995739312,0.05778243692802256,0.16778960900543655,0.20762600194691136
A1,Molmo2-8B,InternVL3.5-14B,5747,0.2368192100226205,0.2108763807106871,0.03287549463453848,0.04742866776589289,0.05326779923101165
A1,Qwen3-VL-2B,Qwen2.5-VL-3B,5747,0.9872977205498521,0.9871542362726133,0.011169773964692827,0.24144530605510517,0.02239274964442928
A1,Qwen3-VL-2B,InternVL3.5-4B,5747,0.4022968505307117,0.4019851756731688,0.0005211824939184373,0.006922502431366426,0.0013151664439947283
A1,Qwen3-VL-2B,InternVL3.5-14B,5747,0.8581868801113625,0.8580456666340377,0.0009947810255338373,0.04021952581962261,0.003663992636101673
A1,Qwen2.5-VL-3B,InternVL3.5-4B,5747,0.4094310074821646,0.4040915696734853,0.008960164912843516,0.014508119204728068,0.007933955642072459
A1,Qwen2.5-VL-3B,InternVL3.5-14B,5747,0.8583608839394467,0.8532270292163237,0.03497820270116091,0.1167798046834949,0.036118538292165055
A1,InternVL3.5-4B,InternVL3.5-14B,5747,0.4899947798851575,0.4023025123918308,0.14671680793614925,0.23434500336815844,0.16473179429606905
A2,Qwen2.5-VL-7B,Qwen3-VL-8B,5747,0.7019314424917348,0.6183007277247623,0.21910105897888013,0.5701180960987063,0.32612037944570227
A2,Qwen2.5-VL-7B,Qwen3-VL-4B,5747,0.49973899425787366,0.3838755766355762,0.1880519798089011,0.33151966476788486,0.3446856315963543
A2,Qwen2.5-VL-7B,InternVL3.5-8B,5747,0.7285540281886201,0.5430511115580718,0.40595988155932045,0.659188521792046,0.4418335136709739
A2,Qwen2.5-VL-7B,GLM-4.6V-Flash,5747,0.5754306594745084,0.49896731589239907,0.1526114882471185,0.3846014578581531,0.3071895513682113
A2,Qwen2.5-VL-7B,Phi-4-multimodal,5747,0.7097616147555246,0.6506732210227992,0.16914933892480605,0.33053759683149836,0.3288638342144935
A2,Qwen2.5-VL-7B,Gemma-4-12B,5747,0.7398642770140943,0.723627633745649,0.0587491560335754,0.15381863927031783,0.10804280402131801
A2,Qwen2.5-VL-7B,MiniCPM-V-4.5,5747,0.7409082999825997,0.7335499999409592,0.027616063201388753,0.08181879439969933,0.049145105194401004
A2,Qwen2.5-VL-7B,Qwen3-VL-2B,5747,0.7429963459196103,0.7424712764248066,0.0020388774017682616,0.0020388774017678305,0.0020071975527053447
A2,Qwen2.5-VL-7B,Qwen2.5-VL-3B,5747,0.7431703497476945,0.7422729296216432,0.0034820561330009235,0.0034820561330009235,0.003009809383440985
A2,Qwen2.5-VL-7B,InternVL3.5-4B,5747,0.31894901687837135,0.25284309447778097,0.08847662641140444,0.1259715837818091,0.20621538797606037
A2,Qwen2.5-VL-7B,InternVL3.5-14B,5747,0.7501305028710632,0.6682197827910243,0.2468824716828925,0.45509114768699505,0.3467491534221176
A2,Qwen3-VL-8B,Qwen3-VL-4B,5747,0.5947450843918566,0.4431081510241808,0.27229152957895064,0.4041476800803172,0.29341410544694246
A2,Qwen3-VL-8B,InternVL3.5-8B,5747,0.6307638768052897,0.5182795305644976,0.23350543183810588,0.3360900017523275,0.36693816159031956
A2,Qwen3-VL-8B,GLM-4.6V-Flash,5747,0.6982773621019662,0.5726901370288472,0.29390200403962424,0.5125724906778719,0.34661858336970885
A2,Qwen3-VL-8B,Phi-4-multimodal,5747,0.7642248129458848,0.7193131744635289,0.16000622186850844,0.7514114354016767,0.20989724360814044
A2,Qwen3-VL-8B,Gemma-4-12B,5747,0.8125978771532973,0.7886136884606032,0.1134614087261943,0.2105937706299172,0.14219133653348368
A2,Qwen3-VL-8B,MiniCPM-V-4.5,5747,0.8125978771532973,0.7979949684523824,0.07228982659014953,0.10588378830136995,0.07594514021018792
A2,Qwen3-VL-8B,Qwen3-VL-2B,5747,0.806681746998434,0.806425297994802,0.0013248063976102062,0.003122601525607025,0.0029011413857417947
A2,Qwen3-VL-8B,Qwen2.5-VL-3B,5747,0.8061597355141813,0.8063251405799241,-0.0008540347788973891,0.0045365614586912245,-0.0010422966677154548
A2,Qwen3-VL-8B,InternVL3.5-4B,5747,0.41952322951104926,0.3397755220425185,0.12078877734924957,0.16243007626376346,0.15360498249750174
A2,Qwen3-VL-8B,InternVL3.5-14B,5747,0.8134678962937184,0.7225219964061412,0.32775895281664774,0.732232344079019,0.38779802267321667
A2,Qwen3-VL-4B,InternVL3.5-8B,5747,0.4689403166869671,0.32475947914389874,0.21352515598481742,0.3580901584397708,0.4684758702964791
A2,Qwen3-VL-4B,GLM-4.6V-Flash,5747,0.6568644510179223,0.45793050982879413,0.366989739869509,0.6616669299302549,0.39915788720767015
A2,Qwen3-VL-4B,Phi-4-multimodal,5747,0.541499912998086,0.46980482535293,0.13522395350519847,0.25074621853979817,0.15432169133945642
A2,Qwen3-VL-4B,Gemma-4-12B,5747,0.4955629023838524,0.47381175777201706,0.04133719240805686,0.052249877006378474,0.045295753572234164
A2,Qwen3-VL-4B,MiniCPM-V-4.5,5747,0.4861666956673047,0.4742945903884185,0.02258319024652598,0.02523111929428345,0.021009332548804553
A2,Qwen3-VL-4B,Qwen3-VL-2B,5747,0.47485644684183054,0.47472243936956665,0.0002551174508635999,0.0009176389104720415,0.0006293867088932393
A2,Qwen3-VL-4B,Qwen2.5-VL-3B,5747,0.47503045066991473,0.4748358279786105,0.00037059400026300134,0.0010332585054003821,0.0002813721435466094
A2,Qwen3-VL-4B,InternVL3.5-4B,5747,0.607795371498173,0.44565526187182525,0.29248967018941546,0.5649470642779635,0.34872546602212284
A2,Qwen3-VL-4B,InternVL3.5-14B,5747,0.5392378632329912,0.4518154576014558,0.15947623267344346,0.259145591789961,0.18890030017315218
A2,InternVL3.5-8B,GLM-4.6V-Flash,5747,0.500783017226379,0.40504261095484134,0.16091977011192427,0.3618427808937675,0.3834435922620353
A2,InternVL3.5-8B,Phi-4-multimodal,5747,0.5970071341569515,0.5309145035051916,0.1408967685968337,0.16945935444227575,0.31064030917229685
A2,InternVL3.5-8B,Gemma-4-12B,5747,0.608665390638594,0.59244827624941,0.03979154900865653,0.04406103967558128,0.07839809077449031
A2,InternVL3.5-8B,MiniCPM-V-4.5,5747,0.6091874021228467,0.6008539297660965,0.02087825229462161,0.02436577410301121,0.035677608155136216
A2,InternVL3.5-8B,Qwen3-VL-2B,5747,0.608665390638594,0.608415209042725,0.0006388950787835604,0.0010832530622967036,0.0010815538622791492
A2,InternVL3.5-8B,Qwen2.5-VL-3B,5747,0.6084913868105098,0.6081747464704881,0.0008081162129533813,0.0021403720580028505,0.00162217438629797
A2,InternVL3.5-8B,InternVL3.5-4B,5747,0.2756220636854011,0.19671621743835666,0.09822910403520971,0.16018117615770064,0.2871553094000215
A2,InternVL3.5-8B,InternVL3.5-14B,5747,0.658952496954933,0.5568720476005683,0.2303633720274776,0.24057283750058261,0.33289310314256737
A2,GLM-4.6V-Flash,Phi-4-multimodal,5747,0.6648686271097964,0.6165082793819028,0.12610532412524658,0.44235900485458335,0.1327652335343754
A2,GLM-4.6V-Flash,Gemma-4-12B,5747,0.674960849138681,0.6496228398145344,0.07231638418079091,0.10012702790984618,0.07460326355227251
A2,GLM-4.6V-Flash,MiniCPM-V-4.5,5747,0.6671306768748912,0.6540540484895713,0.03779962831831485,0.04886518408255782,0.0382996516167616
A2,GLM-4.6V-Flash,Qwen3-VL-2B,5747,0.6582564816425961,0.6580308549631314,0.0006597866583558586,0.0016774447167484114,0.0013402125953414635
A2,GLM-4.6V-Flash,Qwen2.5-VL-3B,5747,0.6587784931268488,0.6580860808170422,0.0020251071131036223,0.0020251071131036223,0.0020099950719789407
A2,GLM-4.6V-Flash,InternVL3.5-4B,5747,0.5561162345571603,0.43324291815470917,0.21680067234870862,0.3918001301147752,0.22247151047206928
A2,GLM-4.6V-Flash,InternVL3.5-14B,5747,0.6840090481990604,0.6023211087292606,0.2054118065175019,0.3314257931490872,0.24145659541896056
A2,Phi-4-multimodal,Gemma-4-12B,5747,0.8700191404210893,0.852423771593377,0.11922901823477307,0.3125977478324933,0.11922901823477307
A2,Phi-4-multimodal,MiniCPM-V-4.5,5747,0.8731512093266052,0.8626317135858841,0.07657877968287814,0.1601807008638527,0.07769606103345682
A2,Phi-4-multimodal,Qwen3-VL-2B,5747,0.8721071863580999,0.8718036863802479,0.0023674625992154853,0.0023674625992154853,0.0047365696584995235
A2,Phi-4-multimodal,Qwen2.5-VL-3B,5747,0.8726291978423525,0.8717186979087961,0.007097682348976092,0.007097682348976958,0.007097682348976092
A2,Phi-4-multimodal,InternVL3.5-4B,5747,0.40699495388898554,0.3630114064701872,0.06904919156411832,0.12859944867650752,0.06839129667078662
A2,Phi-4-multimodal,InternVL3.5-14B,5747,0.8359143901165825,0.7767443989736106,0.26503250476559326,0.7225361311734371,0.36738502328759987
A2,Gemma-4-12B,MiniCPM-V-4.5,5747,0.9676352879763355,0.9615164510824736,0.1589987687199806,0.6382790403096684,0.16342023616650678
A2,Gemma-4-12B,Qwen3-VL-2B,5747,0.9733774143031146,0.9732126147840156,0.006152131601137085,0.012647869303089409,0.01230849247538055
A2,Gemma-4-12B,Qwen2.5-VL-3B,5747,0.9733774143031146,0.9730570195739016,0.011891584529480213,0.0377244842803435,0.011891584529480213
A2,Gemma-4-12B,InternVL3.5-4B,5747,0.34226552984165654,0.32654302595109497,0.02334596640381637,0.02515458498455,0.02335740203214248
A2,Gemma-4-12B,InternVL3.5-14B,5747,0.8891595615103532,0.8594248899471959,0.21152159548008276,0.3414905632580904,0.24232795162291093
A2,MiniCPM-V-4.5,Qwen3-VL-2B,5747,0.9872977205498521,0.9869541939388475,0.026332340784024813,0.03967025392396758,0.05269157459492921
A2,MiniCPM-V-4.5,Qwen2.5-VL-3B,5747,0.9871237167217679,0.9867888797051011,0.02534508877313751,0.07802913802864382,0.02533838756549715
A2,MiniCPM-V-4.5,InternVL3.5-4B,5747,0.3286932312510875,0.3214847434491131,0.010623914101235539,0.012162601637625533,0.010847612082707299
A2,MiniCPM-V-4.5,InternVL3.5-14B,5747,0.8844614581520793,0.8706263523181188,0.10693913391063901,0.17822260665572348,0.11711811114391765
A2,Qwen3-VL-2B,Qwen2.5-VL-3B,5747,0.9991299808595789,0.9991301625235721,-0.00020884820222714264,0.3998746910786127,-0.0004177836578201409
A2,Qwen3-VL-2B,InternVL3.5-4B,5747,0.3170349747694449,0.3169268846935339,0.0001582408580998088,0.0006677143659428163,0.0003231532234466943
A2,Qwen3-VL-2B,InternVL3.5-14B,5747,0.880981381590395,0.8806932624972944,0.002414944026895585,0.005331859395237536,0.005140485102188089
A2,Qwen2.5-VL-3B,InternVL3.5-4B,5747,0.3175569862536976,0.3172226336743459,0.000489694878362802,0.0004896948783627207,0.00048477503946010674
A2,Qwen2.5-VL-3B,InternVL3.5-14B,5747,0.8808073777623108,0.8805559245184897,0.0021051964512041124,0.00793231939163505,0.001873691870230905
A2,InternVL3.5-4B,InternVL3.5-14B,5747,0.3781103184270054,0.3242588131788386,0.07969250106168072,0.09643004650963559,0.10496188582885276
A3,Qwen2.5-VL-7B,Qwen3-VL-8B,5747,0.6514703323473117,0.5795889482772031,0.1709788165071941,0.527751787136649,0.32144570751058915
A3,Qwen2.5-VL-7B,Qwen3-VL-4B,5747,0.46946232817121974,0.37753395913147536,0.14768415143013594,0.2706815188852819,0.32353432527777787
A3,Qwen2.5-VL-7B,InternVL3.5-8B,5747,0.7306420741256308,0.5486408823492812,0.40322923512357167,0.6160312132965616,0.41398479044988507
A3,Qwen2.5-VL-7B,GLM-4.6V-Flash,5747,0.5712545676004872,0.4992112603578375,0.14385967882210787,0.3283606977123111,0.3149616158216538
A3,Qwen2.5-VL-7B,Phi-4-multimodal,5747,0.6337219418827215,0.553347978075215,0.17994760991150568,0.37785098956231566,0.4094456634397158
A3,Qwen2.5-VL-7B,Gemma-4-12B,5747,0.7541325909170001,0.7253903194709679,0.1046659075916793,0.16802996225610412,0.2089801279524458
A3,Qwen2.5-VL-7B,MiniCPM-V-4.5,5747,0.7650948320863059,0.7572154894350428,0.03245405826314025,0.05897198407370598,0.06183554012273264
A3,Qwen2.5-VL-7B,Qwen2.5-VL-3B,5747,0.7684009048199061,0.7684009048199061,0.0,0.0,0.0
A3,Qwen2.5-VL-7B,InternVL3.5-4B,5747,0.2545676004872107,0.2048084097349011,0.06257509682128432,0.08489473737315854,0.15767850721463722
A3,Qwen2.5-VL-7B,InternVL3.5-14B,5747,0.7522185488080738,0.681504810053794,0.22202451084496244,0.4077770855027661,0.35895095840040625
A3,Qwen3-VL-8B,Qwen3-VL-4B,5747,0.6283278232121107,0.43993009085107126,0.3363825288298829,0.5221705661705803,0.35602178183142674
A3,Qwen3-VL-8B,InternVL3.5-8B,5747,0.5799547590046981,0.46363064149582855,0.2168731596325237,0.3735634097971844,0.3936323642542306
A3,Qwen3-VL-8B,GLM-4.6V-Flash,5747,0.7010614233513137,0.5419256425659809,0.34740163513355954,0.6991513940778692,0.37575282218047573
A3,Qwen3-VL-8B,Phi-4-multimodal,5747,0.6674786845310596,0.5847448146208268,0.19923621142668638,0.8089229264314858,0.24978275608776365
A3,Qwen3-VL-8B,Gemma-4-12B,5747,0.7560466330259266,0.7045250895989521,0.1743685897291391,0.2915587827704382,0.19342710323329737
A3,Qwen3-VL-8B,MiniCPM-V-4.5,5747,0.7433443535757787,0.7266825862860822,0.060961235741592394,0.08197023860296689,0.06093748297911728
A3,Qwen3-VL-8B,Qwen2.5-VL-3B,5747,0.7344701583434835,0.7344701583434835,0.0,0.0,0.0
A3,Qwen3-VL-8B,InternVL3.5-4B,5747,0.4292674438837654,0.3397238689138058,0.13561534448118703,0.1985994702949055,0.16010841001871481
A3,Qwen3-VL-8B,InternVL3.5-14B,5747,0.763528797633548,0.6622282015243486,0.29990838952915644,0.5847874628112583,0.3507319387783111
A3,Qwen3-VL-4B,InternVL3.5-8B,5747,0.4612841482512615,0.31053246352209724,0.2186494312687568,0.3443317901925808,0.5006410332694442
A3,Qwen3-VL-4B,GLM-4.6V-Flash,5747,0.674960849138681,0.4567440017350123,0.40168327289637695,0.6755380917794592,0.4299917925414043
A3,Qwen3-VL-4B,Phi-4-multimodal,5747,0.6017052375152253,0.46411398882687727,0.2567546937587404,0.5295052648564502,0.29555383345848907
A3,Qwen3-VL-4B,Gemma-4-12B,5747,0.515921350269706,0.46630461436534065,0.0929682684915144,0.10633573829447912,0.09452042220677469
A3,Qwen3-VL-4B,MiniCPM-V-4.5,5747,0.47972855402818865,0.4667098461793443,0.024412053655171195,0.0276748895961237,0.02368246240897948
A3,Qwen3-VL-4B,Qwen2.5-VL-3B,5747,0.4668522707499565,0.4668522707499565,0.0,0.0,0.0
A3,Qwen3-VL-4B,InternVL3.5-4B,5747,0.6177135896989734,0.4566029093670163,0.2964879332428612,0.49630201137506635,0.34447662766034215
A3,Qwen3-VL-4B,InternVL3.5-14B,5747,0.5461980163563599,0.45044710385055303,0.174234205982181,0.25782399494717473,0.19834690242942274
A3,InternVL3.5-8B,GLM-4.6V-Flash,5747,0.49869497128936835,0.39138595971679674,0.17631701615466852,0.3715879213842283,0.4022977375873934
A3,InternVL3.5-8B,Phi-4-multimodal,5747,0.5428919436227597,0.42928034202727755,0.19906726535239166,0.2993744102701926,0.4859823295150684
A3,InternVL3.5-8B,Gemma-4-12B,5747,0.596659126500783,0.5619305420438756,0.07927643396766024,0.0872205544683707,0.15425619183250164
A3,InternVL3.5-8B,MiniCPM-V-4.5,5747,0.596659126500783,0.5864687756382773,0.024642276718606564,0.03305778770464104,0.037548678689716
A3,InternVL3.5-8B,Qwen2.5-VL-3B,5747,0.5950930920480251,0.5950930920480251,0.0,0.0,0.0
A3,InternVL3.5-8B,InternVL3.5-4B,5747,0.23734122150687315,0.162314597891747,0.08956420086383524,0.13360079438810332,0.2665568344701528
A3,InternVL3.5-8B,InternVL3.5-14B,5747,0.6368540107882373,0.5369025120466693,0.21583252196703948,0.2225958255629154,0.3372387551077033
A3,GLM-4.6V-Flash,Phi-4-multimodal,5747,0.6537323821124065,0.5577913279604594,0.21695878036369312,0.8284392101701357,0.23287241033713335
A3,GLM-4.6V-Flash,Gemma-4-12B,5747,0.6756568644510179,0.6260527844715071,0.13264995143607694,0.19593300218966803,0.13877334388013055
A3,GLM-4.6V-Flash,MiniCPM-V-4.5,5747,0.6516443361753959,0.6386800972471577,0.03588022367288813,0.05273546451776782,0.03761069868649567
A3,GLM-4.6V-Flash,Qwen2.5-VL-3B,5747,0.6431181485992692,0.6431181485992692,0.0,0.0,0.0
A3,GLM-4.6V-Flash,InternVL3.5-4B,5747,0.5373238211240647,0.4162072258124915,0.2074650469597484,0.3296686312946501,0.21655894194723393
A3,GLM-4.6V-Flash,InternVL3.5-14B,5747,0.6892291630415869,0.5922437831478126,0.23785138248163543,0.37696697560088915,0.2658689278500392
A3,Phi-4-multimodal,Gemma-4-12B,5747,0.7358621889681572,0.6943686190711646,0.13576344736227908,0.26443107641111013,0.13576344736227908
A3,Phi-4-multimodal,MiniCPM-V-4.5,5747,0.7235079171741778,0.7125823418541518,0.03801288824948228,0.07312632593452346,0.03801288824948228
A3,Phi-4-multimodal,Qwen2.5-VL-3B,5747,0.7189838176439882,0.7189838176439882,0.0,0.0,0.0
A3,Phi-4-multimodal,InternVL3.5-4B,5747,0.47207238559248305,0.39315515506853593,0.13004515269938544,0.24559947157286852,0.13112565250610866
A3,Phi-4-multimodal,InternVL3.5-14B,5747,0.7341221506873151,0.6529164080099409,0.2339659510026624,0.4365037492977701,0.30737471768746893
A3,Gemma-4-12B,MiniCPM-V-4.5,5747,0.9406646946232817,0.9308234111235708,0.14226320868886,0.39882963893442075,0.14226320868886
A3,Gemma-4-12B,Qwen2.5-VL-3B,5747,0.9437967635287976,0.9437967635287976,0.0,0.0,0.0
A3,Gemma-4-12B,InternVL3.5-4B,5747,0.31633895945710805,0.287574827777236,0.04037495136524736,0.041840400663238846,0.0397686136247531
A3,Gemma-4-12B,InternVL3.5-14B,5747,0.8851574734644162,0.8303570766254786,0.32303379209019234,0.5927945688784945,0.3545150380692644
A3,MiniCPM-V-4.5,Qwen2.5-VL-3B,5747,0.9853836784409257,0.9853836784409257,0.0,0.0,0.0
A3,MiniCPM-V-4.5,InternVL3.5-4B,5747,0.2751000522011484,0.268044101598737,0.009639857562215193,0.010590755442616333,0.009481538801040001
A3,MiniCPM-V-4.5,InternVL3.5-14B,5747,0.8792413433095528,0.863180853559777,0.11738481175799999,0.19114804074652425,0.12127491428180243
A3,Qwen2.5-VL-3B,InternVL3.5-4B,5747,0.261179745954411,0.261179745954411,0.0,0.0,0.0
A3,Qwen2.5-VL-3B,InternVL3.5-14B,5747,0.8747172437793631,0.8747172437793631,0.0,0.0,0.0
A3,InternVL3.5-4B,InternVL3.5-14B,5747,0.34348355663824603,0.29121528336751995,0.07374351060934105,0.08945525598994064,0.08869555818095597
A4,Qwen2.5-VL-7B,Qwen3-VL-8B,5747,0.6307638768052897,0.5668583292441273,0.1475395970321702,0.40504530782499737,0.18958148239114647
A4,Qwen2.5-VL-7B,Qwen3-VL-4B,5747,0.44945188794153473,0.30544084567737645,0.20734165170511162,0.3293469031651656,0.3795626596032982
A4,Qwen2.5-VL-7B,InternVL3.5-8B,5747,0.691665216634766,0.4745321766140975,0.41321852710514384,0.7211794581391259,0.5466897175414538
A4,Qwen2.5-VL-7B,GLM-4.6V-Flash,5747,0.5994431877501305,0.4633978390886353,0.2535311233753436,0.515865320243001,0.4245532985211835
A4,Qwen2.5-VL-7B,Phi-4-multimodal,5747,0.6128414825126153,0.4187987837837879,0.3338649220180602,0.5072097355693156,0.6078862468954553
A4,Qwen2.5-VL-7B,Gemma-4-12B,5747,0.6415521141465113,0.6033300402697602,0.09635736949363248,0.1327662715965588,0.10805657218448496
A4,Qwen2.5-VL-7B,Qwen3-VL-2B,5747,0.6239777275100052,0.6185119423941056,0.01432753924251606,0.027098862195412684,0.024987848489454616
A4,Qwen2.5-VL-7B,Qwen2.5-VL-3B,5747,0.6211936662606578,0.6211936662606578,0.0,0.0,0.0
A4,Qwen2.5-VL-7B,InternVL3.5-4B,5747,0.27144597181137986,0.2082223303257547,0.07985024572824431,0.12270412728615984,0.16035441176036236
A4,Qwen2.5-VL-7B,InternVL3.5-14B,5747,0.6669566730468071,0.5409739957379811,0.27445651474880967,0.5015205417422596,0.3850814246101885
A4,Qwen3-VL-8B,Qwen3-VL-4B,5747,0.4393596659126501,0.36615028777544534,0.11549958408953062,0.19016876879705627,0.13209156020939883
A4,Qwen3-VL-8B,InternVL3.5-8B,5747,0.5877849312684879,0.5313586114137246,0.12040404716489377,0.21174241964165033,0.1682948459541879
A4,Qwen3-VL-8B,GLM-4.6V-Flash,5747,0.6909692013224291,0.628051300337238,0.1691574699474348,0.3904347879175156,0.2044541908933378
A4,Qwen3-VL-8B,Phi-4-multimodal,5747,0.5923090307986776,0.5611676743820676,0.07096413504351336,0.26803234882216215,0.11236152093739839
A4,Qwen3-VL-8B,Gemma-4-12B,5747,0.8597529145641204,0.8508504705808939,0.05968804606959811,0.42134648988898304,0.06319021981920393
A4,Qwen3-VL-8B,Qwen3-VL-2B,5747,0.8781973203410475,0.8725320681606935,0.0444445288992051,0.10996833263183116,0.07313793620089305
A4,Qwen3-VL-8B,Qwen2.5-VL-3B,5747,0.8788933356533843,0.8788933356533843,0.0,0.0,0.0
A4,Qwen3-VL-8B,InternVL3.5-4B,5747,0.2554376196276318,0.22976710464139694,0.033328250638118014,0.052982478774244154,0.0406286514288321
A4,Qwen3-VL-8B,InternVL3.5-14B,5747,0.7797111536453802,0.7411292639529072,0.14903920884071784,0.7896123794369232,0.18667003313227964
A4,Qwen3-VL-4B,InternVL3.5-8B,5747,0.36018792413433093,0.23850602075347624,0.159793651292234,0.24776739191026226,0.3746079760863817
A4,Qwen3-VL-4B,GLM-4.6V-Flash,5747,0.5980511571254568,0.4245798467597608,0.30146895166751536,0.43784882300861966,0.31924227409018585
A4,Qwen3-VL-4B,Phi-4-multimodal,5747,0.596659126500783,0.4476377307514964,0.26978923805210714,0.5652757327488819,0.3269270260830025
A4,Qwen3-VL-4B,Gemma-4-12B,5747,0.39742474334435357,0.3728243806643023,0.03922404175421854,0.04394052783281469,0.038481029532135363
A4,Qwen3-VL-4B,Qwen3-VL-2B,5747,0.3662780581172786,0.3632480238212361,0.0047585785508293755,0.015689291581572624,0.008852422690447385
A4,Qwen3-VL-4B,Qwen2.5-VL-3B,5747,0.3655820428049417,0.3655820428049417,0.0,0.0,0.0
A4,Qwen3-VL-4B,InternVL3.5-4B,5747,0.6288498346963634,0.531688573779909,0.20747147192345414,0.5114041188838921,0.23091610727532721
A4,Qwen3-VL-4B,InternVL3.5-14B,5747,0.4746824430137463,0.3792881066491171,0.15368536898761118,0.25124002006157986,0.17225319014004445
A4,InternVL3.5-8B,GLM-4.6V-Flash,5747,0.5079171741778319,0.4057293008488644,0.17195509298192568,0.31630662733832976,0.4098614792606142
A4,InternVL3.5-8B,Phi-4-multimodal,5747,0.49573690621193667,0.35267984213035675,0.2209989328192505,0.35513334707846167,0.5905186055663095
A4,InternVL3.5-8B,Gemma-4-12B,5747,0.5815207934574561,0.5614816503168568,0.04569738793160838,0.04807818446899302,0.09138586482264402
A4,InternVL3.5-8B,Qwen3-VL-2B,5747,0.5890029580650774,0.5804371980157811,0.020415918686753617,0.021245371761532114,0.0212298327269535
A4,InternVL3.5-8B,Qwen2.5-VL-3B,5747,0.5816947972855403,0.5816947972855403,0.0,0.0,0.0
A4,InternVL3.5-8B,InternVL3.5-4B,5747,0.15381938402644857,0.1150937375607473,0.04376242785191015,0.0941010703503496,0.1371155461175078
A4,InternVL3.5-8B,InternVL3.5-14B,5747,0.6151035322777101,0.5006968176616399,0.2291327567356477,0.2482998898186222,0.4042846689904694
A4,GLM-4.6V-Flash,Phi-4-multimodal,5747,0.6958413085087872,0.5355780907047712,0.34508108811494104,0.796555509637536,0.36114634636107734
A4,GLM-4.6V-Flash,Gemma-4-12B,5747,0.714807725769967,0.6755090807926085,0.12110861244853996,0.14899290296267995,0.12220517952795341
A4,GLM-4.6V-Flash,Qwen3-VL-2B,5747,0.6881851400730816,0.6838648978205135,0.013665810037492385,0.040635885544279673,0.025857119689631725
A4,GLM-4.6V-Flash,Qwen2.5-VL-3B,5747,0.6890551592135027,0.6890551592135027,0.0,0.0,0.0
A4,GLM-4.6V-Flash,InternVL3.5-4B,5747,0.44301374630241863,0.3746772625622089,0.10928194298549401,0.19609982295691727,0.11174503679673471
A4,GLM-4.6V-Flash,InternVL3.5-14B,5747,0.738820254045589,0.6108623441394847,0.32882428101990285,0.5573191460424409,0.3700298113647394
A4,Phi-4-multimodal,Gemma-4-12B,5747,0.6405080911780059,0.5983499338394875,0.10496240606038038,0.10496240606038038,0.10496240606038038
A4,Phi-4-multimodal,Qwen3-VL-2B,5747,0.6055333217330782,0.6010699282539254,0.011188410689665512,0.01162458695314596,0.02254744167286984
A4,Phi-4-multimodal,Qwen2.5-VL-3B,5747,0.6057073255611624,0.6057073255611624,0.0,0.0,0.0
A4,Phi-4-multimodal,InternVL3.5-4B,5747,0.4851226726987994,0.434254150772455,0.08991408774063296,0.2732230447215666,0.09111598328454697
A4,Phi-4-multimodal,InternVL3.5-14B,5747,0.7007134156951453,0.5532367997114207,0.33010018705315153,0.4029323178793496,0.39525816502991734
A4,Gemma-4-12B,Qwen3-VL-2B,5747,0.9611971463372194,0.957809506470705,0.08029391417671507,0.17515149253517132,0.16160841443580534
A4,Gemma-4-12B,Qwen2.5-VL-3B,5747,0.9651992343831565,0.9651992343831565,0.0,0.0,0.0
A4,Gemma-4-12B,InternVL3.5-4B,5747,0.22759700713415695,0.21569407953110342,0.01517638372019094,0.017394954606155786,0.015047105164836913
A4,Gemma-4-12B,InternVL3.5-14B,5747,0.8508787193318254,0.8058882386764519,0.23177617032892062,0.3052818343114503,0.24038411215320424
A4,Qwen3-VL-2B,Qwen2.5-VL-3B,5747,0.9923438315642944,0.9923438315642944,0.0,0.0,0.0
A4,Qwen3-VL-2B,InternVL3.5-4B,5747,0.19436227597007133,0.19306952471764194,0.0016020602666878296,0.0054835209395171286,0.002850685102478311
A4,Qwen3-VL-2B,InternVL3.5-14B,5747,0.8287802331651296,0.8243113897661829,0.0254361588551432,0.07792791046152263,0.04887154133176068
A4,Qwen2.5-VL-3B,InternVL3.5-4B,5747,0.19453627979815555,0.19453627979815555,0.0,0.0,0.0
A4,Qwen2.5-VL-3B,InternVL3.5-14B,5747,0.8303462676178875,0.8303462676178875,0.0,0.0,0.0
A4,InternVL3.5-4B,InternVL3.5-14B,5747,0.3105968331303289,0.26401246287658453,0.06329505311437462,0.08291809970486097,0.07471359129939817
A5,Qwen2.5-VL-7B,Qwen3-VL-8B,5747,0.3353053767182878,0.20311823822017244,0.1658804917342777,0.23728286848896124,0.30904485977526747
A5,Qwen2.5-VL-7B,Qwen3-VL-4B,5747,0.47207238559248305,0.335542690447977,0.20547549583968655,0.5071538837080719,0.34029004282035125
A5,Qwen2.5-VL-7B,InternVL3.5-8B,5747,0.3032886723507917,0.2071551754754578,0.1212513393563284,0.20486853208990455,0.34886062306016513
A5,Qwen2.5-VL-7B,GLM-4.6V-Flash,5747,0.5639464068209501,0.3843361856901516,0.29173425001782727,0.7450695504852675,0.47686464405187956
A5,Qwen2.5-VL-7B,Phi-4-multimodal,5747,0.7393422655298416,0.49305572733736386,0.48582566462167687,0.6241516039791297,0.5125123936765333
A5,Qwen2.5-VL-7B,Gemma-4-12B,5747,0.6121454672002784,0.5209907445526007,0.19029845793384154,0.20228596394020454,0.1858203727379538
A5,Qwen2.5-VL-7B,Qwen2.5-VL-3B,5747,0.5333217330781277,0.5333217330781277,0.0,0.0,0.0
A5,Qwen2.5-VL-7B,InternVL3.5-4B,5747,0.33165129632851925,0.34649739256156803,-0.022717730677834308,0.2906742945780394,0.05472707934014212
A5,Qwen2.5-VL-7B,InternVL3.5-14B,5747,0.5413259091700018,0.4139347000904596,0.21736691986235177,0.7075517511625251,0.4392152122741255
A5,Qwen3-VL-8B,Qwen3-VL-4B,5747,0.4805985731686097,0.28736866942236816,0.27114988557914893,0.40910643990001355,0.5590886627926441
A5,Qwen3-VL-8B,InternVL3.5-8B,5747,0.6659126500783017,0.5403968189544819,0.2730960887570293,0.7864719760723774,0.3998211234116201
A5,Qwen3-VL-8B,GLM-4.6V-Flash,5747,0.40090481990603793,0.25452260837157936,0.19636036341048693,0.3310394427924646,0.41652992633563646
A5,Qwen3-VL-8B,Phi-4-multimodal,5747,0.25404558900295804,0.17065594235486614,0.10054891679681306,0.17167415990525267,0.1569694785698094
A5,Qwen3-VL-8B,Gemma-4-12B,5747,0.234035148773273,0.18275667176910362,0.0627456661104508,0.11001292238566204,0.04144817301283376
A5,Qwen3-VL-8B,Qwen2.5-VL-3B,5747,0.1880981381590395,0.1880981381590395,0.0,0.0,0.0
A5,Qwen3-VL-8B,InternVL3.5-4B,5747,0.2613537497824952,0.22263918482037473,0.0498025681332737,0.17761475508166022,0.08650092051180618
A5,Qwen3-VL-8B,InternVL3.5-14B,5747,0.3636680006960153,0.2709750079091961,0.12714652281121497,0.3231029638207836,0.18500510328131517
A5,Qwen3-VL-4B,InternVL3.5-8B,5747,0.3821124064729424,0.25708401012001664,0.16829412484865736,0.32498554430127585,0.4330576610052451
A5,Qwen3-VL-4B,GLM-4.6V-Flash,5747,0.587088915956151,0.3575207031098968,0.35731612513814914,0.7345848304405336,0.47220695525533085
A5,Qwen3-VL-4B,Phi-4-multimodal,5747,0.35340177483904645,0.29488341243942373,0.08299104493070152,0.2653563887940523,0.17115586761115414
A5,Qwen3-VL-4B,Gemma-4-12B,5747,0.2697059335305377,0.23311302234415643,0.04771617233381042,0.07471683363766475,0.04676927352001794
A5,Qwen3-VL-4B,Qwen2.5-VL-3B,5747,0.20584652862362973,0.20584652862362973,0.0,0.0,0.0
A5,Qwen3-VL-4B,InternVL3.5-4B,5747,0.5595963111188447,0.4622200205891914,0.18107087332692945,0.5612533007630646,0.14159526012811072
A5,Qwen3-VL-4B,InternVL3.5-14B,5747,0.42752740560292324,0.2871431638522322,0.1969318867857372,0.46055303033327627,0.225573185617813
A5,InternVL3.5-8B,GLM-4.6V-Flash,5747,0.3901165825648164,0.2444788300741955,0.19276462167820285,0.3099922415257906,0.43489868328591014
A5,InternVL3.5-8B,Phi-4-multimodal,5747,0.25508961197146335,0.1982195778134855,0.07092968671259028,0.11498511151925797,0.21044692688570513
A5,InternVL3.5-8B,Gemma-4-12B,5747,0.2634417957195058,0.24358897928119133,0.026246069788153786,0.06190207242997669,0.06252371108848966
A5,InternVL3.5-8B,Qwen2.5-VL-3B,5747,0.26361579954759007,0.26361579954759007,0.0,0.0,0.0
A5,InternVL3.5-8B,InternVL3.5-4B,5747,0.2152427353401775,0.15666384855351106,0.06946089846402528,0.12558210370078476,0.15756380367860218
A5,InternVL3.5-8B,InternVL3.5-14B,5747,0.4442317730990082,0.2987282400219765,0.20748523094897117,0.2640579821523633,0.3100580927066635
A5,GLM-4.6V-Flash,Phi-4-multimodal,5747,0.4866887071515573,0.39265927292196146,0.15482155244549212,0.42785716618089753,0.2809247632811932
A5,GLM-4.6V-Flash,Gemma-4-12B,5747,0.42335131372890206,0.38135859173345865,0.06787893832245846,0.12863275525738568,0.10272782320594308
A5,GLM-4.6V-Flash,Qwen2.5-VL-3B,5747,0.3763702801461632,0.3763702801461632,0.0,0.0,0.0
A5,GLM-4.6V-Flash,InternVL3.5-4B,5747,0.48808073777623107,0.39022561123802535,0.1604775935848684,0.46067391294201276,0.11500162069667372
A5,GLM-4.6V-Flash,InternVL3.5-14B,5747,0.547938054637202,0.3527226542780705,0.3015946744457763,0.6612814818328243,0.35175496895644814
A5,Phi-4-multimodal,Gemma-4-12B,5747,0.7938054637202019,0.6859947870306078,0.34334040403368393,0.3898884260262327,0.34334040403368393
A5,Phi-4-multimodal,Qwen2.5-VL-3B,5747,0.7238559248303462,0.7238559248303462,0.0,0.0,0.0
A5,Phi-4-multimodal,InternVL3.5-4B,5747,0.21593875065251436,0.26154358865531374,-0.061756980239030784,0.11425998918807882,0.01745210768417752
A5,Phi-4-multimodal,InternVL3.5-14B,5747,0.5877849312684879,0.48703916727163293,0.19640049993876194,0.622793311917224,0.41421788850753793
A5,Gemma-4-12B,Qwen2.5-VL-3B,5747,0.9154341395510701,0.9154341395510701,0.0,0.0,0.0
A5,Gemma-4-12B,InternVL3.5-4B,5747,0.1265007830172264,0.1285022357841794,-0.0022965667258526314,0.029649140580150644,0.012951324623787857
A5,Gemma-4-12B,InternVL3.5-14B,5747,0.6097094136070994,0.5587434895031063,0.11550180652655077,0.26337823209611977,0.20552493652283083
A5,Qwen2.5-VL-3B,InternVL3.5-4B,5747,0.06977553506177137,0.06977553506177137,0.0,0.0,0.0
A5,Qwen2.5-VL-3B,InternVL3.5-14B,5747,0.5903949886897512,0.5903949886897512,0.0,0.0,0.0
A5,InternVL3.5-4B,InternVL3.5-14B,5747,0.3419175221854881,0.2384735028987064,0.13583771501127717,0.2802455849512224,0.07242975031300225
