model,condition,condition_status,n,metric,estimate,ci_low,ci_high,boot_se,n_undefined
Qwen2.5-VL-7B,A1,full_clean,5747,reliable_rate,0.6251957543065948,0.6053258142791754,0.6432673994267921,0.009604261596439083,0
Qwen2.5-VL-7B,A1,full_clean,5747,uncertain_rate,0.3088567948494867,0.29272853452758346,0.32554509569746953,0.008401006853676729,0
Qwen2.5-VL-7B,A1,full_clean,5747,unreliable_rate,0.06594745084391856,0.05851395040948643,0.07375556842586779,0.003847353042389863,0
Qwen2.5-VL-7B,A1,full_clean,5747,coverage,0.6911432051505133,0.6744549043025305,0.7072714654724165,0.008401006853676729,0
Qwen2.5-VL-7B,A1,full_clean,5747,accuracy,0.8935045317220544,0.8827338772945947,0.9037113922800816,0.00540425619581758,0
Qwen2.5-VL-7B,A1,full_clean,5747,precision,0.9543556916225995,0.947070067189316,0.961486541768751,0.003711767642880894,0
Qwen2.5-VL-7B,A1,full_clean,5747,sensitivity,0.9297722342733189,0.9193583567520723,0.9396531636258554,0.005203660117260616,0
Qwen2.5-VL-7B,A1,full_clean,5747,specificity,0.4225352112676056,0.36266712594407025,0.48376312331772775,0.03090487577610843,0
Qwen2.5-VL-7B,A1,full_clean,5747,f1,0.9419035846724351,0.935609055101836,0.9477153613409515,0.003138242783110377,0
Qwen2.5-VL-7B,A1,full_clean,5747,balanced_accuracy,0.6761537227704623,0.6463293373440143,0.7058301556093753,0.015245695647918703,0
Qwen2.5-VL-7B,A2,full_clean,5747,reliable_rate,0.7426483382634418,0.724408460972123,0.759320205962528,0.008910240160059297,0
Qwen2.5-VL-7B,A2,full_clean,5747,uncertain_rate,0.23386114494518878,0.2181930678668941,0.25069550907020005,0.008284024678671566,0
Qwen2.5-VL-7B,A2,full_clean,5747,unreliable_rate,0.02349051679136941,0.018919567634999804,0.028698871731734393,0.00246764527418054,0
Qwen2.5-VL-7B,A2,full_clean,5747,coverage,0.7661388550548112,0.7493044909297999,0.7818069321331059,0.008284024678671568,0
Qwen2.5-VL-7B,A2,full_clean,5747,accuracy,0.9280036338859868,0.9191301481030635,0.9359813460553922,0.004310932777365069,0
Qwen2.5-VL-7B,A2,full_clean,5747,precision,0.9456419868791003,0.9378064292321924,0.9530744677849571,0.0039398872618943755,0
Qwen2.5-VL-7B,A2,full_clean,5747,sensitivity,0.9793739383644746,0.9740930382991031,0.9840052238535066,0.0026233071607417373,0
Qwen2.5-VL-7B,A2,full_clean,5747,specificity,0.1773049645390071,0.125,0.23077617328519853,0.027137337815613928,0
Qwen2.5-VL-7B,A2,full_clean,5747,f1,0.962212421027536,0.9573181629712967,0.9665375434345348,0.0023518924063356556,0
Qwen2.5-VL-7B,A2,full_clean,5747,balanced_accuracy,0.5783394514517408,0.5526650562503151,0.6048165972853776,0.013430294906122572,0
Qwen2.5-VL-7B,A3,full_clean,5747,reliable_rate,0.7684009048199061,0.7514503552705112,0.784192186235202,0.008543496144292314,0
Qwen2.5-VL-7B,A3,full_clean,5747,uncertain_rate,0.22846702627457804,0.2127804917331257,0.24536631694516334,0.008456650271300362,0
Qwen2.5-VL-7B,A3,full_clean,5747,unreliable_rate,0.0031320689055159214,0.0015342521842624337,0.005134659470173759,0.000939907713281146,0
Qwen2.5-VL-7B,A3,full_clean,5747,coverage,0.771532973725422,0.7546336830548367,0.7872195082668743,0.008456650271300364,0
Qwen2.5-VL-7B,A3,full_clean,5747,accuracy,0.9406856111862878,0.9326832905761634,0.9482683000749077,0.004032309658722855,0
Qwen2.5-VL-7B,A3,full_clean,5747,precision,0.9422554347826086,0.934247373864484,0.949908813196227,0.00402707109229978,0
Qwen2.5-VL-7B,A3,full_clean,5747,sensitivity,0.998081074598225,0.996686370920746,0.9992858885619241,0.0006632892923502216,0
Qwen2.5-VL-7B,A3,full_clean,5747,specificity,0.03773584905660377,0.011405763912893191,0.07274059274059266,0.015519710462797414,0
Qwen2.5-VL-7B,A3,full_clean,5747,f1,0.9693651718112988,0.9650918545596432,0.97341270479638,0.0021470466887917716,0
Qwen2.5-VL-7B,A3,full_clean,5747,balanced_accuracy,0.5179084618274145,0.5047871141966535,0.53521495601954,0.00770720631191948,0
Qwen2.5-VL-7B,A4,full_clean,5747,reliable_rate,0.6211936662606578,0.6030804070452829,0.6386994225328883,0.009210117944896186,0
Qwen2.5-VL-7B,A4,full_clean,5747,uncertain_rate,0.2709239603271272,0.25648159897998346,0.28553700932427767,0.007407499978455244,0
Qwen2.5-VL-7B,A4,full_clean,5747,unreliable_rate,0.10788237341221507,0.09871443076048171,0.11792821205683658,0.004954590968421267,0
Qwen2.5-VL-7B,A4,full_clean,5747,coverage,0.7290760396728728,0.7144629906757224,0.7435184010200164,0.0074074999784552445,0
Qwen2.5-VL-7B,A4,full_clean,5747,accuracy,0.871599045346062,0.8594318469843162,0.8827814931969141,0.0060453096639583185,0
Qwen2.5-VL-7B,A4,full_clean,5747,precision,0.969187675070028,0.9625251133662811,0.9753485980669666,0.0032709369593864348,0
Qwen2.5-VL-7B,A4,full_clean,5747,sensitivity,0.8899176954732511,0.8774176509213621,0.9015081145523536,0.006287332065073786,0
Qwen2.5-VL-7B,A4,full_clean,5747,specificity,0.6357615894039735,0.5751593137254901,0.6991024098260319,0.032933216983191294,0
Qwen2.5-VL-7B,A4,full_clean,5747,f1,0.9278626977742022,0.9204098721008892,0.9344194425697081,0.003653910110742866,0
Qwen2.5-VL-7B,A4,full_clean,5747,balanced_accuracy,0.7628396424386124,0.732354078134416,0.7938963019561004,0.016261454494922657,0
Qwen2.5-VL-7B,A5,full_clean,5747,reliable_rate,0.5333217330781277,0.517954194451031,0.5480422591755721,0.007737953431173163,0
Qwen2.5-VL-7B,A5,full_clean,5747,uncertain_rate,0.07917174177831912,0.07220444913300686,0.08652557486115256,0.0037428854288004826,0
Qwen2.5-VL-7B,A5,full_clean,5747,unreliable_rate,0.38750652514355316,0.3728184351069986,0.4025189904924524,0.007751094053501739,0
Qwen2.5-VL-7B,A5,full_clean,5747,coverage,0.9208282582216809,0.9134744251388475,0.9277955508669932,0.0037428854288004826,0
Qwen2.5-VL-7B,A5,full_clean,5747,accuracy,0.6674225245653818,0.652205624474693,0.6831996882089766,0.007961686609842327,0
Qwen2.5-VL-7B,A5,full_clean,5747,precision,0.9810766721044045,0.9753663808405132,0.9860164278460916,0.0026907105416619074,0
Qwen2.5-VL-7B,A5,full_clean,5747,sensitivity,0.6385644510511785,0.6214315045961777,0.6554707923960225,0.008691701753612642,0
Qwen2.5-VL-7B,A5,full_clean,5747,specificity,0.9005145797598628,0.8735167685330439,0.925533755429581,0.013129103629183321,0
Qwen2.5-VL-7B,A5,full_clean,5747,f1,0.7736043220993054,0.7605439946121383,0.7859690712953273,0.006411551516460295,0
Qwen2.5-VL-7B,A5,full_clean,5747,balanced_accuracy,0.7695395154055207,0.7547850957135999,0.784346132913213,0.00752772993325937,0
Qwen3-VL-8B,A1,full_clean,5747,reliable_rate,0.7497824952148947,0.7343039623474559,0.7639501067215418,0.00774897319623665,0
Qwen3-VL-8B,A1,full_clean,5747,uncertain_rate,0.04280494170871759,0.037386756637302565,0.04861746782352886,0.0028675116319683003,0
Qwen3-VL-8B,A1,full_clean,5747,unreliable_rate,0.20741256307638767,0.19429472888518035,0.22220332712445945,0.007261365467621936,0
Qwen3-VL-8B,A1,full_clean,5747,coverage,0.9571950582912824,0.9513825321764712,0.9626132433626974,0.0028675116319683007,0
Qwen3-VL-8B,A1,full_clean,5747,accuracy,0.7931285220868933,0.7782513707040469,0.8061160157638987,0.007222898403680446,0
Qwen3-VL-8B,A1,full_clean,5747,precision,0.9371083778138779,0.928636818992102,0.9453727012579913,0.0044691549250151855,0
Qwen3-VL-8B,A1,full_clean,5747,sensitivity,0.8232415902140673,0.8072644122055472,0.837120005607359,0.00782425018590163,0
Qwen3-VL-8B,A1,full_clean,5747,specificity,0.5453020134228188,0.5034647801111215,0.5883413529819458,0.021918483519492188,0
Qwen3-VL-8B,A1,full_clean,5747,f1,0.8764922943347081,0.8662673698101728,0.8852652305991204,0.004853483613937045,0
Qwen3-VL-8B,A1,full_clean,5747,balanced_accuracy,0.684271801818443,0.6628311014919749,0.706604007651117,0.011250782086422266,0
Qwen3-VL-8B,A2,full_clean,5747,reliable_rate,0.806681746998434,0.7928707256494985,0.8194383213727782,0.0068936532660424255,0
Qwen3-VL-8B,A2,full_clean,5747,uncertain_rate,0.06977553506177137,0.06325763046463151,0.0765036764055084,0.0034645291490159155,0
Qwen3-VL-8B,A2,full_clean,5747,unreliable_rate,0.12354271793979467,0.11274747936422497,0.1355906307840577,0.005823972195752886,0
Qwen3-VL-8B,A2,full_clean,5747,coverage,0.9302244649382286,0.9234963235944915,0.9367423695353685,0.0034645291490159155,0
Qwen3-VL-8B,A2,full_clean,5747,accuracy,0.8443696221474,0.8318581131581113,0.8559600255932417,0.0062483231009461465,0
Qwen3-VL-8B,A2,full_clean,5747,precision,0.927739430543572,0.918681481097595,0.9365547042296337,0.004546402644529029,0
Qwen3-VL-8B,A2,full_clean,5747,sensitivity,0.8964151729887453,0.8839238524337126,0.908128733553051,0.006312287127222175,0
Qwen3-VL-8B,A2,full_clean,5747,specificity,0.3886861313868613,0.3472582437602478,0.43158084059068536,0.0221519635484259,0
Qwen3-VL-8B,A2,full_clean,5747,f1,0.9118083527665889,0.9039776770752889,0.9188683976525069,0.003864429266513283,0
Qwen3-VL-8B,A2,full_clean,5747,balanced_accuracy,0.6425506521878033,0.6210367618834697,0.6638666607503847,0.011172744004799505,0
Qwen3-VL-8B,A3,full_clean,5747,reliable_rate,0.7344701583434835,0.7185604661209732,0.7500021724018074,0.00812757213320144,0
Qwen3-VL-8B,A3,full_clean,5747,uncertain_rate,0.06385940490690795,0.056968838749227,0.07078320403187972,0.0035748841721232856,0
Qwen3-VL-8B,A3,full_clean,5747,unreliable_rate,0.2016704367496085,0.18870883367272276,0.2165739157115297,0.007290673419069954,0
Qwen3-VL-8B,A3,full_clean,5747,coverage,0.936140595093092,0.9292167959681203,0.943031161250773,0.0035748841721232835,0
Qwen3-VL-8B,A3,full_clean,5747,accuracy,0.7931226765799256,0.7782297844843733,0.8064218127922396,0.007497305811228551,0
Qwen3-VL-8B,A3,full_clean,5747,precision,0.937692489931296,0.9289650979006981,0.9460748475681505,0.004364389149354601,0
Qwen3-VL-8B,A3,full_clean,5747,sensitivity,0.8232113144758736,0.8070509469168754,0.8380201721654512,0.008096089622007504,0
Qwen3-VL-8B,A3,full_clean,5747,specificity,0.5402097902097902,0.5,0.5829212332227867,0.021823338567722065,0
Qwen3-VL-8B,A3,full_clean,5747,f1,0.8767305349429616,0.8667474035513251,0.885476008820366,0.005031678465271084,0
Qwen3-VL-8B,A3,full_clean,5747,balanced_accuracy,0.681710552342832,0.6603548760140425,0.7037835225632638,0.011305395904788225,0
Qwen3-VL-8B,A4,full_clean,5747,reliable_rate,0.8788933356533843,0.8660251182496488,0.890724582485092,0.0063569611783997945,0
Qwen3-VL-8B,A4,full_clean,5747,uncertain_rate,0.04802505655124413,0.041881733870177885,0.05498976538752078,0.003349326703920212,0
Qwen3-VL-8B,A4,full_clean,5747,unreliable_rate,0.0730816077953715,0.06367223241448178,0.08385364439523046,0.005066580931659519,0
Qwen3-VL-8B,A4,full_clean,5747,coverage,0.9519749434487559,0.9450102346124792,0.9581182661298221,0.003349326703920212,0
Qwen3-VL-8B,A4,full_clean,5747,accuracy,0.8424419667336868,0.8293403935238037,0.8550936696174591,0.006587599717574262,0
Qwen3-VL-8B,A4,full_clean,5747,precision,0.8980399920807761,0.8878235720235707,0.9076741677097816,0.005150389182152074,0
Qwen3-VL-8B,A4,full_clean,5747,sensitivity,0.9289371288142535,0.9177768405230545,0.9391489556987727,0.005500912067531172,0
Qwen3-VL-8B,A4,full_clean,5747,specificity,0.12414965986394558,0.09605464623852855,0.15385304659498206,0.01473213362895719,0
Qwen3-VL-8B,A4,full_clean,5747,f1,0.9132273001811959,0.9053325461140093,0.9207299451874006,0.003967158824386634,0
Qwen3-VL-8B,A4,full_clean,5747,balanced_accuracy,0.5265433943390996,0.5121964277774821,0.5414135364571239,0.0075395508107762976,0
Qwen3-VL-8B,A5,full_clean,5747,reliable_rate,0.1880981381590395,0.1755837830929646,0.20046306837355182,0.0063685826436139644,0
Qwen3-VL-8B,A5,full_clean,5747,uncertain_rate,0.6869671132764921,0.6721218650380653,0.7016380164955008,0.007586847835638046,0
Qwen3-VL-8B,A5,full_clean,5747,unreliable_rate,0.12493474856446841,0.1155416383605982,0.13446917711442466,0.004803797648470224,0
Qwen3-VL-8B,A5,full_clean,5747,coverage,0.31303288672350793,0.29836198350449916,0.3278781349619347,0.0075868478356380465,0
Qwen3-VL-8B,A5,full_clean,5747,accuracy,0.7098387993329628,0.6869405463261125,0.7334123807953845,0.012131663476174706,0
Qwen3-VL-8B,A5,full_clean,5747,precision,0.9898242368177613,0.9831373092617998,0.9953229498846623,0.003116595266683138,0
Qwen3-VL-8B,A5,full_clean,5747,sensitivity,0.676786843769766,0.6518467142503489,0.7034570730136469,0.013336530721983176,0
Qwen3-VL-8B,A5,full_clean,5747,specificity,0.9495412844036697,0.9177987935151439,0.9759700829383886,0.01487428580992435,0
Qwen3-VL-8B,A5,full_clean,5747,f1,0.8039068369646882,0.7858260049967981,0.8225178587247588,0.009536870045339246,0
Qwen3-VL-8B,A5,full_clean,5747,balanced_accuracy,0.8131640640867178,0.792353859137151,0.8314475125697294,0.010058297943951366,0
Qwen3-VL-4B,A1,full_clean,5747,reliable_rate,0.37602227248999476,0.3576799273900588,0.39431314210506924,0.009355878426359857,0
Qwen3-VL-4B,A1,full_clean,5747,uncertain_rate,0.12858882895423698,0.11852992625168125,0.13888582126760976,0.005160943360300672,0
Qwen3-VL-4B,A1,full_clean,5747,unreliable_rate,0.49538889855576823,0.4775598963011026,0.5139911089410781,0.009331913460382974,0
Qwen3-VL-4B,A1,full_clean,5747,coverage,0.871411171045763,0.8611141787323903,0.8814700737483188,0.005160943360300674,0
Qwen3-VL-4B,A1,full_clean,5747,accuracy,0.5277555910543131,0.507944732600834,0.5466071594480935,0.009909046862972217,0
Qwen3-VL-4B,A1,full_clean,5747,precision,0.983341045812124,0.977302007391403,0.9887089569511369,0.002924301295894825,0
Qwen3-VL-4B,A1,full_clean,5747,sensitivity,0.4770992366412214,0.4551299851911355,0.4980277003230826,0.010999943429734621,0
Qwen3-VL-4B,A1,full_clean,5747,specificity,0.9350180505415162,0.9116106061141961,0.9559633027522936,0.011190975922818005,0
Qwen3-VL-4B,A1,full_clean,5747,f1,0.6424792139077853,0.6225986445693555,0.6612647972341779,0.010014902982218542,0
Qwen3-VL-4B,A1,full_clean,5747,balanced_accuracy,0.7060586435913688,0.6911159713085671,0.7204249686483489,0.007368549621970059,0
Qwen3-VL-4B,A2,full_clean,5747,reliable_rate,0.47485644684183054,0.45402265373096784,0.4954217801746803,0.010612969413585312,0
Qwen3-VL-4B,A2,full_clean,5747,uncertain_rate,0.08978597529145642,0.08172199270894329,0.0982524308226185,0.004160328762578041,0
Qwen3-VL-4B,A2,full_clean,5747,unreliable_rate,0.4353575778667131,0.41629243983574027,0.45461291096329015,0.009909853607336393,0
Qwen3-VL-4B,A2,full_clean,5747,coverage,0.9102140247085436,0.9017475691773815,0.9182780072910567,0.004160328762578041,0
Qwen3-VL-4B,A2,full_clean,5747,accuracy,0.6031351558019499,0.5832039494157507,0.6231467565873333,0.010266403463012002,0
Qwen3-VL-4B,A2,full_clean,5747,precision,0.9750824477830707,0.9685009385556067,0.9811824164548059,0.0032435094356703087,0
Qwen3-VL-4B,A2,full_clean,5747,sensitivity,0.5699293210537588,0.5475786801688521,0.5925405226131283,0.011558615803358747,0
Qwen3-VL-4B,A2,full_clean,5747,specificity,0.8790035587188612,0.8483133229258674,0.9081870605939476,0.015093900961526109,0
Qwen3-VL-4B,A2,full_clean,5747,f1,0.7193836171938361,0.7011515428710818,0.7370953602449277,0.009281147852511407,0
Qwen3-VL-4B,A2,full_clean,5747,balanced_accuracy,0.72446643988631,0.7075268472887796,0.7413720432717307,0.008815937129423477,0
Qwen3-VL-4B,A3,full_clean,5747,reliable_rate,0.4668522707499565,0.44692868866273877,0.4871227316671477,0.01037928874050765,0
Qwen3-VL-4B,A3,full_clean,5747,uncertain_rate,0.07603967287280321,0.06841794011893912,0.08399469577364058,0.0039144350183524315,0
Qwen3-VL-4B,A3,full_clean,5747,unreliable_rate,0.4571080563772403,0.43767405595315095,0.4766179735360062,0.00994493767518863,0
Qwen3-VL-4B,A3,full_clean,5747,coverage,0.9239603271271968,0.9160053042263594,0.9315820598810609,0.0039144350183524315,0
Qwen3-VL-4B,A3,full_clean,5747,accuracy,0.5943502824858757,0.5746641310671677,0.6140726852152179,0.010107659702087704,0
Qwen3-VL-4B,A3,full_clean,5747,precision,0.9806187103988073,0.9746055781587238,0.9861802357311467,0.0028754263535372693,0
Qwen3-VL-4B,A3,full_clean,5747,sensitivity,0.5558842171983942,0.5334956565109354,0.5781622784782458,0.011368084059284687,0
Qwen3-VL-4B,A3,full_clean,5747,specificity,0.9098786828422877,0.8823529411764706,0.9355933719414208,0.013023746512863752,0
Qwen3-VL-4B,A3,full_clean,5747,f1,0.709546925566343,0.6908189043771376,0.7273980342100128,0.00928390916305349,0
Qwen3-VL-4B,A3,full_clean,5747,balanced_accuracy,0.7328814500203409,0.716708567895762,0.7478533313717554,0.007898302765860047,0
Qwen3-VL-4B,A4,full_clean,5747,reliable_rate,0.3655820428049417,0.3454197992819969,0.385993751226131,0.010459722642642248,0
Qwen3-VL-4B,A4,full_clean,5747,uncertain_rate,0.06072733600139203,0.05389152354459642,0.06793805732986795,0.003645806459333835,0
Qwen3-VL-4B,A4,full_clean,5747,unreliable_rate,0.5736906211936662,0.5525564770227691,0.5947406806218195,0.010890192115245624,0
Qwen3-VL-4B,A4,full_clean,5747,coverage,0.939272663998608,0.9320619426701321,0.9461084764554035,0.0036458064593338337,0
Qwen3-VL-4B,A4,full_clean,5747,accuracy,0.47869581326417193,0.4576349938928634,0.4998157942968171,0.01071684267344967,0
Qwen3-VL-4B,A4,full_clean,5747,precision,0.9781056639695384,0.9714964093058361,0.9843051991508807,0.0032944129049492393,0
Qwen3-VL-4B,A4,full_clean,5747,sensitivity,0.4260833506116525,0.40308881927170515,0.44923157894736837,0.011937075361510835,0
Qwen3-VL-4B,A4,full_clean,5747,specificity,0.92,0.896307664012123,0.9420095326755874,0.011728626272633498,0
Qwen3-VL-4B,A4,full_clean,5747,f1,0.5935875216637782,0.5707911020773839,0.615877691679986,0.011647133235679051,0
Qwen3-VL-4B,A4,full_clean,5747,balanced_accuracy,0.6730416753058263,0.6575058302805744,0.6881882852031791,0.007778987009123742,0
Qwen3-VL-4B,A5,full_clean,5747,reliable_rate,0.20584652862362973,0.19421690933623106,0.21795686671263517,0.006088225309166108,0
Qwen3-VL-4B,A5,full_clean,5747,uncertain_rate,0.2658778493126849,0.2520639509375659,0.2800489385860538,0.006916763985886491,0
Qwen3-VL-4B,A5,full_clean,5747,unreliable_rate,0.5282756220636854,0.5138338034963348,0.5426316227047324,0.007292854975930961,0
Qwen3-VL-4B,A5,full_clean,5747,coverage,0.7341221506873151,0.7199510614139463,0.7479360490624342,0.006916763985886491,0
Qwen3-VL-4B,A5,full_clean,5747,accuracy,0.37473334913486606,0.35836023800156547,0.3912628535297477,0.00835906529505987,0
Qwen3-VL-4B,A5,full_clean,5747,precision,0.9940828402366864,0.9891400255754476,0.9982364865493161,0.002239607970844594,0
Qwen3-VL-4B,A5,full_clean,5747,sensitivity,0.30890464933018125,0.29234590766566104,0.3253923701225425,0.008359658750278949,0
Qwen3-VL-4B,A5,full_clean,5747,specificity,0.9830097087378641,0.969115909566416,0.9947780678851175,0.006385363597396828,0
Qwen3-VL-4B,A5,full_clean,5747,f1,0.4713426853707415,0.45206734555372724,0.4904147169393275,0.009728257912898167,0
Qwen3-VL-4B,A5,full_clean,5747,balanced_accuracy,0.6459571790340226,0.6359591802331838,0.6556670643554421,0.00506504969690853,0
InternVL3.5-8B,A1,full_clean,5747,reliable_rate,0.536801809639812,0.5198506267054653,0.553447683410549,0.008525260480073658,0
InternVL3.5-8B,A1,full_clean,5747,uncertain_rate,0.44718983817643987,0.4308797699180356,0.46368555993644195,0.008412708139543663,0
InternVL3.5-8B,A1,full_clean,5747,unreliable_rate,0.01600835218374804,0.012615559845694494,0.019896602923508856,0.0017907174243883015,0
InternVL3.5-8B,A1,full_clean,5747,coverage,0.5528101618235601,0.536314440063558,0.5691202300819643,0.008412708139543661,0
InternVL3.5-8B,A1,full_clean,5747,accuracy,0.9597104186339314,0.9527611390688141,0.9663762876644443,0.0034316618772586367,0
InternVL3.5-8B,A1,full_clean,5747,precision,0.9724473257698542,0.9663528408390054,0.977895474319991,0.0029544655116092284,0
InternVL3.5-8B,A1,full_clean,5747,sensitivity,0.9858692080184029,0.9811683888509493,0.9899319077117076,0.0021949056492121554,0
InternVL3.5-8B,A1,full_clean,5747,specificity,0.3656716417910448,0.281044401231567,0.45112781954887216,0.04366260032404326,0
InternVL3.5-8B,A1,full_clean,5747,f1,0.97911227154047,0.9754121490755591,0.9826360489011581,0.0018170043652561113,0
InternVL3.5-8B,A1,full_clean,5747,balanced_accuracy,0.6757704249047238,0.6338921750738596,0.7182478444706171,0.021741495249447896,0
InternVL3.5-8B,A2,full_clean,5747,reliable_rate,0.6084913868105098,0.5914332574976109,0.6242603947314092,0.008543625444561262,0
InternVL3.5-8B,A2,full_clean,5747,uncertain_rate,0.3895945710805638,0.3736604552888548,0.40652798089303593,0.008519353636112245,0
InternVL3.5-8B,A2,full_clean,5747,unreliable_rate,0.0019140421089263965,0.0008697051322464982,0.003157340817400456,0.0005838255528254801,0
InternVL3.5-8B,A2,full_clean,5747,coverage,0.6104054289194363,0.593472019106964,0.6263395447111452,0.008519353636112243,0
InternVL3.5-8B,A2,full_clean,5747,accuracy,0.9777651083238312,0.9724662616767511,0.9825760784006953,0.002567678004278601,0
InternVL3.5-8B,A2,full_clean,5747,precision,0.9782670860737775,0.9729294030306821,0.9831173113060865,0.0025644724302307954,0
InternVL3.5-8B,A2,full_clean,5747,sensitivity,0.9994157172071283,0.9984880442062164,1.0,0.00043089129657067143,0
InternVL3.5-8B,A2,full_clean,5747,specificity,0.10588235294117647,0.041666666666666664,0.17648920327624712,0.03451975444328221,0
InternVL3.5-8B,A2,full_clean,5747,f1,0.988728323699422,0.986012931627486,0.9911833986300682,0.0013161069503042754,0
InternVL3.5-8B,A2,full_clean,5747,balanced_accuracy,0.5526490350741524,0.5206793170392964,0.5880864559507879,0.017259869420419356,0
InternVL3.5-8B,A3,full_clean,5747,reliable_rate,0.5950930920480251,0.5778037488161527,0.611160055255758,0.008541391196928542,0
InternVL3.5-8B,A3,full_clean,5747,uncertain_rate,0.3998607969375326,0.3837877342591029,0.41730817485472793,0.008536240238081349,0
InternVL3.5-8B,A3,full_clean,5747,unreliable_rate,0.005046111014442318,0.00336515474970141,0.006928686936355782,0.0009306889410498184,0
InternVL3.5-8B,A3,full_clean,5747,coverage,0.6001392030624674,0.5826918251452721,0.616212265740897,0.008536240238081349,0
InternVL3.5-8B,A3,full_clean,5747,accuracy,0.9779646274282401,0.9727156879855478,0.9827981818546553,0.002578260976558941,0
InternVL3.5-8B,A3,full_clean,5747,precision,0.9798245614035088,0.9746645358502578,0.9844215675833548,0.002520308719075,0
InternVL3.5-8B,A3,full_clean,5747,sensitivity,0.9979154258487195,0.9962237546709747,0.9993833155522983,0.0007928474796243827,0
InternVL3.5-8B,A3,full_clean,5747,specificity,0.24175824175824176,0.15532535829865926,0.3333333333333333,0.04535624764620429,0
InternVL3.5-8B,A3,full_clean,5747,f1,0.9887872528769549,0.9860879220524758,0.9912600231144756,0.0013268212069394352,0
InternVL3.5-8B,A3,full_clean,5747,balanced_accuracy,0.6198368338034806,0.5764245780900432,0.6655308519140316,0.022676898723839645,0
InternVL3.5-8B,A4,full_clean,5747,reliable_rate,0.5816947972855403,0.5638782345427782,0.5982909754088717,0.008856609188277435,0
InternVL3.5-8B,A4,full_clean,5747,uncertain_rate,0.41743518357403864,0.4006649910975115,0.43501351591764925,0.008841549664603909,0
InternVL3.5-8B,A4,full_clean,5747,unreliable_rate,0.0008700191404210892,0.00017543782715867022,0.001730455647655855,0.0003868892628146719,0
InternVL3.5-8B,A4,full_clean,5747,coverage,0.5825648164259614,0.5649864840823507,0.5993350089024885,0.00884154966460391,0
InternVL3.5-8B,A4,full_clean,5747,accuracy,0.9743130227001194,0.9685732703674933,0.9796219952847204,0.0028849037640716626,0
InternVL3.5-8B,A4,full_clean,5747,precision,0.9742746036494166,0.9684983753677606,0.979597875584073,0.002889052444556512,0
InternVL3.5-8B,A4,full_clean,5747,sensitivity,1.0,1.0,1.0,0.0,0
InternVL3.5-8B,A4,full_clean,5747,specificity,0.054945054945054944,0.011764705882352941,0.10529115341545336,0.024169405541756474,0
InternVL3.5-8B,A4,full_clean,5747,f1,0.9869696969696969,0.9839971294687175,0.9896938036418594,0.0014827159485935053,0
InternVL3.5-8B,A4,full_clean,5747,balanced_accuracy,0.5274725274725275,0.5058823529411764,0.5526455767077266,0.012084702770878235,0
InternVL3.5-8B,A5,full_clean,5747,reliable_rate,0.26361579954759007,0.25078398041273176,0.2771256073725362,0.006783984893209829,0
InternVL3.5-8B,A5,full_clean,5747,uncertain_rate,0.7095876109274404,0.695016525236104,0.7230516582569344,0.006997511876027669,0
InternVL3.5-8B,A5,full_clean,5747,unreliable_rate,0.02679658952496955,0.022260050643502033,0.0317968582992756,0.0024201733755702813,0
InternVL3.5-8B,A5,full_clean,5747,coverage,0.2904123890725596,0.27694834174306565,0.304983474763896,0.006997511876027669,0
InternVL3.5-8B,A5,full_clean,5747,accuracy,0.8921509886159377,0.8749239407434428,0.9079931733653084,0.008620793906391906,0
InternVL3.5-8B,A5,full_clean,5747,precision,0.9808580858085808,0.9729214471439018,0.9876033731731116,0.0036770984428086315,0
InternVL3.5-8B,A5,full_clean,5747,sensitivity,0.9077580940745266,0.8916189760986094,0.9230303772434061,0.008130615782179983,0
InternVL3.5-8B,A5,full_clean,5747,specificity,0.09375,0.0,0.21217532467532438,0.05321768711364305,0
InternVL3.5-8B,A5,full_clean,5747,f1,0.9428934010152284,0.9331585039247612,0.9517383014855172,0.004830092557917387,0
InternVL3.5-8B,A5,full_clean,5747,balanced_accuracy,0.5007540470372633,0.45246472726403136,0.5610031731341252,0.026863947845715046,0
GLM-4.6V-Flash,A1,full_clean,5747,reliable_rate,0.6471202366452062,0.6324913350947386,0.6612184029152868,0.007342478716342816,0
GLM-4.6V-Flash,A1,full_clean,5747,uncertain_rate,0.008700191404210893,0.006253091821482889,0.011391143394289741,0.001292167896425165,0
GLM-4.6V-Flash,A1,full_clean,5747,unreliable_rate,0.3441795719505829,0.33037364832610244,0.35832235788005323,0.007243240912867767,0
GLM-4.6V-Flash,A1,full_clean,5747,coverage,0.9912998085957891,0.9886088566057103,0.9937469081785171,0.0012921678964251653,0
GLM-4.6V-Flash,A1,full_clean,5747,accuracy,0.6873793224504124,0.6734273997978014,0.7006353625776096,0.0070843252156869265,0
GLM-4.6V-Flash,A1,full_clean,5747,precision,0.9419198709330465,0.9330675941221563,0.9495264127589215,0.004219081188393843,0
GLM-4.6V-Flash,A1,full_clean,5747,sensitivity,0.6911996842936069,0.6757525141646701,0.7059349480743541,0.007768520108510437,0
GLM-4.6V-Flash,A1,full_clean,5747,specificity,0.6565977742448331,0.6195583204590598,0.6909725515055467,0.018195728693642728,0
GLM-4.6V-Flash,A1,full_clean,5747,f1,0.7973142141800387,0.7861008633620596,0.8076420041434624,0.005460848328509736,0
GLM-4.6V-Flash,A1,full_clean,5747,balanced_accuracy,0.67389872926922,0.6541970178823449,0.6919820714738343,0.009703924835536924,0
GLM-4.6V-Flash,A2,full_clean,5747,reliable_rate,0.6582564816425961,0.6439055021127172,0.6724639741618439,0.00722323586615686,0
GLM-4.6V-Flash,A2,full_clean,5747,uncertain_rate,0.009918218200800417,0.007363177291407673,0.012564839622958577,0.001336561808781588,0
GLM-4.6V-Flash,A2,full_clean,5747,unreliable_rate,0.33182530015660344,0.31781682140422435,0.3464082619411229,0.007144036321163401,0
GLM-4.6V-Flash,A2,full_clean,5747,coverage,0.9900817817991996,0.9874351603770414,0.9926368227085923,0.001336561808781587,0
GLM-4.6V-Flash,A2,full_clean,5747,accuracy,0.7038664323374341,0.6898500789511091,0.7167871309902073,0.006826945187548736,0
GLM-4.6V-Flash,A2,full_clean,5747,precision,0.9471319058947925,0.9389408058849151,0.9544531455646222,0.004023214033228136,0
GLM-4.6V-Flash,A2,full_clean,5747,sensitivity,0.7069850039463299,0.6924104438079106,0.7216398361473095,0.0074744795859961405,0
GLM-4.6V-Flash,A2,full_clean,5747,specificity,0.6784565916398714,0.641229633263231,0.7142912257495591,0.018990833073055855,0
GLM-4.6V-Flash,A2,full_clean,5747,f1,0.8096260309569541,0.7991209905262321,0.8191844584817024,0.005169101325826007,0
GLM-4.6V-Flash,A2,full_clean,5747,balanced_accuracy,0.6927207977931007,0.6727354115132582,0.7108032830909021,0.009961635938049981,0
GLM-4.6V-Flash,A3,full_clean,5747,reliable_rate,0.6431181485992692,0.6289398331166824,0.6573884822278826,0.007225938901800599,0
GLM-4.6V-Flash,A3,full_clean,5747,uncertain_rate,0.017400382808421787,0.014125489147003038,0.02073607618108229,0.001744624350485417,0
GLM-4.6V-Flash,A3,full_clean,5747,unreliable_rate,0.33948146859230904,0.32562614089501846,0.35308514037268807,0.00709054637223382,0
GLM-4.6V-Flash,A3,full_clean,5747,coverage,0.9825996171915782,0.9792639238189177,0.985874510852997,0.0017446243504854163,0
GLM-4.6V-Flash,A3,full_clean,5747,accuracy,0.7053302638569152,0.6918784977668203,0.7187238462209621,0.006792104597184165,0
GLM-4.6V-Flash,A3,full_clean,5747,precision,0.9561688311688312,0.9489486588437734,0.9633680839744639,0.0037578527204406792,0
GLM-4.6V-Flash,A3,full_clean,5747,sensitivity,0.7017474185861795,0.6871409268321312,0.7166162050797601,0.0074400664438207765,0
GLM-4.6V-Flash,A3,full_clean,5747,specificity,0.734860883797054,0.6992241860465116,0.7702540306191573,0.018454745831231713,0
GLM-4.6V-Flash,A3,full_clean,5747,f1,0.809436555199267,0.7991378122213167,0.8196911533777955,0.0051613721619627835,0
GLM-4.6V-Flash,A3,full_clean,5747,balanced_accuracy,0.7183041511916168,0.699289466334394,0.7372155833201236,0.009688916863901982,0
GLM-4.6V-Flash,A4,full_clean,5747,reliable_rate,0.6890551592135027,0.6728594093042388,0.7036650444288609,0.007877848000893297,0
GLM-4.6V-Flash,A4,full_clean,5747,uncertain_rate,0.011136244997389943,0.008282503526481699,0.014065287020645812,0.0014671317695109725,0
GLM-4.6V-Flash,A4,full_clean,5747,unreliable_rate,0.29980859578910735,0.28515260559454436,0.31553837064910045,0.007765252638419292,0
GLM-4.6V-Flash,A4,full_clean,5747,coverage,0.98886375500261,0.9859347129793542,0.9917174964735184,0.0014671317695109716,0
GLM-4.6V-Flash,A4,full_clean,5747,accuracy,0.7406299489706141,0.7259009302264681,0.7544984213116085,0.00717444256590252,0
GLM-4.6V-Flash,A4,full_clean,5747,precision,0.953030303030303,0.9453407440894879,0.9601640510944384,0.003828751649807317,0
GLM-4.6V-Flash,A4,full_clean,5747,sensitivity,0.7455551165547215,0.7293537545287911,0.7610013380966527,0.008015072138847314,0
GLM-4.6V-Flash,A4,full_clean,5747,specificity,0.7004830917874396,0.663103673432907,0.7375215665976534,0.019548966442574957,0
GLM-4.6V-Flash,A4,full_clean,5747,f1,0.8366215916648193,0.8259291457613469,0.8463301536245452,0.005245046002903316,0
GLM-4.6V-Flash,A4,full_clean,5747,balanced_accuracy,0.7230191041710805,0.7033761476550887,0.7425397498285863,0.010066765891626498,0
GLM-4.6V-Flash,A5,full_clean,5747,reliable_rate,0.3763702801461632,0.3624232741674972,0.3907053112362367,0.0074242623962627805,0
GLM-4.6V-Flash,A5,full_clean,5747,uncertain_rate,0.18827214198712372,0.1769400745881731,0.19972646601208255,0.005841909297356509,0
GLM-4.6V-Flash,A5,full_clean,5747,unreliable_rate,0.4353575778667131,0.42094801764025724,0.44981165587786603,0.007317261078752311,0
GLM-4.6V-Flash,A5,full_clean,5747,coverage,0.8117278580128763,0.8002735339879175,0.8230599254118269,0.005841909297356509,0
GLM-4.6V-Flash,A5,full_clean,5747,accuracy,0.5286173633440514,0.5122972403570403,0.5451931109548491,0.008401434830797213,0
GLM-4.6V-Flash,A5,full_clean,5747,precision,0.9838187702265372,0.9780838471041852,0.9890261884878988,0.0028241690294019636,0
GLM-4.6V-Flash,A5,full_clean,5747,sensitivity,0.4958061509785648,0.47880936137502533,0.5132123422298736,0.008784294250452048,0
GLM-4.6V-Flash,A5,full_clean,5747,specificity,0.9061662198391421,0.8746436669906057,0.9342892271662763,0.015556819518244886,0
GLM-4.6V-Flash,A5,full_clean,5747,f1,0.6593338497288923,0.6437371430826123,0.6748081169716441,0.007834105928766806,0
GLM-4.6V-Flash,A5,full_clean,5747,balanced_accuracy,0.7009861854088535,0.6827810242807802,0.7175793479339704,0.008841613935462653,0
Phi-4-multimodal,A1,full_clean,5747,reliable_rate,0.867409082999826,0.8520289606227106,0.8813747315463886,0.007605049401444103,0
Phi-4-multimodal,A1,full_clean,5747,uncertain_rate,0.0,0.0,0.0,0.0,0
Phi-4-multimodal,A1,full_clean,5747,unreliable_rate,0.132590917000174,0.1186252684536114,0.14797103937728937,0.007605049401444101,0
Phi-4-multimodal,A1,full_clean,5747,coverage,1.0,1.0,1.0,0.0,0
Phi-4-multimodal,A1,full_clean,5747,accuracy,0.8134678962937184,0.7990006995939722,0.8257639698604464,0.006803239590723005,0
Phi-4-multimodal,A1,full_clean,5747,precision,0.9049147442326981,0.8950887920779094,0.914081454895359,0.004975150916837077,0
Phi-4-multimodal,A1,full_clean,5747,sensitivity,0.8829516539440203,0.8684259163982289,0.8959643041721481,0.007105448751243783,0
Phi-4-multimodal,A1,full_clean,5747,specificity,0.25705329153605017,0.21202403629511285,0.30357442473633744,0.022865073109394025,0
Phi-4-multimodal,A1,full_clean,5747,f1,0.8937982960174361,0.8845411757885289,0.9015188232721847,0.004365602869224319,0
Phi-4-multimodal,A1,full_clean,5747,balanced_accuracy,0.5700024727400352,0.548563561371345,0.5915004847076081,0.010796360028962185,0
Phi-4-multimodal,A2,full_clean,5747,reliable_rate,0.8721071863580999,0.8569637801021366,0.8858412258237888,0.0073444027135030916,0
Phi-4-multimodal,A2,full_clean,5747,uncertain_rate,0.0,0.0,0.0,0.0,0
Phi-4-multimodal,A2,full_clean,5747,unreliable_rate,0.1278928136419001,0.1141587741762112,0.14303621989786344,0.0073444027135030916,0
Phi-4-multimodal,A2,full_clean,5747,coverage,1.0,1.0,1.0,0.0,0
Phi-4-multimodal,A2,full_clean,5747,accuracy,0.822690099182182,0.8091233750401707,0.8346670774647887,0.006491281172555691,0
Phi-4-multimodal,A2,full_clean,5747,precision,0.9080207501995211,0.8983953352402911,0.9170900231919497,0.004923933952891983,0
Phi-4-multimodal,A2,full_clean,5747,sensitivity,0.8907809747504404,0.8772167714385894,0.9036246046394406,0.00675841312940781,0
Phi-4-multimodal,A2,full_clean,5747,specificity,0.2774294670846395,0.2311318937698055,0.32436715508988406,0.023436972345652483,0
Phi-4-multimodal,A2,full_clean,5747,f1,0.8993182491848631,0.8906049033575788,0.9066918501007302,0.004127332260086833,0
Phi-4-multimodal,A2,full_clean,5747,balanced_accuracy,0.5841052209175399,0.5620569610060354,0.6053036293939351,0.011089474054458905,0
Phi-4-multimodal,A3,full_clean,5747,reliable_rate,0.7189838176439882,0.6961723301934784,0.7396429334149135,0.011032022135897839,0
Phi-4-multimodal,A3,full_clean,5747,uncertain_rate,0.0,0.0,0.0,0.0,0
Phi-4-multimodal,A3,full_clean,5747,unreliable_rate,0.28101618235601183,0.2603570665850865,0.3038276698065216,0.011032022135897837,0
Phi-4-multimodal,A3,full_clean,5747,coverage,1.0,1.0,1.0,0.0,0
Phi-4-multimodal,A3,full_clean,5747,accuracy,0.7221158865495041,0.7039810694505623,0.7388622897087531,0.009092372310806956,0
Phi-4-multimodal,A3,full_clean,5747,precision,0.9249757986447241,0.9154335288322117,0.9336645969197465,0.004649679105352831,0
Phi-4-multimodal,A3,full_clean,5747,sensitivity,0.7480916030534351,0.7262100751411612,0.7683192849751617,0.010807372633219089,0
Phi-4-multimodal,A3,full_clean,5747,specificity,0.5141065830721003,0.46470801383330756,0.5627030320424574,0.0248959497205194,0
Phi-4-multimodal,A3,full_clean,5747,f1,0.8271832052808138,0.8133551442334233,0.8398837180229863,0.006812911715197699,0
Phi-4-multimodal,A3,full_clean,5747,balanced_accuracy,0.6310990930627678,0.6076803705077647,0.6532806860492155,0.01169311605392,0
Phi-4-multimodal,A4,full_clean,5747,reliable_rate,0.6057073255611624,0.5880378949473707,0.6225003243688154,0.008825921362610057,0
Phi-4-multimodal,A4,full_clean,5747,uncertain_rate,0.0,0.0,0.0,0.0,0
Phi-4-multimodal,A4,full_clean,5747,unreliable_rate,0.39429267443883764,0.3774996756311846,0.4119621050526292,0.008825921362610057,0
Phi-4-multimodal,A4,full_clean,5747,coverage,1.0,1.0,1.0,0.0,0
Phi-4-multimodal,A4,full_clean,5747,accuracy,0.6850530711675656,0.6690381498510769,0.7005203244947215,0.007998673166317312,0
Phi-4-multimodal,A4,full_clean,5747,precision,0.9738580867566791,0.967790630291758,0.9791919823723879,0.0029126234674146136,0
Phi-4-multimodal,A4,full_clean,5747,sensitivity,0.6635349383440986,0.6452894709530214,0.6807485247130933,0.009077186624396695,0
Phi-4-multimodal,A4,full_clean,5747,specificity,0.8573667711598746,0.8268912008156273,0.8862258888048411,0.015087230479230855,0
Phi-4-multimodal,A4,full_clean,5747,f1,0.789289871944121,0.776234554556162,0.8011934385467457,0.006371909950617743,0
Phi-4-multimodal,A4,full_clean,5747,balanced_accuracy,0.7604508547519866,0.7445342528780513,0.7755334007125066,0.00785715973194208,0
Phi-4-multimodal,A5,full_clean,5747,reliable_rate,0.7238559248303462,0.7100222074322093,0.7370515657040388,0.007025220954349106,0
Phi-4-multimodal,A5,full_clean,5747,uncertain_rate,0.0,0.0,0.0,0.0,0
Phi-4-multimodal,A5,full_clean,5747,unreliable_rate,0.2761440751696537,0.2629484342959612,0.2899777925677907,0.007025220954349107,0
Phi-4-multimodal,A5,full_clean,5747,coverage,1.0,1.0,1.0,0.0,0
Phi-4-multimodal,A5,full_clean,5747,accuracy,0.7673568818514007,0.7548180997790518,0.7797724760948276,0.006429136430476907,0
Phi-4-multimodal,A5,full_clean,5747,precision,0.9533653846153847,0.9459762158732102,0.9600290054833996,0.0036049254257899824,0
Phi-4-multimodal,A5,full_clean,5747,sensitivity,0.7762771579565473,0.7625249206680452,0.7896440730910652,0.007063291370179689,0
Phi-4-multimodal,A5,full_clean,5747,specificity,0.6959247648902821,0.658307210031348,0.7321724755508989,0.018937987227525988,0
Phi-4-multimodal,A5,full_clean,5747,f1,0.855755744956306,0.8467009751833282,0.8642863191000363,0.004527597265951721,0
Phi-4-multimodal,A5,full_clean,5747,balanced_accuracy,0.7361009614234146,0.7164841992163477,0.7544929340150183,0.009815447532559056,0
Gemma-4-12B,A1,full_clean,5747,reliable_rate,0.9714633721941883,0.9665724238568927,0.976240489033016,0.0024155622192350004,0
Gemma-4-12B,A1,full_clean,5747,uncertain_rate,0.0,0.0,0.0,0.0,0
Gemma-4-12B,A1,full_clean,5747,unreliable_rate,0.02853662780581173,0.023759510966984067,0.033427576143107325,0.0024155622192349995,0
Gemma-4-12B,A1,full_clean,5747,coverage,1.0,1.0,1.0,0.0,0
Gemma-4-12B,A1,full_clean,5747,accuracy,0.8834174351835741,0.8739039576869708,0.8922671164786922,0.004886423320418595,0
Gemma-4-12B,A1,full_clean,5747,precision,0.8975461221565466,0.8879476615636316,0.9067707983106157,0.0049366040508065645,0
Gemma-4-12B,A1,full_clean,5747,sensitivity,0.9808181640242709,0.9765318443885985,0.9849240183468989,0.0021355819227627227,0
Gemma-4-12B,A1,full_clean,5747,specificity,0.10344827586206896,0.07805464354067536,0.1294865965254724,0.013199231248194585,0
Gemma-4-12B,A1,full_clean,5747,f1,0.9373363262252151,0.9319581502077843,0.9424394527456958,0.0027929267520771144,0
Gemma-4-12B,A1,full_clean,5747,balanced_accuracy,0.54213321994317,0.5291755601834537,0.5553789267206494,0.006658161210516765,0
Gemma-4-12B,A2,full_clean,5747,reliable_rate,0.9735514181311988,0.969036094451536,0.9779250308835237,0.0023452291127285664,0
Gemma-4-12B,A2,full_clean,5747,uncertain_rate,0.0,0.0,0.0,0.0,0
Gemma-4-12B,A2,full_clean,5747,unreliable_rate,0.026448581868801113,0.022074969116476318,0.030963905548464,0.002345229112728566,0
Gemma-4-12B,A2,full_clean,5747,coverage,1.0,1.0,1.0,0.0,0
Gemma-4-12B,A2,full_clean,5747,accuracy,0.8827214198712372,0.8732872248519773,0.8917144020046881,0.004925190754814012,0
Gemma-4-12B,A2,full_clean,5747,precision,0.8963360142984808,0.8867262788741576,0.9055915469066317,0.004924754384529295,0
Gemma-4-12B,A2,full_clean,5747,sensitivity,0.9816010961049129,0.9773420438249336,0.985480745021139,0.002087085018209248,0
Gemma-4-12B,A2,full_clean,5747,specificity,0.09090909090909091,0.06828449791651613,0.11462198854969805,0.012022205580797363,0
Gemma-4-12B,A2,full_clean,5747,f1,0.9370328849028401,0.9315951329151786,0.9421585879412102,0.0028177335555459896,0
Gemma-4-12B,A2,full_clean,5747,balanced_accuracy,0.5362550935070018,0.5248249836001933,0.5482611746668969,0.006048339726386023,0
Gemma-4-12B,A3,full_clean,5747,reliable_rate,0.9437967635287976,0.9376596157057103,0.9497928477098498,0.00314433056505232,0
Gemma-4-12B,A3,full_clean,5747,uncertain_rate,0.0,0.0,0.0,0.0,0
Gemma-4-12B,A3,full_clean,5747,unreliable_rate,0.056203236471202365,0.050207152290150096,0.06234038429428972,0.0031443305650523195,0
Gemma-4-12B,A3,full_clean,5747,coverage,1.0,1.0,1.0,0.0,0
Gemma-4-12B,A3,full_clean,5747,accuracy,0.8842874543239951,0.8751250855285666,0.8932531110556198,0.004702924028166406,0
Gemma-4-12B,A3,full_clean,5747,precision,0.9096607669616519,0.9003732508736159,0.9186183930384653,0.004759997793604371,0
Gemma-4-12B,A3,full_clean,5747,sensitivity,0.9657467214719123,0.9601474063643599,0.9710118396706454,0.002734185393819231,0
Gemma-4-12B,A3,full_clean,5747,specificity,0.23197492163009403,0.19767267790001392,0.2676282051282051,0.01778887014790926,0
Gemma-4-12B,A3,full_clean,5747,f1,0.9368650906674262,0.9314641442785068,0.9420875213644192,0.002728742939468336,0
Gemma-4-12B,A3,full_clean,5747,balanced_accuracy,0.5988608215510032,0.5814017213345549,0.6167495207322166,0.008971071328148688,0
Gemma-4-12B,A4,full_clean,5747,reliable_rate,0.9651992343831565,0.9598615615017181,0.9702676914437912,0.0026225718128438115,0
Gemma-4-12B,A4,full_clean,5747,uncertain_rate,0.0,0.0,0.0,0.0,0
Gemma-4-12B,A4,full_clean,5747,unreliable_rate,0.034800765616843574,0.029732308556208807,0.04013843849828197,0.002622571812843811,0
Gemma-4-12B,A4,full_clean,5747,coverage,1.0,1.0,1.0,0.0,0
Gemma-4-12B,A4,full_clean,5747,accuracy,0.8952496954933008,0.8855833595445451,0.9044392487006319,0.004849435841935212,0
Gemma-4-12B,A4,full_clean,5747,precision,0.9062556336758608,0.896715844659812,0.9156386108361416,0.004840907799481952,0
Gemma-4-12B,A4,full_clean,5747,sensitivity,0.9839498923468389,0.9800898193784128,0.9875270075215522,0.0019264807475577784,0
Gemma-4-12B,A4,full_clean,5747,specificity,0.18495297805642633,0.15273150739426683,0.2212013206971256,0.017327855714146884,0
Gemma-4-12B,A4,full_clean,5747,f1,0.943506006006006,0.9380217908956306,0.9487279362652852,0.002760965376171997,0
Gemma-4-12B,A4,full_clean,5747,balanced_accuracy,0.5844514352016327,0.568146302316206,0.6024060877413472,0.008726396927730137,0
Gemma-4-12B,A5,full_clean,5747,reliable_rate,0.9154341395510701,0.9075366461798337,0.922641986056088,0.0037693885111451117,0
Gemma-4-12B,A5,full_clean,5747,uncertain_rate,0.0,0.0,0.0,0.0,0
Gemma-4-12B,A5,full_clean,5747,unreliable_rate,0.08456586044892987,0.07735801394391194,0.0924633538201664,0.0037693885111451117,0
Gemma-4-12B,A5,full_clean,5747,coverage,1.0,1.0,1.0,0.0,0
Gemma-4-12B,A5,full_clean,5747,accuracy,0.8781973203410475,0.8690944342088481,0.8872862619833537,0.00447491383981247,0
Gemma-4-12B,A5,full_clean,5747,precision,0.9190268009884053,0.9103278210181924,0.9276124929346519,0.00447251578764243,0
Gemma-4-12B,A5,full_clean,5747,sensitivity,0.9463691524760227,0.9396646124706222,0.9527408461026842,0.0033135738897733004,0
Gemma-4-12B,A5,full_clean,5747,specificity,0.3322884012539185,0.29641173970312107,0.37181522304174547,0.019531761636045697,0
Gemma-4-12B,A5,full_clean,5747,f1,0.9324975891996142,0.9270558958256855,0.9378409976617303,0.002653187148996814,0
Gemma-4-12B,A5,full_clean,5747,balanced_accuracy,0.6393287768649706,0.620951737929446,0.6593606126200395,0.009817519036537752,0
MiniCPM-V-4.5,A1,full_clean,5747,reliable_rate,0.9669392726639986,0.9612363021047501,0.9718971106935006,0.002697923064937333,0
MiniCPM-V-4.5,A1,full_clean,5747,uncertain_rate,0.0,0.0,0.0,0.0,0
MiniCPM-V-4.5,A1,full_clean,5747,unreliable_rate,0.03306072733600139,0.028102889306499398,0.0387636978952499,0.0026979230649373334,0
MiniCPM-V-4.5,A1,full_clean,5747,coverage,1.0,1.0,1.0,0.0,0
MiniCPM-V-4.5,A1,full_clean,5747,accuracy,0.880981381590395,0.8709558678143495,0.8907136428547915,0.005034210897790323,0
MiniCPM-V-4.5,A1,full_clean,5747,precision,0.8981464819147021,0.8885399215278742,0.9075587153309339,0.004951666908848064,0
MiniCPM-V-4.5,A1,full_clean,5747,sensitivity,0.9769035036210608,0.9718139144465661,0.9814394105600235,0.002484546176306394,0
MiniCPM-V-4.5,A1,full_clean,5747,specificity,0.11285266457680251,0.0873782621207761,0.13804289051215787,0.012974398686738813,0
MiniCPM-V-4.5,A1,full_clean,5747,f1,0.9358709919369961,0.9300627923008762,0.9413993011619339,0.0028916112834130674,0
MiniCPM-V-4.5,A1,full_clean,5747,balanced_accuracy,0.5448780840989317,0.5320046558185133,0.5576921203524678,0.006538983037152741,0
MiniCPM-V-4.5,A2,full_clean,5747,reliable_rate,0.9872977205498521,0.9836935764510668,0.9902580755426423,0.0016153373456257779,0
MiniCPM-V-4.5,A2,full_clean,5747,uncertain_rate,0.00017400382808421786,0.0,0.0005309758011833875,0.0001704740760863648,0
MiniCPM-V-4.5,A2,full_clean,5747,unreliable_rate,0.012528275622063685,0.009609899358442395,0.0161529946148241,0.0016123434798761746,0
MiniCPM-V-4.5,A2,full_clean,5747,coverage,0.9998259961719158,0.9994690241988166,1.0,0.00017047407608636526,0
MiniCPM-V-4.5,A2,full_clean,5747,accuracy,0.8891402714932126,0.8794510176763267,0.8986698875365305,0.004925397719607376,0
MiniCPM-V-4.5,A2,full_clean,5747,precision,0.8940782516743039,0.8841398239321964,0.9035560559353243,0.004947575134943621,0
MiniCPM-V-4.5,A2,full_clean,5747,sensitivity,0.992953611274222,0.9901760428952099,0.9954237444026166,0.0013020076845723441,0
MiniCPM-V-4.5,A2,full_clean,5747,specificity,0.0565149136577708,0.03897777990745051,0.07718862035203439,0.009817972797612715,0
MiniCPM-V-4.5,A2,full_clean,5747,f1,0.9409255309283131,0.9354255949587551,0.9462487737589018,0.002784008769976722,0
MiniCPM-V-4.5,A2,full_clean,5747,balanced_accuracy,0.5247342624659964,0.5158312079727818,0.5348964759620376,0.0049400859479476105,0
MiniCPM-V-4.5,A3,full_clean,5747,reliable_rate,0.9853836784409257,0.9818010067975179,0.9885738842369729,0.0017472221394700925,0
MiniCPM-V-4.5,A3,full_clean,5747,uncertain_rate,0.0,0.0,0.0,0.0,0
MiniCPM-V-4.5,A3,full_clean,5747,unreliable_rate,0.014616321559074299,0.011426115763027121,0.018198993202481983,0.0017472221394700925,0
MiniCPM-V-4.5,A3,full_clean,5747,coverage,1.0,1.0,1.0,0.0,0
MiniCPM-V-4.5,A3,full_clean,5747,accuracy,0.8879415347137637,0.8780772121915846,0.8975717290638766,0.0049572725200901805,0
MiniCPM-V-4.5,A3,full_clean,5747,precision,0.8942256754370475,0.8842757128489879,0.9037006853809846,0.004987967322444475,0
MiniCPM-V-4.5,A3,full_clean,5747,sensitivity,0.9911920140927775,0.9882826252109312,0.9937610072601725,0.0014005912617213326,0
MiniCPM-V-4.5,A3,full_clean,5747,specificity,0.061128526645768025,0.0423728813559322,0.08305149934810951,0.010401820975181223,0
MiniCPM-V-4.5,A3,full_clean,5747,f1,0.9402153731897512,0.9346461489242541,0.9455670026736033,0.00280542472873133,0
MiniCPM-V-4.5,A3,full_clean,5747,balanced_accuracy,0.5261602703692727,0.516769827566216,0.5369458067030517,0.005208934727473207,0
Molmo2-8B,A1,full_clean,5747,reliable_rate,0.21037062815381938,0.19145027026604802,0.2289857918773827,0.009684736773281376,0
Molmo2-8B,A1,full_clean,5747,uncertain_rate,0.7894553680180963,0.770748165427182,0.808291271490292,0.009681563886495602,0
Molmo2-8B,A1,full_clean,5747,unreliable_rate,0.00017400382808421786,0.0,0.0005424318063327672,0.00017690286262274157,0
Molmo2-8B,A1,full_clean,5747,coverage,0.2105446319819036,0.19170872850970802,0.22925183457281798,0.0096815638864956,0
Molmo2-8B,A1,full_clean,5747,accuracy,0.9487603305785124,0.9312593925492367,0.962681817496278,0.00801334901300165,0
Molmo2-8B,A1,full_clean,5747,precision,0.9495450785773366,0.9323102574581644,0.9638283283963187,0.008010973276211177,0
Molmo2-8B,A1,full_clean,5747,sensitivity,0.999129677980853,0.9971559232661625,1.0,0.0008893562092065235,0
Molmo2-8B,A1,full_clean,5747,specificity,0.0,0.0,0.0,0.0,0
Molmo2-8B,A1,full_clean,5747,f1,0.9737065309584394,0.9644063310549583,0.9809861271340075,0.004227432511207966,0
Molmo2-8B,A1,full_clean,5747,balanced_accuracy,0.4995648389904265,0.49857796163308127,0.5,0.00044467810460326176,0
Qwen3-VL-2B,A1,full_clean,5747,reliable_rate,0.9968679310944841,0.9943611528910775,0.9987648220744725,0.001132963793069812,0
Qwen3-VL-2B,A1,full_clean,5747,uncertain_rate,0.0031320689055159214,0.0012351779255275733,0.005638847108922569,0.001132963793069813,0
Qwen3-VL-2B,A1,full_clean,5747,unreliable_rate,0.0,0.0,0.0,0.0,0
Qwen3-VL-2B,A1,full_clean,5747,coverage,0.9968679310944841,0.9943611528910775,0.9987648220744725,0.001132963793069812,0
Qwen3-VL-2B,A1,full_clean,5747,accuracy,0.8893349624716356,0.8795200931037298,0.8989194934615932,0.00505174907700824,0
Qwen3-VL-2B,A1,full_clean,5747,precision,0.8893349624716356,0.8795200931037298,0.8989194934615932,0.00505174907700824,0
Qwen3-VL-2B,A1,full_clean,5747,sensitivity,1.0,1.0,1.0,0.0,0
Qwen3-VL-2B,A1,full_clean,5747,specificity,0.0,0.0,0.0,0.0,0
Qwen3-VL-2B,A1,full_clean,5747,f1,0.9414264597191426,0.9358985799946636,0.9467694618460224,0.002831302063644933,0
Qwen3-VL-2B,A1,full_clean,5747,balanced_accuracy,0.5,0.5,0.5,0.0,0
Qwen3-VL-2B,A2,full_clean,5747,reliable_rate,0.9996519923438316,0.999110442899254,1.0,0.0002506471566447912,0
Qwen3-VL-2B,A2,full_clean,5747,uncertain_rate,0.0003480076561684357,0.0,0.0008895571007459425,0.0002506471566447913,0
Qwen3-VL-2B,A2,full_clean,5747,unreliable_rate,0.0,0.0,0.0,0.0,0
Qwen3-VL-2B,A2,full_clean,5747,coverage,0.9996519923438316,0.999110442899254,1.0,0.0002506471566447912,0
Qwen3-VL-2B,A2,full_clean,5747,accuracy,0.8891209747606614,0.8792473032221504,0.8986440651222091,0.0050640482206549126,0
Qwen3-VL-2B,A2,full_clean,5747,precision,0.8891209747606614,0.8792473032221504,0.8986440651222091,0.0050640482206549126,0
Qwen3-VL-2B,A2,full_clean,5747,sensitivity,1.0,1.0,1.0,0.0,0
Qwen3-VL-2B,A2,full_clean,5747,specificity,0.0,0.0,0.0,0.0,0
Qwen3-VL-2B,A2,full_clean,5747,f1,0.9413065511840044,0.9357441159649986,0.9466166740928955,0.002838843501931299,0
Qwen3-VL-2B,A2,full_clean,5747,balanced_accuracy,0.5,0.5,0.5,0.0,0
Qwen3-VL-2B,A3,partial,5746,reliable_rate,0.9996519317786287,0.9991114191497344,1.0,0.00025447179594466276,0
Qwen3-VL-2B,A3,partial,5746,uncertain_rate,0.0003480682213713888,0.0,0.0008885808502655845,0.0002544717959446618,0
Qwen3-VL-2B,A3,partial,5746,unreliable_rate,0.0,0.0,0.0,0.0,0
Qwen3-VL-2B,A3,partial,5746,coverage,0.9996519317786287,0.9991114191497344,1.0,0.00025447179594466276,0
Qwen3-VL-2B,A3,partial,5746,accuracy,0.8891016713091922,0.8792479103347792,0.8985815926398065,0.0050560763380074316,0
Qwen3-VL-2B,A3,partial,5746,precision,0.8891016713091922,0.8792479103347792,0.8985815926398065,0.0050560763380074316,0
Qwen3-VL-2B,A3,partial,5746,sensitivity,1.0,1.0,1.0,0.0,0
Qwen3-VL-2B,A3,partial,5746,specificity,0.0,0.0,0.0,0.0,0
Qwen3-VL-2B,A3,partial,5746,f1,0.9412957331121555,0.9357444597908662,0.9465820127084879,0.0028344203098979526,0
Qwen3-VL-2B,A3,partial,5746,balanced_accuracy,0.5,0.5,0.5,0.0,0
Qwen3-VL-2B,A4,full_clean,5747,reliable_rate,0.9923438315642944,0.9895741926208409,0.9947989282329465,0.0013026056848798155,0
Qwen3-VL-2B,A4,full_clean,5747,uncertain_rate,0.007656168435705586,0.005201071767053568,0.010425807379159107,0.0013026056848798161,0
Qwen3-VL-2B,A4,full_clean,5747,unreliable_rate,0.0,0.0,0.0,0.0,0
Qwen3-VL-2B,A4,full_clean,5747,coverage,0.9923438315642944,0.9895741926208409,0.9947989282329465,0.0013026056848798155,0
Qwen3-VL-2B,A4,full_clean,5747,accuracy,0.8916359810625987,0.881947818718478,0.901163101272113,0.004998738509736585,0
Qwen3-VL-2B,A4,full_clean,5747,precision,0.8916359810625987,0.881947818718478,0.901163101272113,0.004998738509736585,0
Qwen3-VL-2B,A4,full_clean,5747,sensitivity,1.0,1.0,1.0,0.0,0
Qwen3-VL-2B,A4,full_clean,5747,specificity,0.0,0.0,0.0,0.0,0
Qwen3-VL-2B,A4,full_clean,5747,f1,0.942714126807564,0.9372712781356931,0.9480124042677693,0.0027946257842000268,0
Qwen3-VL-2B,A4,full_clean,5747,balanced_accuracy,0.5,0.5,0.5,0.0,0
Qwen3-VL-2B,A5,partial,5746,reliable_rate,0.7920292377305952,0.7802258281284414,0.803317938831919,0.0060176065703868,0
Qwen3-VL-2B,A5,partial,5746,uncertain_rate,0.2079707622694048,0.19668206116808085,0.21977417187155857,0.006017606570386802,0
Qwen3-VL-2B,A5,partial,5746,unreliable_rate,0.0,0.0,0.0,0.0,0
Qwen3-VL-2B,A5,partial,5746,coverage,0.7920292377305952,0.7802258281284414,0.803317938831919,0.0060176065703868,0
Qwen3-VL-2B,A5,partial,5746,accuracy,0.9200175785541639,0.9104005590171368,0.9290934293960393,0.004876357008024522,0
Qwen3-VL-2B,A5,partial,5746,precision,0.9200175785541639,0.9104005590171368,0.9290934293960393,0.004876357008024522,0
Qwen3-VL-2B,A5,partial,5746,sensitivity,1.0,1.0,1.0,0.0,0
Qwen3-VL-2B,A5,partial,5746,specificity,0.0,0.0,0.0,0.0,0
Qwen3-VL-2B,A5,partial,5746,f1,0.9583428702220188,0.953099133812274,0.9632435788028479,0.002646233132420659,0
Qwen3-VL-2B,A5,partial,5746,balanced_accuracy,0.5,0.5,0.5,0.0,0
Qwen2.5-VL-3B,A1,full_clean,5747,reliable_rate,0.9902557856272838,0.9863130870256244,0.9935888270022485,0.0018437181534474447,0
Qwen2.5-VL-3B,A1,full_clean,5747,uncertain_rate,0.0,0.0,0.0,0.0,0
Qwen2.5-VL-3B,A1,full_clean,5747,unreliable_rate,0.0097442143727162,0.006411172997751556,0.01368691297437557,0.0018437181534474456,0
Qwen2.5-VL-3B,A1,full_clean,5747,coverage,1.0,1.0,1.0,0.0,0
Qwen2.5-VL-3B,A1,full_clean,5747,accuracy,0.88654950408909,0.8767418120258813,0.8962781422497722,0.00506096240085484,0
Qwen2.5-VL-3B,A1,full_clean,5747,precision,0.8915832015463012,0.8819053872354795,0.9011448089918086,0.004996932865059402,0
Qwen2.5-VL-3B,A1,full_clean,5747,sensitivity,0.9931493442943825,0.9904352050897878,0.9956125496998409,0.0013417137776446546,0
Qwen2.5-VL-3B,A1,full_clean,5747,specificity,0.032915360501567396,0.016722280956786045,0.052963283366187774,0.009339654559967565,0
Qwen2.5-VL-3B,A1,full_clean,5747,f1,0.9396296296296296,0.9339925977900725,0.9450912403881223,0.0028629761894174302,0
Qwen2.5-VL-3B,A1,full_clean,5747,balanced_accuracy,0.513032352397975,0.5054196179634364,0.522679025602103,0.0044883289805645234,0
Qwen2.5-VL-3B,A2,full_clean,5747,reliable_rate,0.9994779885157473,0.9987853495798371,1.0,0.00029919001761077933,0
Qwen2.5-VL-3B,A2,full_clean,5747,uncertain_rate,0.0,0.0,0.0,0.0,0
Qwen2.5-VL-3B,A2,full_clean,5747,unreliable_rate,0.0005220114842526536,0.0,0.0012146504201629047,0.00029919001761077787,0
Qwen2.5-VL-3B,A2,full_clean,5747,coverage,1.0,1.0,1.0,0.0,0
Qwen2.5-VL-3B,A2,full_clean,5747,accuracy,0.8891595615103532,0.8794095837997362,0.8987798035032777,0.005057334200634264,0
Qwen2.5-VL-3B,A2,full_clean,5747,precision,0.8892757660167131,0.8794458585145558,0.8987734041649861,0.005057018771019444,0
Qwen2.5-VL-3B,A2,full_clean,5747,sensitivity,0.9998042669798395,0.9993912275871205,1.0,0.00019531278740979012,0
Qwen2.5-VL-3B,A2,full_clean,5747,specificity,0.003134796238244514,0.0,0.008026653031636716,0.002191504011075464,0
Qwen2.5-VL-3B,A2,full_clean,5747,f1,0.9413065511840044,0.9358126507121498,0.9466803739697021,0.002836352732003619,0
Qwen2.5-VL-3B,A2,full_clean,5747,balanced_accuracy,0.501469531609042,0.49980434261546314,0.5039124729460901,0.0011000466030268669,0
Qwen2.5-VL-3B,A3,full_clean,5747,reliable_rate,1.0,1.0,1.0,0.0,0
Qwen2.5-VL-3B,A3,full_clean,5747,uncertain_rate,0.0,0.0,0.0,0.0,0
Qwen2.5-VL-3B,A3,full_clean,5747,unreliable_rate,0.0,0.0,0.0,0.0,0
Qwen2.5-VL-3B,A3,full_clean,5747,coverage,1.0,1.0,1.0,0.0,0
Qwen2.5-VL-3B,A3,full_clean,5747,accuracy,0.8889855576822691,0.8792211064710104,0.8984919333763672,0.005064013477759458,0
Qwen2.5-VL-3B,A3,full_clean,5747,precision,0.8889855576822691,0.8792211064710104,0.8984919333763672,0.005064013477759458,0
Qwen2.5-VL-3B,A3,full_clean,5747,sensitivity,1.0,1.0,1.0,0.0,0
Qwen2.5-VL-3B,A3,full_clean,5747,specificity,0.0,0.0,0.0,0.0,0
Qwen2.5-VL-3B,A3,full_clean,5747,f1,0.9412306558585114,0.9357292799775734,0.9465322633438318,0.0028392281665291694,0
Qwen2.5-VL-3B,A3,full_clean,5747,balanced_accuracy,0.5,0.5,0.5,0.0,0
Qwen2.5-VL-3B,A4,full_clean,5747,reliable_rate,1.0,1.0,1.0,0.0,0
Qwen2.5-VL-3B,A4,full_clean,5747,uncertain_rate,0.0,0.0,0.0,0.0,0
Qwen2.5-VL-3B,A4,full_clean,5747,unreliable_rate,0.0,0.0,0.0,0.0,0
Qwen2.5-VL-3B,A4,full_clean,5747,coverage,1.0,1.0,1.0,0.0,0
Qwen2.5-VL-3B,A4,full_clean,5747,accuracy,0.8889855576822691,0.8792211064710104,0.8984919333763672,0.005064013477759458,0
Qwen2.5-VL-3B,A4,full_clean,5747,precision,0.8889855576822691,0.8792211064710104,0.8984919333763672,0.005064013477759458,0
Qwen2.5-VL-3B,A4,full_clean,5747,sensitivity,1.0,1.0,1.0,0.0,0
Qwen2.5-VL-3B,A4,full_clean,5747,specificity,0.0,0.0,0.0,0.0,0
Qwen2.5-VL-3B,A4,full_clean,5747,f1,0.9412306558585114,0.9357292799775734,0.9465322633438318,0.0028392281665291694,0
Qwen2.5-VL-3B,A4,full_clean,5747,balanced_accuracy,0.5,0.5,0.5,0.0,0
Qwen2.5-VL-3B,A5,full_clean,5747,reliable_rate,1.0,1.0,1.0,0.0,0
Qwen2.5-VL-3B,A5,full_clean,5747,uncertain_rate,0.0,0.0,0.0,0.0,0
Qwen2.5-VL-3B,A5,full_clean,5747,unreliable_rate,0.0,0.0,0.0,0.0,0
Qwen2.5-VL-3B,A5,full_clean,5747,coverage,1.0,1.0,1.0,0.0,0
Qwen2.5-VL-3B,A5,full_clean,5747,accuracy,0.8889855576822691,0.8792211064710104,0.8984919333763672,0.005064013477759458,0
Qwen2.5-VL-3B,A5,full_clean,5747,precision,0.8889855576822691,0.8792211064710104,0.8984919333763672,0.005064013477759458,0
Qwen2.5-VL-3B,A5,full_clean,5747,sensitivity,1.0,1.0,1.0,0.0,0
Qwen2.5-VL-3B,A5,full_clean,5747,specificity,0.0,0.0,0.0,0.0,0
Qwen2.5-VL-3B,A5,full_clean,5747,f1,0.9412306558585114,0.9357292799775734,0.9465322633438318,0.0028392281665291694,0
Qwen2.5-VL-3B,A5,full_clean,5747,balanced_accuracy,0.5,0.5,0.5,0.0,0
InternVL3.5-2B,A1,partial,5743,reliable_rate,0.0,0.0,0.0,0.0,0
InternVL3.5-2B,A1,partial,5743,uncertain_rate,1.0,1.0,1.0,0.0,0
InternVL3.5-2B,A1,partial,5743,unreliable_rate,0.0,0.0,0.0,0.0,0
InternVL3.5-2B,A1,partial,5743,coverage,0.0,0.0,0.0,0.0,0
InternVL3.5-2B,A1,partial,5743,accuracy,,,,,2000
InternVL3.5-2B,A1,partial,5743,precision,,,,,2000
InternVL3.5-2B,A1,partial,5743,sensitivity,,,,,2000
InternVL3.5-2B,A1,partial,5743,specificity,,,,,2000
InternVL3.5-2B,A1,partial,5743,f1,,,,,2000
InternVL3.5-2B,A1,partial,5743,balanced_accuracy,,,,,2000
InternVL3.5-2B,A2,partial,5536,reliable_rate,0.0,0.0,0.0,0.0,0
InternVL3.5-2B,A2,partial,5536,uncertain_rate,1.0,1.0,1.0,0.0,0
InternVL3.5-2B,A2,partial,5536,unreliable_rate,0.0,0.0,0.0,0.0,0
InternVL3.5-2B,A2,partial,5536,coverage,0.0,0.0,0.0,0.0,0
InternVL3.5-2B,A2,partial,5536,accuracy,,,,,2000
InternVL3.5-2B,A2,partial,5536,precision,,,,,2000
InternVL3.5-2B,A2,partial,5536,sensitivity,,,,,2000
InternVL3.5-2B,A2,partial,5536,specificity,,,,,2000
InternVL3.5-2B,A2,partial,5536,f1,,,,,2000
InternVL3.5-2B,A2,partial,5536,balanced_accuracy,,,,,2000
InternVL3.5-2B,A3,partial,5590,reliable_rate,0.0,0.0,0.0,0.0,0
InternVL3.5-2B,A3,partial,5590,uncertain_rate,1.0,1.0,1.0,0.0,0
InternVL3.5-2B,A3,partial,5590,unreliable_rate,0.0,0.0,0.0,0.0,0
InternVL3.5-2B,A3,partial,5590,coverage,0.0,0.0,0.0,0.0,0
InternVL3.5-2B,A3,partial,5590,accuracy,,,,,2000
InternVL3.5-2B,A3,partial,5590,precision,,,,,2000
InternVL3.5-2B,A3,partial,5590,sensitivity,,,,,2000
InternVL3.5-2B,A3,partial,5590,specificity,,,,,2000
InternVL3.5-2B,A3,partial,5590,f1,,,,,2000
InternVL3.5-2B,A3,partial,5590,balanced_accuracy,,,,,2000
InternVL3.5-2B,A4,partial,5725,reliable_rate,0.0,0.0,0.0,0.0,0
InternVL3.5-2B,A4,partial,5725,uncertain_rate,1.0,1.0,1.0,0.0,0
InternVL3.5-2B,A4,partial,5725,unreliable_rate,0.0,0.0,0.0,0.0,0
InternVL3.5-2B,A4,partial,5725,coverage,0.0,0.0,0.0,0.0,0
InternVL3.5-2B,A4,partial,5725,accuracy,,,,,2000
InternVL3.5-2B,A4,partial,5725,precision,,,,,2000
InternVL3.5-2B,A4,partial,5725,sensitivity,,,,,2000
InternVL3.5-2B,A4,partial,5725,specificity,,,,,2000
InternVL3.5-2B,A4,partial,5725,f1,,,,,2000
InternVL3.5-2B,A4,partial,5725,balanced_accuracy,,,,,2000
InternVL3.5-2B,A5,partial,5654,reliable_rate,0.0,0.0,0.0,0.0,0
InternVL3.5-2B,A5,partial,5654,uncertain_rate,1.0,1.0,1.0,0.0,0
InternVL3.5-2B,A5,partial,5654,unreliable_rate,0.0,0.0,0.0,0.0,0
InternVL3.5-2B,A5,partial,5654,coverage,0.0,0.0,0.0,0.0,0
InternVL3.5-2B,A5,partial,5654,accuracy,,,,,2000
InternVL3.5-2B,A5,partial,5654,precision,,,,,2000
InternVL3.5-2B,A5,partial,5654,sensitivity,,,,,2000
InternVL3.5-2B,A5,partial,5654,specificity,,,,,2000
InternVL3.5-2B,A5,partial,5654,f1,,,,,2000
InternVL3.5-2B,A5,partial,5654,balanced_accuracy,,,,,2000
InternVL3.5-4B,A1,full_clean,5747,reliable_rate,0.40299286584304855,0.38475565745723306,0.4214650842684823,0.009289806940434915,0
InternVL3.5-4B,A1,full_clean,5747,uncertain_rate,0.08125978771532974,0.07237544869425876,0.09018362371164079,0.0044477885316453625,0
InternVL3.5-4B,A1,full_clean,5747,unreliable_rate,0.5157473464416217,0.4961142902632009,0.5346670591812039,0.009701647763149213,0
InternVL3.5-4B,A1,full_clean,5747,coverage,0.9187402122846703,0.9098163762883592,0.9276245513057412,0.004447788531645364,0
InternVL3.5-4B,A1,full_clean,5747,accuracy,0.5128787878787879,0.49422863655939786,0.5330637262032916,0.00988735786650114,0
InternVL3.5-4B,A1,full_clean,5747,precision,0.9581174438687392,0.9487475250217581,0.967117242135389,0.004774735938784475,0
InternVL3.5-4B,A1,full_clean,5747,sensitivity,0.4727311461440136,0.4516497916997445,0.49503197873751625,0.010773518214695268,0
InternVL3.5-4B,A1,full_clean,5747,specificity,0.8344709897610921,0.798310410751737,0.8677248677248677,0.01796553583443013,0
InternVL3.5-4B,A1,full_clean,5747,f1,0.633095577746077,0.6139461109042204,0.653147995564536,0.009737829180431696,0
InternVL3.5-4B,A1,full_clean,5747,balanced_accuracy,0.6536010679525529,0.6339076975249359,0.6720438727627283,0.009809349022959877,0
InternVL3.5-4B,A2,full_clean,5747,reliable_rate,0.3170349747694449,0.30001547960645913,0.33567182535113194,0.008993857458420955,0
InternVL3.5-4B,A2,full_clean,5747,uncertain_rate,0.006438141639116061,0.004428675336617247,0.008750552437445021,0.0011087551697927349,0
InternVL3.5-4B,A2,full_clean,5747,unreliable_rate,0.676526883591439,0.6578016947595058,0.6935905525304075,0.009068340645951562,0
InternVL3.5-4B,A2,full_clean,5747,coverage,0.993561858360884,0.991249447562555,0.9955713246633827,0.0011087551697927342,0
InternVL3.5-4B,A2,full_clean,5747,accuracy,0.4148861646234676,0.3967685515732557,0.43440290697371325,0.009619949355310065,0
InternVL3.5-4B,A2,full_clean,5747,precision,0.9769484083424808,0.9697324340866655,0.9837050494686743,0.003538783751672262,0
InternVL3.5-4B,A2,full_clean,5747,sensitivity,0.3504626895058082,0.33162651980560504,0.3705436865264458,0.009986753681422924,0
InternVL3.5-4B,A2,full_clean,5747,specificity,0.9334389857369255,0.9125976731333343,0.9525389710911906,0.010248378240751463,0
InternVL3.5-4B,A2,full_clean,5747,f1,0.5158672656136791,0.49513074589493905,0.5374782508301826,0.01084116583648573,0
InternVL3.5-4B,A2,full_clean,5747,balanced_accuracy,0.6419508376213668,0.6287392792589739,0.6549247290555261,0.0067008890234706575,0
InternVL3.5-4B,A3,full_clean,5747,reliable_rate,0.261179745954411,0.245812438423842,0.2772619352559426,0.008165386325361788,0
InternVL3.5-4B,A3,full_clean,5747,uncertain_rate,0.00800417609187402,0.005665305367214064,0.010511838980667616,0.001254723917003071,0
InternVL3.5-4B,A3,full_clean,5747,unreliable_rate,0.730816077953715,0.7142338034808069,0.746737838145741,0.008319373154053832,0
InternVL3.5-4B,A3,full_clean,5747,coverage,0.991995823908126,0.9894881610193325,0.9943346946327859,0.0012547239170030713,0
InternVL3.5-4B,A3,full_clean,5747,accuracy,0.36467286440975266,0.3471766432937245,0.3830150008561804,0.009096638359597573,0
InternVL3.5-4B,A3,full_clean,5747,precision,0.9820119920053297,0.9749168127375292,0.9882742769648778,0.003503571941850055,0
InternVL3.5-4B,A3,full_clean,5747,sensitivity,0.290787137502466,0.2733144009542205,0.309018706502708,0.009146044064722194,0
InternVL3.5-4B,A3,full_clean,5747,specificity,0.9572784810126582,0.9387409207434309,0.9723926380368099,0.008428424044680013,0
InternVL3.5-4B,A3,full_clean,5747,f1,0.4487062404870624,0.4275269528048576,0.47001447988601186,0.010910950550926769,0
InternVL3.5-4B,A3,full_clean,5747,balanced_accuracy,0.6240328092575621,0.6125090719308205,0.6350357360056631,0.0059463829364659986,0
InternVL3.5-4B,A4,full_clean,5747,reliable_rate,0.19453627979815555,0.17901435564585483,0.21112703062736618,0.008170854284486457,0
InternVL3.5-4B,A4,full_clean,5747,uncertain_rate,0.0029580650774317036,0.0015679374230351158,0.004366926761404374,0.0007280947197111227,0
InternVL3.5-4B,A4,full_clean,5747,unreliable_rate,0.8025056551244127,0.7861316512092814,0.8181187066867374,0.008161747869274745,0
InternVL3.5-4B,A4,full_clean,5747,coverage,0.9970419349225683,0.9956330732385956,0.9984320625769649,0.0007280947197111234,0
InternVL3.5-4B,A4,full_clean,5747,accuracy,0.29022687609075043,0.2735047437953368,0.30762395332245807,0.008519698025737201,0
InternVL3.5-4B,A4,full_clean,5747,precision,0.9597495527728086,0.9474566107949216,0.9710822481977867,0.006103038767433823,0
InternVL3.5-4B,A4,full_clean,5747,sensitivity,0.21059862610402355,0.19346469483568074,0.22799833954641205,0.008846145472922519,0
InternVL3.5-4B,A4,full_clean,5747,specificity,0.9291338582677166,0.9068526030257346,0.9492785973084886,0.010679177786491372,0
InternVL3.5-4B,A4,full_clean,5747,f1,0.3454047963946564,0.32190794926278415,0.36872907737937055,0.011947049714009993,0
InternVL3.5-4B,A4,full_clean,5747,balanced_accuracy,0.56986624218587,0.5577365993597543,0.5821878880463269,0.0063414553838499,0
InternVL3.5-4B,A5,full_clean,5747,reliable_rate,0.06977553506177137,0.06252140410958903,0.07736370492252845,0.003787099939001447,0
InternVL3.5-4B,A5,full_clean,5747,uncertain_rate,0.16599965199234384,0.15510919478274665,0.17659731171090595,0.0055583020440948365,0
InternVL3.5-4B,A5,full_clean,5747,unreliable_rate,0.7642248129458848,0.7508810021146636,0.777565540325419,0.006837259502385427,0
InternVL3.5-4B,A5,full_clean,5747,coverage,0.8340003480076562,0.823402688289094,0.8448908052172533,0.0055583020440948365,0
InternVL3.5-4B,A5,full_clean,5747,accuracy,0.16628416440642604,0.15334827967676454,0.17885728196239029,0.006320655134282961,0
InternVL3.5-4B,A5,full_clean,5747,precision,0.9501246882793017,0.9272727272727272,0.9705197379197379,0.011191506972894765,0
InternVL3.5-4B,A5,full_clean,5747,sensitivity,0.0874454900160661,0.0781247291714814,0.0972041044615583,0.004899659576739395,0
InternVL3.5-4B,A5,full_clean,5747,specificity,0.9541284403669725,0.933021528312377,0.9733341404358354,0.010132285154556067,0
InternVL3.5-4B,A5,full_clean,5747,f1,0.1601513240857503,0.14432989690721648,0.17633750490807712,0.008242478581999316,0
InternVL3.5-4B,A5,full_clean,5747,balanced_accuracy,0.5207869651915193,0.5095205686933564,0.5308209219133693,0.005480157784124043,0
InternVL3.5-14B,A1,full_clean,5747,reliable_rate,0.8606229337045415,0.8498240247676511,0.8705252019284725,0.005336938449741619,0
InternVL3.5-14B,A1,full_clean,5747,uncertain_rate,0.037758830694275276,0.03208338062372316,0.04396966299240671,0.0030239513643155486,0
InternVL3.5-14B,A1,full_clean,5747,unreliable_rate,0.10161823560118323,0.09309978185359306,0.11126859360521504,0.004565819546196875,0
InternVL3.5-14B,A1,full_clean,5747,coverage,0.9622411693057247,0.9560303370075933,0.9679166193762768,0.0030239513643155486,0
InternVL3.5-14B,A1,full_clean,5747,accuracy,0.8645569620253165,0.8543824791149244,0.8742775907678322,0.005125295704625682,0
InternVL3.5-14B,A1,full_clean,5747,precision,0.9243833400727861,0.9155935923791614,0.9329240763025359,0.004487940594272357,0
InternVL3.5-14B,A1,full_clean,5747,sensitivity,0.9241964827167981,0.9148544071539234,0.932662912680422,0.004574502824663693,0
InternVL3.5-14B,A1,full_clean,5747,specificity,0.3584905660377358,0.31756107068607065,0.4000089766606822,0.02044675613895358,0
InternVL3.5-14B,A1,full_clean,5747,f1,0.9242899019508743,0.9181202154313833,0.9300241288728546,0.0030892148346309233,0
InternVL3.5-14B,A1,full_clean,5747,balanced_accuracy,0.6413435243772669,0.6211077468827289,0.661989795117768,0.01031259971864505,0
InternVL3.5-14B,A2,full_clean,5747,reliable_rate,0.880981381590395,0.8705777284733228,0.8908804574331732,0.005141747282870078,0
InternVL3.5-14B,A2,full_clean,5747,uncertain_rate,0.053071167565686445,0.04598687776293213,0.06025139327798193,0.0036395813775188944,0
InternVL3.5-14B,A2,full_clean,5747,unreliable_rate,0.06594745084391856,0.05904977152467777,0.0734213331471396,0.003668129572365444,0
InternVL3.5-14B,A2,full_clean,5747,coverage,0.9469288324343136,0.939748606722018,0.9540131222370679,0.0036395813775188944,0
InternVL3.5-14B,A2,full_clean,5747,accuracy,0.8869900771775082,0.877763796512673,0.8963510319132286,0.004747474593166268,0
InternVL3.5-14B,A2,full_clean,5747,precision,0.9219830140233063,0.9128874921015167,0.9307666853525947,0.0045246093999583336,0
InternVL3.5-14B,A2,full_clean,5747,sensitivity,0.9549918166939444,0.9479485048985854,0.9616268945010658,0.003522445320604089,0
InternVL3.5-14B,A2,full_clean,5747,specificity,0.2870036101083033,0.24830639874949575,0.32641622900862344,0.01964970612074239,0
InternVL3.5-14B,A2,full_clean,5747,f1,0.9381971661139584,0.9327053814139468,0.9435587369598144,0.0027658626186878887,0
InternVL3.5-14B,A2,full_clean,5747,balanced_accuracy,0.6209977134011239,0.6020067327344185,0.6405437396185603,0.009830386082930848,0
InternVL3.5-14B,A3,full_clean,5747,reliable_rate,0.8747172437793631,0.8646646382852989,0.8846910272210392,0.005105352113341842,0
InternVL3.5-14B,A3,full_clean,5747,uncertain_rate,0.03984687663128589,0.03421706542488131,0.045718639966204476,0.0029995706676622077,0
InternVL3.5-14B,A3,full_clean,5747,unreliable_rate,0.08543587958935096,0.07758904574260572,0.09349627852530142,0.0040212939373587666,0
InternVL3.5-14B,A3,full_clean,5747,coverage,0.9601531233687141,0.9542813600337956,0.9657829345751187,0.002999570667662209,0
InternVL3.5-14B,A3,full_clean,5747,accuracy,0.8796665458499456,0.8701783646048605,0.8890133460204728,0.004749319061195855,0
InternVL3.5-14B,A3,full_clean,5747,precision,0.925601750547046,0.9164400867871809,0.9340182505188309,0.004426917971823408,0
InternVL3.5-14B,A3,full_clean,5747,sensitivity,0.9413311753995549,0.9333068663931717,0.9487779652822111,0.0039022605092430564,0
InternVL3.5-14B,A3,full_clean,5747,specificity,0.34956521739130436,0.31027899706830364,0.3885042245130075,0.020436060227599025,0
InternVL3.5-14B,A3,full_clean,5747,f1,0.9334002006018054,0.9277406911503538,0.938858881522159,0.002809980592143817,0
InternVL3.5-14B,A3,full_clean,5747,balanced_accuracy,0.6454481963954296,0.625610519248977,0.6653380341760772,0.01025752347138426,0
InternVL3.5-14B,A4,full_clean,5747,reliable_rate,0.8303462676178875,0.8186498756322259,0.8408061539926691,0.005652652530886969,0
InternVL3.5-14B,A4,full_clean,5747,uncertain_rate,0.04210892639638072,0.03654704387075226,0.04814535314202314,0.003005185777101028,0
InternVL3.5-14B,A4,full_clean,5747,unreliable_rate,0.12754480598573167,0.11880656854848619,0.13714450274574766,0.004759347704979916,0
InternVL3.5-14B,A4,full_clean,5747,coverage,0.9578910736036192,0.9518546468579768,0.9634529561292478,0.003005185777101028,0
InternVL3.5-14B,A4,full_clean,5747,accuracy,0.8594005449591281,0.8496156725523981,0.8687312432102119,0.004893226354614409,0
InternVL3.5-14B,A4,full_clean,5747,precision,0.9354568315171836,0.9275926194114682,0.9433286799177599,0.0040583613850697425,0
InternVL3.5-14B,A4,full_clean,5747,sensitivity,0.9054766734279919,0.8961214067574773,0.9142444809238963,0.004663043750936098,0
InternVL3.5-14B,A4,full_clean,5747,specificity,0.4643478260869565,0.42314006294766926,0.5071727709659878,0.02153428892420698,0
InternVL3.5-14B,A4,full_clean,5747,f1,0.9202226345083488,0.9141454271704881,0.9259879012161325,0.003002578451429321,0
InternVL3.5-14B,A4,full_clean,5747,balanced_accuracy,0.6849122497574742,0.664473297287885,0.7061156797155778,0.010825437895267184,0
InternVL3.5-14B,A5,full_clean,5747,reliable_rate,0.5903949886897512,0.5761668436193,0.6051435364883686,0.007387814409036597,0
InternVL3.5-14B,A5,full_clean,5747,uncertain_rate,0.19349225682965024,0.18218032130447417,0.20637934585871057,0.006301722020857094,0
InternVL3.5-14B,A5,full_clean,5747,unreliable_rate,0.21611275448059858,0.20382168831168831,0.22835513768569965,0.006244854378090716,0
InternVL3.5-14B,A5,full_clean,5747,coverage,0.8065077431703498,0.7936206541412894,0.8178196786955259,0.006301722020857096,0
InternVL3.5-14B,A5,full_clean,5747,accuracy,0.7294498381877023,0.7136317668628321,0.7438946564559369,0.007664256047485684,0
InternVL3.5-14B,A5,full_clean,5747,precision,0.9481284998526378,0.9379906905896963,0.9565220520137169,0.0046485875063438644,0
InternVL3.5-14B,A5,full_clean,5747,sensitivity,0.7490104772991851,0.7340060147233523,0.7635070265136492,0.007638140388043834,0
InternVL3.5-14B,A5,full_clean,5747,specificity,0.4823529411764706,0.4243279681925783,0.5409940482405764,0.030748698580021116,0
InternVL3.5-14B,A5,full_clean,5747,f1,0.836888657648283,0.8260406801478374,0.8466755664130058,0.005332276950833665,0
InternVL3.5-14B,A5,full_clean,5747,balanced_accuracy,0.6156817092378278,0.5851850851413821,0.6457830534318603,0.015986265662244495,0
