model,group,pair,quantity,n_paired,estimate,ci_low,ci_high,boot_se,n_undefined
Qwen2.5-VL-7B,text_only,A1->A2,changed_rate,5747,0.1599095180093962,0.14931399465619688,0.17052857729636717,0.005396925049036753,0
Qwen2.5-VL-7B,text_only,A1->A2,toward_rejection_rate,5747,0.006264137811031843,0.004190241611612847,0.00858208351133379,0.0011300377712248092,0
Qwen2.5-VL-7B,text_only,A1->A2,toward_acceptance_rate,5747,0.15364538019836435,0.14345405548800094,0.16409459970922313,0.005342877124632613,0
Qwen2.5-VL-7B,text_only,A2->A3,changed_rate,5747,0.06612145467200278,0.05906748766789323,0.07363378619951629,0.003794182148325802,0
Qwen2.5-VL-7B,text_only,A2->A3,toward_rejection_rate,5747,0.010614233513137289,0.007965445401066886,0.013257502664636267,0.0013802884890430438,0
Qwen2.5-VL-7B,text_only,A2->A3,toward_acceptance_rate,5747,0.05550722115886549,0.04914899845659855,0.06273438655965503,0.0034350426716302784,0
Qwen2.5-VL-7B,text_only,A1->A3,changed_rate,5747,0.20027840612493475,0.18877992072764563,0.21264676106765404,0.0061434906415057085,0
Qwen2.5-VL-7B,text_only,A1->A3,toward_rejection_rate,5747,0.00400208804593701,0.0022456285833026782,0.005995255200911238,0.0009515631964402587,0
Qwen2.5-VL-7B,text_only,A1->A3,toward_acceptance_rate,5747,0.19627631807899773,0.18486766665210555,0.20874847156924312,0.00604783630303156,0
Qwen2.5-VL-7B,image_representation,A2->A4,changed_rate,5747,0.2672698799373586,0.25397296553200926,0.2805887351439788,0.006907190054704501,0
Qwen2.5-VL-7B,image_representation,A2->A4,toward_rejection_rate,5747,0.2232469114320515,0.2106217731699586,0.2360997111211554,0.006727300196833561,0
Qwen2.5-VL-7B,image_representation,A2->A4,toward_acceptance_rate,5747,0.04402296850530712,0.037725396623062735,0.050818028016293135,0.0033097863711415575,0
Qwen2.5-VL-7B,image_representation,A2->A5,changed_rate,5747,0.46319819036018794,0.44862654733660584,0.47932460501095486,0.007792372650536382,0
Qwen2.5-VL-7B,image_representation,A2->A5,toward_rejection_rate,5747,0.42143727161997563,0.4073600528596892,0.436599569417087,0.007549093051443545,0
Qwen2.5-VL-7B,image_representation,A2->A5,toward_acceptance_rate,5747,0.04176091874021228,0.03566481994459834,0.04892112432212235,0.0033842736667872167,0
Qwen2.5-VL-7B,image_representation,A4->A5,changed_rate,5747,0.3988167739690273,0.3841445268568976,0.4128855957116328,0.007298342611029679,0
Qwen2.5-VL-7B,image_representation,A4->A5,toward_rejection_rate,5747,0.3342613537497825,0.32065886979883235,0.3483174668637546,0.007057992854332013,0
Qwen2.5-VL-7B,image_representation,A4->A5,toward_acceptance_rate,5747,0.06455542021924482,0.056559530976090344,0.07268171481480716,0.003984830999367481,0
Qwen2.5-VL-7B,mixed_image_and_metadata,A1->A4,changed_rate,5747,0.2855402818862015,0.2717371064438004,0.29873856881448846,0.006838094078378991,0
Qwen2.5-VL-7B,mixed_image_and_metadata,A1->A4,toward_rejection_rate,5747,0.16112754480598573,0.15011461603954976,0.1725234694961034,0.005847289701104245,0
Qwen2.5-VL-7B,mixed_image_and_metadata,A1->A4,toward_acceptance_rate,5747,0.12441273708021576,0.11377031177120787,0.1351030612208695,0.005419808261039361,0
Qwen2.5-VL-7B,mixed_image_and_metadata,A1->A5,changed_rate,5747,0.4618061597355142,0.44645829993429326,0.47743931076689394,0.007748542373572149,0
Qwen2.5-VL-7B,mixed_image_and_metadata,A1->A5,toward_rejection_rate,5747,0.37550026100574213,0.36132475313857504,0.39016855987596827,0.007416203785075861,0
Qwen2.5-VL-7B,mixed_image_and_metadata,A1->A5,toward_acceptance_rate,5747,0.08630589872977205,0.07721165248070973,0.095743512879999,0.0047485696782850854,0
Qwen2.5-VL-7B,mixed_image_and_metadata,A3->A4,changed_rate,5747,0.2749260483730642,0.2612949397605276,0.28918348110544695,0.0072027756308130015,0
Qwen2.5-VL-7B,mixed_image_and_metadata,A3->A4,toward_rejection_rate,5747,0.24725943970767356,0.23444297976105363,0.26099273605193235,0.006993606041792187,0
Qwen2.5-VL-7B,mixed_image_and_metadata,A3->A4,toward_acceptance_rate,5747,0.027666608665390637,0.022857142857142857,0.03297046763766255,0.0025847690740907277,0
Qwen2.5-VL-7B,mixed_image_and_metadata,A3->A5,changed_rate,5747,0.475204454497999,0.4605169613483562,0.4915319513155476,0.007904410279600722,0
Qwen2.5-VL-7B,mixed_image_and_metadata,A3->A5,toward_rejection_rate,5747,0.44336175395858707,0.4291473028713938,0.45890239301230507,0.0075681214262446825,0
Qwen2.5-VL-7B,mixed_image_and_metadata,A3->A5,toward_acceptance_rate,5747,0.031842700539411864,0.026486437674911243,0.038143906375223684,0.002954393921632407,0
Qwen3-VL-8B,text_only,A1->A2,changed_rate,5747,0.1004002088045937,0.09236011869243836,0.10908774407167551,0.004294127705710864,0
Qwen3-VL-8B,text_only,A1->A2,toward_rejection_rate,5747,0.004350095702105447,0.0027496514688799653,0.0062411676768627964,0.0009047409509167462,0
Qwen3-VL-8B,text_only,A1->A2,toward_acceptance_rate,5747,0.09605011310248826,0.0880542619943513,0.1045316413342126,0.0042087749238365465,0
Qwen3-VL-8B,text_only,A2->A3,changed_rate,5747,0.10962241169305725,0.10071675391886761,0.11960818009967349,0.0046975214524279316,0
Qwen3-VL-8B,text_only,A2->A3,toward_rejection_rate,5747,0.10492430833478336,0.09642319913567331,0.11449430311415783,0.004617544429551018,0
Qwen3-VL-8B,text_only,A2->A3,toward_acceptance_rate,5747,0.004698103358273882,0.0030290883893917416,0.0066248834913788645,0.0009416013067902059,0
Qwen3-VL-8B,text_only,A1->A3,changed_rate,5747,0.09344005568122499,0.08588200071612771,0.10214250497162604,0.0041205561586516995,0
Qwen3-VL-8B,text_only,A1->A3,toward_rejection_rate,5747,0.050809117800591615,0.044986316051280895,0.05753891378938847,0.0031502591401004545,0
Qwen3-VL-8B,text_only,A1->A3,toward_acceptance_rate,5747,0.04263093788063337,0.037376209879922906,0.04793981523484845,0.002714524923748282,0
Qwen3-VL-8B,image_representation,A2->A4,changed_rate,5747,0.20706455542021923,0.1942230155640806,0.22046315668807812,0.00666028829645608,0
Qwen3-VL-8B,image_representation,A2->A4,toward_rejection_rate,5747,0.06490342787541326,0.056516506822931044,0.07327099677018047,0.004269609959782109,0
Qwen3-VL-8B,image_representation,A2->A4,toward_acceptance_rate,5747,0.14216112754480598,0.1309933845339873,0.15323611010120622,0.005744892250009988,0
Qwen3-VL-8B,image_representation,A2->A5,changed_rate,5747,0.730816077953715,0.7175060740100868,0.743997283477365,0.006746208995190714,0
Qwen3-VL-8B,image_representation,A2->A5,toward_rejection_rate,5747,0.6399860796937533,0.6239448609909307,0.6559540922400758,0.00828736229577971,0
Qwen3-VL-8B,image_representation,A2->A5,toward_acceptance_rate,5747,0.09082999825996171,0.08143257428636594,0.10062284163125142,0.004986951788544616,0
Qwen3-VL-8B,image_representation,A4->A5,changed_rate,5747,0.7623107708369584,0.7490857477284357,0.7752534102952405,0.006599359199561396,0
Qwen3-VL-8B,image_representation,A4->A5,toward_rejection_rate,5747,0.7071515573342614,0.6922655129733891,0.722411929632548,0.007611324263718338,0
Qwen3-VL-8B,image_representation,A4->A5,toward_acceptance_rate,5747,0.055159213502697056,0.04730412238615183,0.06371150142877299,0.004298458171663835,0
Qwen3-VL-8B,mixed_image_and_metadata,A1->A4,changed_rate,5747,0.2523055507221159,0.2388571940006971,0.26649934131865144,0.007075458228985119,0
Qwen3-VL-8B,mixed_image_and_metadata,A1->A4,toward_rejection_rate,5747,0.05376718287802332,0.04635277850466988,0.06143867130286775,0.0038391096037826457,0
Qwen3-VL-8B,mixed_image_and_metadata,A1->A4,toward_acceptance_rate,5747,0.19853836784409257,0.18615522246759142,0.21180899030943204,0.006606885050355982,0
Qwen3-VL-8B,mixed_image_and_metadata,A1->A5,changed_rate,5747,0.7342961545153993,0.7214075963013412,0.7472234466834593,0.006671459692147862,0
Qwen3-VL-8B,mixed_image_and_metadata,A1->A5,toward_rejection_rate,5747,0.5782147207238559,0.5612429918370743,0.5947152235000178,0.008718656117251398,0
Qwen3-VL-8B,mixed_image_and_metadata,A1->A5,toward_acceptance_rate,5747,0.1560814337915434,0.14426117150316112,0.16825546270093528,0.006218105221024246,0
Qwen3-VL-8B,mixed_image_and_metadata,A3->A4,changed_rate,5747,0.2583956847050635,0.24473274254736901,0.27346238851560195,0.007297080378762082,0
Qwen3-VL-8B,mixed_image_and_metadata,A3->A4,toward_rejection_rate,5747,0.04924308334783365,0.042495528869936454,0.05651872399445215,0.0036098792669728595,0
Qwen3-VL-8B,mixed_image_and_metadata,A3->A4,toward_acceptance_rate,5747,0.20915260135722985,0.19623482109605747,0.22307418631050593,0.0068218582352807845,0
Qwen3-VL-8B,mixed_image_and_metadata,A3->A5,changed_rate,5747,0.7177657908473987,0.7041426741231935,0.7307102841701393,0.006711113735879191,0
Qwen3-VL-8B,mixed_image_and_metadata,A3->A5,toward_rejection_rate,5747,0.5658604489298764,0.5484555228092968,0.5829285560788791,0.008792908863342474,0
Qwen3-VL-8B,mixed_image_and_metadata,A3->A5,toward_acceptance_rate,5747,0.1519053419175222,0.14034370818684386,0.16386027208487494,0.006303976440235549,0
Qwen3-VL-4B,text_only,A1->A2,changed_rate,5747,0.13467896293718462,0.12570100670911272,0.1438793423717586,0.004629935680645917,0
Qwen3-VL-4B,text_only,A1->A2,toward_rejection_rate,5747,0.018270401948842874,0.014674695023233772,0.021999012853770875,0.0019029895226597947,0
Qwen3-VL-4B,text_only,A1->A2,toward_acceptance_rate,5747,0.11640856098834175,0.10823724859060592,0.12467755605568229,0.004371627864277061,0
Qwen3-VL-4B,text_only,A2->A3,changed_rate,5747,0.059335305376718286,0.05342218899013506,0.06574612594991461,0.0032236998416987905,0
Qwen3-VL-4B,text_only,A2->A3,toward_rejection_rate,5747,0.04315294936488603,0.0381396844439828,0.04862522049795833,0.002657900686304969,0
Qwen3-VL-4B,text_only,A2->A3,toward_acceptance_rate,5747,0.01618235601183226,0.012789715710519324,0.019690755775088074,0.0017360576603089781,0
Qwen3-VL-4B,text_only,A1->A3,changed_rate,5747,0.1317208978597529,0.1230255838245529,0.14022240945997186,0.004457340754684189,0
Qwen3-VL-4B,text_only,A1->A3,toward_rejection_rate,5747,0.03010266225856969,0.025748422949503056,0.034688113358637446,0.002292926261161615,0
Qwen3-VL-4B,text_only,A1->A3,toward_acceptance_rate,5747,0.10161823560118323,0.0936021662292016,0.10936875505898275,0.0041190408430669,0
Qwen3-VL-4B,image_representation,A2->A4,changed_rate,5747,0.2966765268835914,0.2834425860909592,0.31011109716104684,0.0068791180398501085,0
Qwen3-VL-4B,image_representation,A2->A4,toward_rejection_rate,5747,0.220462850182704,0.20784846707067717,0.23331121826905993,0.0064548709992763905,0
Qwen3-VL-4B,image_representation,A2->A4,toward_acceptance_rate,5747,0.07621367670088743,0.06871125023618707,0.08371497315839618,0.0038647534953038048,0
Qwen3-VL-4B,image_representation,A2->A5,changed_rate,5747,0.5105272315990952,0.49635262063478564,0.5244496960072447,0.007272820704957351,0
Qwen3-VL-4B,image_representation,A2->A5,toward_rejection_rate,5747,0.345049591091004,0.3296891199913679,0.3619870144943523,0.008335509685768133,0
Qwen3-VL-4B,image_representation,A2->A5,toward_acceptance_rate,5747,0.1654776405080912,0.15371428348297847,0.17688394161389331,0.006011788374086018,0
Qwen3-VL-4B,image_representation,A4->A5,changed_rate,5747,0.45275796067513485,0.4381334212733999,0.46725644468821514,0.007375607051873919,0
Qwen3-VL-4B,image_representation,A4->A5,toward_rejection_rate,5747,0.23473116408560987,0.2192009446866852,0.2510993664842597,0.008003065138021175,0
Qwen3-VL-4B,image_representation,A4->A5,toward_acceptance_rate,5747,0.21802679658952498,0.20461475687688688,0.2310030665070758,0.0066822692146116525,0
Qwen3-VL-4B,mixed_image_and_metadata,A1->A4,changed_rate,5747,0.3065947450843919,0.29378199897185947,0.31998623031144896,0.006690222767693486,0
Qwen3-VL-4B,mixed_image_and_metadata,A1->A4,toward_rejection_rate,5747,0.185314076909692,0.17334860828381105,0.19728256109310674,0.00606963376746032,0
Qwen3-VL-4B,mixed_image_and_metadata,A1->A4,toward_acceptance_rate,5747,0.12128066817469985,0.11177616726027582,0.1311437672389944,0.0049381790446064045,0
Qwen3-VL-4B,mixed_image_and_metadata,A1->A5,changed_rate,5747,0.47694449277884116,0.4624262444483748,0.49051832884490115,0.007182917435512676,0
Qwen3-VL-4B,mixed_image_and_metadata,A1->A5,toward_rejection_rate,5747,0.2817121976683487,0.26660851297395116,0.2966715741001011,0.007686679857724342,0
Qwen3-VL-4B,mixed_image_and_metadata,A1->A5,toward_acceptance_rate,5747,0.19523229511049242,0.1830569151710747,0.2072192776204543,0.006174180901478331,0
Qwen3-VL-4B,mixed_image_and_metadata,A3->A4,changed_rate,5747,0.2874543239951279,0.2737399335675198,0.30138917349726774,0.007027194561184636,0
Qwen3-VL-4B,mixed_image_and_metadata,A3->A4,toward_rejection_rate,5747,0.20497650948320864,0.1927173162784643,0.217713215573338,0.0064002559400287646,0
Qwen3-VL-4B,mixed_image_and_metadata,A3->A4,toward_acceptance_rate,5747,0.08247781451191927,0.07475552783152144,0.0904512154659093,0.004047874918342892,0
Qwen3-VL-4B,mixed_image_and_metadata,A3->A5,changed_rate,5747,0.5006090133982948,0.48599618721048904,0.5142911705672708,0.007317610519439469,0
Qwen3-VL-4B,mixed_image_and_metadata,A3->A5,toward_rejection_rate,5747,0.327475204454498,0.31196074970065857,0.3441847484245629,0.008273354279721774,0
Qwen3-VL-4B,mixed_image_and_metadata,A3->A5,toward_acceptance_rate,5747,0.17313380894379676,0.16138406918726608,0.18504663338621966,0.006073301716939943,0
InternVL3.5-8B,text_only,A1->A2,changed_rate,5747,0.10805637724029929,0.10004932945160665,0.11646185597780565,0.004137594987277449,0
InternVL3.5-8B,text_only,A1->A2,toward_rejection_rate,5747,0.011136244997389943,0.008543713666073822,0.013764415830651402,0.0013833528322711479,0
InternVL3.5-8B,text_only,A1->A2,toward_acceptance_rate,5747,0.09692013224290934,0.08933201615196089,0.10500852551916072,0.004062092621899808,0
InternVL3.5-8B,text_only,A2->A3,changed_rate,5747,0.046459022098486166,0.04101466967881811,0.05169831584066199,0.002719095918126241,0
InternVL3.5-8B,text_only,A2->A3,toward_rejection_rate,5747,0.031494692883243434,0.026587048559534206,0.03608347494656866,0.0023630014565915406,0
InternVL3.5-8B,text_only,A2->A3,toward_acceptance_rate,5747,0.014964329215242735,0.01178422031953888,0.01839409345498432,0.0016416788227104485,0
InternVL3.5-8B,text_only,A1->A3,changed_rate,5747,0.10475030450669914,0.09707366902692648,0.11327105679715248,0.004248962031267987,0
InternVL3.5-8B,text_only,A1->A3,toward_rejection_rate,5747,0.01774839046459022,0.014382222679818618,0.021210233769293766,0.0017208567614771626,0
InternVL3.5-8B,text_only,A1->A3,toward_acceptance_rate,5747,0.08700191404210893,0.07934868744165056,0.09518153598307887,0.004052297399516313,0
InternVL3.5-8B,image_representation,A2->A4,changed_rate,5747,0.140595093092048,0.1303855683349255,0.1506476243592808,0.005196710807041009,0
InternVL3.5-8B,image_representation,A2->A4,toward_rejection_rate,5747,0.08317382982425614,0.07507079598591257,0.09199805387127903,0.00430240811256025,0
InternVL3.5-8B,image_representation,A2->A4,toward_acceptance_rate,5747,0.05742126326779189,0.05073838957642038,0.06443899911579469,0.0034695108794946528,0
InternVL3.5-8B,image_representation,A2->A5,changed_rate,5747,0.4026448581868801,0.38786398375985487,0.4172311184254727,0.007658162669401554,0
InternVL3.5-8B,image_representation,A2->A5,toward_rejection_rate,5747,0.374630241865321,0.35946418658748275,0.389196557815165,0.00782723698075662,0
InternVL3.5-8B,image_representation,A2->A5,toward_acceptance_rate,5747,0.028014616321559074,0.023434550070332863,0.03311145157023719,0.0024755402719997964,0
InternVL3.5-8B,image_representation,A4->A5,changed_rate,5747,0.38037236819210024,0.3652691376922123,0.3953493471157651,0.007666286260150545,0
InternVL3.5-8B,image_representation,A4->A5,toward_rejection_rate,5747,0.3520097442143727,0.33687951027951446,0.36664135356298017,0.007672670745931891,0
InternVL3.5-8B,image_representation,A4->A5,toward_acceptance_rate,5747,0.02836262397772751,0.023996202698676403,0.03366501651984403,0.002448162748155398,0
InternVL3.5-8B,mixed_image_and_metadata,A1->A4,changed_rate,5747,0.17904993909866018,0.1677383305825356,0.19058909329656837,0.005778187572707466,0
InternVL3.5-8B,mixed_image_and_metadata,A1->A4,toward_rejection_rate,5747,0.05968331303288672,0.05271313907642826,0.06712748747992657,0.0037102535056098567,0
InternVL3.5-8B,mixed_image_and_metadata,A1->A4,toward_acceptance_rate,5747,0.11936662606577345,0.11002976509688128,0.12957720109017654,0.004967364840585812,0
InternVL3.5-8B,mixed_image_and_metadata,A1->A5,changed_rate,5747,0.38037236819210024,0.36611544657705103,0.39436952710406964,0.007250504169631752,0
InternVL3.5-8B,mixed_image_and_metadata,A1->A5,toward_rejection_rate,5747,0.32121106664346616,0.3063850928918836,0.33519986847636857,0.00748057483637764,0
InternVL3.5-8B,mixed_image_and_metadata,A1->A5,toward_acceptance_rate,5747,0.05916130154863407,0.05276518534295864,0.06644191260081272,0.0035486176837045812,0
InternVL3.5-8B,mixed_image_and_metadata,A3->A4,changed_rate,5747,0.1404210892639638,0.1298666939832089,0.15105900351057805,0.00521073169227578,0
InternVL3.5-8B,mixed_image_and_metadata,A3->A4,toward_rejection_rate,5747,0.07482164607621368,0.06684450210578845,0.08349588282995221,0.004061671836666598,0
InternVL3.5-8B,mixed_image_and_metadata,A3->A4,toward_acceptance_rate,5747,0.06559944318775013,0.05830284529949351,0.07298928443764525,0.0037139714566121725,0
InternVL3.5-8B,mixed_image_and_metadata,A3->A5,changed_rate,5747,0.393770662954585,0.3786201388331192,0.40797162332886755,0.00748925812806763,0
InternVL3.5-8B,mixed_image_and_metadata,A3->A5,toward_rejection_rate,5747,0.36210196624325736,0.34733077318763134,0.3762401741588199,0.007657145696916428,0
InternVL3.5-8B,mixed_image_and_metadata,A3->A5,toward_acceptance_rate,5747,0.031668696711327646,0.026833576222828875,0.03702432146660524,0.0026295236749260126,0
GLM-4.6V-Flash,text_only,A1->A2,changed_rate,5747,0.05028710631633896,0.04482063269892044,0.05615307974427057,0.002862461199883916,0
GLM-4.6V-Flash,text_only,A1->A2,toward_rejection_rate,5747,0.01861840960501131,0.015194235936709398,0.02261265005236465,0.001895297678199227,0
GLM-4.6V-Flash,text_only,A1->A2,toward_acceptance_rate,5747,0.031668696711327646,0.027390807188264383,0.036320543283374244,0.0022531657653543525,0
GLM-4.6V-Flash,text_only,A2->A3,changed_rate,5747,0.043500957021054464,0.038527654830813995,0.048806759909457514,0.002606880121561745,0
GLM-4.6V-Flash,text_only,A2->A3,toward_rejection_rate,5747,0.027666608665390637,0.02367155982243292,0.03190955899562106,0.002122086104135576,0
GLM-4.6V-Flash,text_only,A2->A3,toward_acceptance_rate,5747,0.015834348355663823,0.012682110518439602,0.01920007896625987,0.0016828499098903954,0
GLM-4.6V-Flash,text_only,A1->A3,changed_rate,5747,0.06751348529667653,0.06147503308254705,0.07450072316929701,0.0033854050503573803,0
GLM-4.6V-Flash,text_only,A1->A3,toward_rejection_rate,5747,0.03340873499216983,0.02878812809872201,0.0383887049927489,0.0024535105314411965,0
GLM-4.6V-Flash,text_only,A1->A3,toward_acceptance_rate,5747,0.0341047503045067,0.029783008658008658,0.03881406641948036,0.0023386010667768016,0
GLM-4.6V-Flash,image_representation,A2->A4,changed_rate,5747,0.21385070471550374,0.20289054082523247,0.2249411684218688,0.005647470726060758,0
GLM-4.6V-Flash,image_representation,A2->A4,toward_rejection_rate,5747,0.0917000174003828,0.08284424687964519,0.10080965348038091,0.004551275442201043,0
GLM-4.6V-Flash,image_representation,A2->A4,toward_acceptance_rate,5747,0.12215068731512094,0.11283365803372343,0.13171889666129888,0.0047388275451929725,0
GLM-4.6V-Flash,image_representation,A2->A5,changed_rate,5747,0.4774665042630938,0.4624703015331497,0.49168627364523604,0.007438446822849457,0
GLM-4.6V-Flash,image_representation,A2->A5,toward_rejection_rate,5747,0.33704541499913,0.32226851291743996,0.3505431337744525,0.007378397665451566,0
GLM-4.6V-Flash,image_representation,A2->A5,toward_acceptance_rate,5747,0.1404210892639638,0.13109428355907143,0.15006151149814453,0.004759214172591256,0
GLM-4.6V-Flash,image_representation,A4->A5,changed_rate,5747,0.47537845832608316,0.46062292088341755,0.48981866570652655,0.007546657001078778,0
GLM-4.6V-Flash,image_representation,A4->A5,toward_rejection_rate,5747,0.35113972507395164,0.33582949871222595,0.36543385120854,0.007733732341300713,0
GLM-4.6V-Flash,image_representation,A4->A5,toward_acceptance_rate,5747,0.12423873325213154,0.11542533950709923,0.13339374977613322,0.004573466685892085,0
GLM-4.6V-Flash,mixed_image_and_metadata,A1->A4,changed_rate,5747,0.23038106838350444,0.218987651444548,0.24227702279886015,0.005980482904098123,0
GLM-4.6V-Flash,mixed_image_and_metadata,A1->A4,toward_rejection_rate,5747,0.09396206716547764,0.08462221731867776,0.10355605750912003,0.004727189702659055,0
GLM-4.6V-Flash,mixed_image_and_metadata,A1->A4,toward_acceptance_rate,5747,0.1364190012180268,0.1265980569893886,0.14666285442179197,0.004974561928036713,0
GLM-4.6V-Flash,mixed_image_and_metadata,A1->A5,changed_rate,5747,0.47972855402818865,0.4648508119690249,0.49339721899151373,0.007274532021813574,0
GLM-4.6V-Flash,mixed_image_and_metadata,A1->A5,toward_rejection_rate,5747,0.3313032886723508,0.31681621440832824,0.3447355679773986,0.0072004340164302716,0
GLM-4.6V-Flash,mixed_image_and_metadata,A1->A5,toward_acceptance_rate,5747,0.14842526535583783,0.13866340648635733,0.15800862830013146,0.0048448304106882,0
GLM-4.6V-Flash,mixed_image_and_metadata,A3->A4,changed_rate,5747,0.20915260135722985,0.19882471858259415,0.21989034971466076,0.00537676192640776,0
GLM-4.6V-Flash,mixed_image_and_metadata,A3->A4,toward_rejection_rate,5747,0.08299982599617192,0.07475557619361109,0.09158221691713964,0.004238367058407976,0
GLM-4.6V-Flash,mixed_image_and_metadata,A3->A4,toward_acceptance_rate,5747,0.12615277536105796,0.11698375544602387,0.13541133025227398,0.004630142655079049,0
GLM-4.6V-Flash,mixed_image_and_metadata,A3->A5,changed_rate,5747,0.47329041238907255,0.45861146792877766,0.48736084046910527,0.0072654539530599485,0
GLM-4.6V-Flash,mixed_image_and_metadata,A3->A5,toward_rejection_rate,5747,0.32677918914216114,0.3119120287960177,0.34017762663704776,0.007182072188009146,0
GLM-4.6V-Flash,mixed_image_and_metadata,A3->A5,toward_acceptance_rate,5747,0.14651122324691143,0.13690011694720136,0.15638991769176303,0.004853724235742067,0
Phi-4-multimodal,text_only,A1->A2,changed_rate,5747,0.037758830694275276,0.03197774225572139,0.04416306916202047,0.003079130917299559,0
Phi-4-multimodal,text_only,A1->A2,toward_rejection_rate,5747,0.016530363668000696,0.013077520351396194,0.02029875628903539,0.0018675775104226606,0
Phi-4-multimodal,text_only,A1->A2,toward_acceptance_rate,5747,0.021228467026274577,0.01702297480176822,0.02534542813797789,0.0021835355432243157,0
Phi-4-multimodal,text_only,A2->A3,changed_rate,5747,0.15347137637028013,0.14101333502261879,0.16602245564574622,0.0066587871808215454,0
Phi-4-multimodal,text_only,A2->A3,toward_rejection_rate,5747,0.15329737254219594,0.14084181637339294,0.16586416265382556,0.006662053396430831,0
Phi-4-multimodal,text_only,A2->A3,toward_acceptance_rate,5747,0.00017400382808421786,0.0,0.0005322097895701291,0.00016943806683124337,0
Phi-4-multimodal,text_only,A1->A3,changed_rate,5747,0.14981729598051158,0.1370738214716788,0.1628773049374394,0.006681457852554489,0
Phi-4-multimodal,text_only,A1->A3,toward_rejection_rate,5747,0.1491212806681747,0.13646234880762728,0.16203747742034666,0.006655431854332227,0
Phi-4-multimodal,text_only,A1->A3,toward_acceptance_rate,5747,0.0006960153123368715,0.00016951810348249526,0.0015398832509233421,0.0003676219945967743,0
Phi-4-multimodal,image_representation,A2->A4,changed_rate,5747,0.2862362971985384,0.27236172483514764,0.2994844995071369,0.006750688897800417,0
Phi-4-multimodal,image_representation,A2->A4,toward_rejection_rate,5747,0.27631807899773797,0.26242317820935246,0.28935192315751623,0.006763315479674166,0
Phi-4-multimodal,image_representation,A2->A4,toward_acceptance_rate,5747,0.009918218200800417,0.007363300828397637,0.012716194642135062,0.001400710770766359,0
Phi-4-multimodal,image_representation,A2->A5,changed_rate,5747,0.22202888463546197,0.2110916494814458,0.233581150525037,0.005674434977137223,0
Phi-4-multimodal,image_representation,A2->A5,toward_rejection_rate,5747,0.1851400730816078,0.17446835451990084,0.1958313337590004,0.005465535305691835,0
Phi-4-multimodal,image_representation,A2->A5,toward_acceptance_rate,5747,0.036888811553854185,0.030991515201686515,0.04321186694396678,0.0030969673537634863,0
Phi-4-multimodal,image_representation,A4->A5,changed_rate,5747,0.17661388550548113,0.1659102532361866,0.18733879437133943,0.005466726521857084,0
Phi-4-multimodal,image_representation,A4->A5,toward_rejection_rate,5747,0.029232643118148598,0.02495280404173578,0.03368696308590289,0.002244321229807861,0
Phi-4-multimodal,image_representation,A4->A5,toward_acceptance_rate,5747,0.14738124238733252,0.1371967641400257,0.15782043929396686,0.005075696975416348,0
Phi-4-multimodal,mixed_image_and_metadata,A1->A4,changed_rate,5747,0.2895423699321385,0.27556473721842356,0.302871826165164,0.006873263994270682,0
Phi-4-multimodal,mixed_image_and_metadata,A1->A4,toward_rejection_rate,5747,0.2756220636854011,0.2616963744871003,0.2887228795843205,0.0067975149215864445,0
Phi-4-multimodal,mixed_image_and_metadata,A1->A4,toward_acceptance_rate,5747,0.013920306246737428,0.010898617411727436,0.01722395978890362,0.0016412417976114566,0
Phi-4-multimodal,mixed_image_and_metadata,A1->A5,changed_rate,5747,0.23020706455542023,0.21876562232951632,0.24169718230339582,0.005843102518925383,0
Phi-4-multimodal,mixed_image_and_metadata,A1->A5,toward_rejection_rate,5747,0.18688011136244997,0.17587001323937715,0.19748891874210667,0.005426654628556966,0
Phi-4-multimodal,mixed_image_and_metadata,A1->A5,toward_acceptance_rate,5747,0.043326953192970245,0.036633755715990576,0.050517861947176654,0.0035033205177965898,0
Phi-4-multimodal,mixed_image_and_metadata,A3->A4,changed_rate,5747,0.23055507221158866,0.21874678267681288,0.24195649238515735,0.005895656656217612,0
Phi-4-multimodal,mixed_image_and_metadata,A3->A4,toward_rejection_rate,5747,0.17191578214720724,0.16075046053568487,0.18258418068143265,0.005671540185970027,0
Phi-4-multimodal,mixed_image_and_metadata,A3->A4,toward_acceptance_rate,5747,0.058639290064381414,0.051347851459677074,0.06629957546742943,0.003849653216705507,0
Phi-4-multimodal,mixed_image_and_metadata,A3->A5,changed_rate,5747,0.23142509135200975,0.2196208349691667,0.2436802543909675,0.006163975469644336,0
Phi-4-multimodal,mixed_image_and_metadata,A3->A5,toward_rejection_rate,5747,0.11327649208282582,0.10478383373495183,0.12214689983732428,0.004465095228140694,0
Phi-4-multimodal,mixed_image_and_metadata,A3->A5,toward_acceptance_rate,5747,0.11814859926918392,0.10622372023235309,0.13075678975343108,0.006212218131163492,0
Gemma-4-12B,text_only,A1->A2,changed_rate,5747,0.012528275622063685,0.009715100393087962,0.015490366974879951,0.001443061353455777,0
Gemma-4-12B,text_only,A1->A2,toward_rejection_rate,5747,0.005220114842526535,0.003438494927372953,0.007184405305657804,0.0009315823129888501,0
Gemma-4-12B,text_only,A1->A2,toward_acceptance_rate,5747,0.007308160779537149,0.005173731938216243,0.009555975286664228,0.0011348614366399744,0
Gemma-4-12B,text_only,A2->A3,changed_rate,5747,0.031494692883243434,0.027114409209562953,0.03590064484780648,0.0022691439967321447,0
Gemma-4-12B,text_only,A2->A3,toward_rejection_rate,5747,0.030624673742822343,0.02625203430694866,0.034985700546925035,0.0022450649407595676,0
Gemma-4-12B,text_only,A2->A3,toward_acceptance_rate,5747,0.0008700191404210892,0.00017586669635853686,0.0016702380411536748,0.0003774205616047609,0
Gemma-4-12B,text_only,A1->A3,changed_rate,5747,0.03079867757090656,0.02668042050702469,0.03540536239011445,0.0022826036448138206,0
Gemma-4-12B,text_only,A1->A3,toward_rejection_rate,5747,0.029232643118148598,0.025234413607941562,0.03372550951130717,0.002228877872424051,0
Gemma-4-12B,text_only,A1->A3,toward_acceptance_rate,5747,0.0015660344527579607,0.0006921463150429956,0.0027031970714972223,0.000527139104885681,0
Gemma-4-12B,image_representation,A2->A4,changed_rate,5747,0.04593701061423351,0.04065730137647091,0.05165210985068726,0.002834798669740161,0
Gemma-4-12B,image_representation,A2->A4,toward_rejection_rate,5747,0.027144597181137986,0.022990463215258855,0.031567493968119364,0.0022059015699586676,0
Gemma-4-12B,image_representation,A2->A4,toward_acceptance_rate,5747,0.01879241343309553,0.015276053376968728,0.022549882785799724,0.0018982231966607642,0
Gemma-4-12B,image_representation,A2->A5,changed_rate,5747,0.08630589872977205,0.07924836215244284,0.09382656392282185,0.003656070561660826,0
Gemma-4-12B,image_representation,A2->A5,toward_rejection_rate,5747,0.0722115886549504,0.06576096430705565,0.07917952359451319,0.0033985837243586605,0
Gemma-4-12B,image_representation,A2->A5,toward_acceptance_rate,5747,0.014094310074821646,0.010886237756132166,0.01729651106698541,0.0016520341961875692,0
Gemma-4-12B,image_representation,A4->A5,changed_rate,5747,0.06229337045414999,0.05622956096608519,0.06888165935680778,0.0032975813799064973,0
Gemma-4-12B,image_representation,A4->A5,toward_rejection_rate,5747,0.05602923264311815,0.05022419084783773,0.06227442097302844,0.0031032848894581642,0
Gemma-4-12B,image_representation,A4->A5,toward_acceptance_rate,5747,0.006264137811031843,0.004362126391252075,0.00838438157350203,0.001026148590235387,0
Gemma-4-12B,mixed_image_and_metadata,A1->A4,changed_rate,5747,0.04698103358273882,0.0416156868486208,0.052768894460201644,0.0028840870306175263,0
Gemma-4-12B,mixed_image_and_metadata,A1->A4,toward_rejection_rate,5747,0.02662258569688533,0.022417194233585815,0.031084604432894923,0.0022142070894027362,0
Gemma-4-12B,mixed_image_and_metadata,A1->A4,toward_acceptance_rate,5747,0.02035844788585349,0.016632171992129765,0.024174782509815546,0.0019266352008689034,0
Gemma-4-12B,mixed_image_and_metadata,A1->A5,changed_rate,5747,0.08700191404210893,0.0798593339895013,0.0946597683822717,0.0037385962749450926,0
Gemma-4-12B,mixed_image_and_metadata,A1->A5,toward_rejection_rate,5747,0.07151557334261353,0.06495051893752807,0.07854526867527813,0.0034420076831825418,0
Gemma-4-12B,mixed_image_and_metadata,A1->A5,toward_acceptance_rate,5747,0.015486340699495388,0.01226220615181934,0.018723259485440586,0.0016782923373370015,0
Gemma-4-12B,mixed_image_and_metadata,A3->A4,changed_rate,5747,0.05376718287802332,0.048208879757323554,0.059848695118876784,0.0030349460029478214,0
Gemma-4-12B,mixed_image_and_metadata,A3->A4,toward_rejection_rate,5747,0.01618235601183226,0.013004915896306393,0.019732466648703904,0.0017009937232190938,0
Gemma-4-12B,mixed_image_and_metadata,A3->A4,toward_acceptance_rate,5747,0.03758482686619106,0.032849749093468106,0.04257241705102924,0.0024994553451632103,0
Gemma-4-12B,mixed_image_and_metadata,A3->A5,changed_rate,5747,0.08265181834000349,0.07627514633314088,0.08996006960515067,0.0035454321975303842,0
Gemma-4-12B,mixed_image_and_metadata,A3->A5,toward_rejection_rate,5747,0.05550722115886549,0.04983883415668136,0.061575349064639816,0.0030364519671018226,0
Gemma-4-12B,mixed_image_and_metadata,A3->A5,toward_acceptance_rate,5747,0.027144597181137986,0.023114171430350744,0.03138661441881092,0.0021116644776616503,0
Qwen3-VL-2B,text_only,A1->A2,changed_rate,5747,0.002784061249347486,0.001022987414371032,0.005194902554159662,0.0011043662224011713,0
Qwen3-VL-2B,text_only,A1->A2,toward_rejection_rate,5747,0.0,0.0,0.0,0.0,0
Qwen3-VL-2B,text_only,A1->A2,toward_acceptance_rate,5747,0.002784061249347486,0.001022987414371032,0.005194902554159662,0.0011043662224011713,0
Qwen3-VL-2B,text_only,A2->A3,changed_rate,5746,0.0003480682213713888,0.0,0.0008871658218570809,0.0002517750635794119,0
Qwen3-VL-2B,text_only,A2->A3,toward_rejection_rate,5746,0.0001740341106856944,0.0,0.0005401853674263449,0.0001802566356468347,0
Qwen3-VL-2B,text_only,A2->A3,toward_acceptance_rate,5746,0.0001740341106856944,0.0,0.0005376392278420985,0.00017834100826589642,0
Qwen3-VL-2B,text_only,A1->A3,changed_rate,5746,0.0027845457709711106,0.0010309596383121405,0.0052750886566687565,0.0011043837344754284,0
Qwen3-VL-2B,text_only,A1->A3,toward_rejection_rate,5746,0.0,0.0,0.0,0.0,0
Qwen3-VL-2B,text_only,A1->A3,toward_acceptance_rate,5746,0.0027845457709711106,0.0010309596383121405,0.0052750886566687565,0.0011043837344754284,0
Qwen3-VL-2B,image_representation,A2->A4,changed_rate,5747,0.007308160779537149,0.004920033551480553,0.00993632925034902,0.0012812585115538461,0
Qwen3-VL-2B,image_representation,A2->A4,toward_rejection_rate,5747,0.007308160779537149,0.004920033551480553,0.00993632925034902,0.0012812585115538461,0
Qwen3-VL-2B,image_representation,A2->A4,toward_acceptance_rate,5747,0.0,0.0,0.0,0.0,0
Qwen3-VL-2B,image_representation,A2->A5,changed_rate,5746,0.2079707622694048,0.19664944673203286,0.21975262336311435,0.006012857763700822,0
Qwen3-VL-2B,image_representation,A2->A5,toward_rejection_rate,5746,0.2077967281587191,0.19646312272879562,0.21958642628567673,0.0060073790163747785,0
Qwen3-VL-2B,image_representation,A2->A5,toward_acceptance_rate,5746,0.0001740341106856944,0.0,0.0005363967652581372,0.00017464594129413695,0
Qwen3-VL-2B,image_representation,A4->A5,changed_rate,5746,0.2079707622694048,0.1964629676650334,0.22021684967955182,0.0060550995932476806,0
Qwen3-VL-2B,image_representation,A4->A5,toward_rejection_rate,5746,0.20414201183431951,0.19295026512201643,0.2160212012497684,0.00599349942439992,0
Qwen3-VL-2B,image_representation,A4->A5,toward_acceptance_rate,5746,0.0038287504350852765,0.0022236857305145113,0.005692187379839144,0.0008818300837792634,0
Qwen3-VL-2B,mixed_image_and_metadata,A1->A4,changed_rate,5747,0.009396206716547765,0.0065649601038325345,0.012669182554378225,0.0015872769842273557,0
Qwen3-VL-2B,mixed_image_and_metadata,A1->A4,toward_rejection_rate,5747,0.006960153123368714,0.004671118864229296,0.009421186763424646,0.0012069592314470062,0
Qwen3-VL-2B,mixed_image_and_metadata,A1->A4,toward_acceptance_rate,5747,0.00243605359317905,0.000696481914334548,0.00478755319148936,0.0010772063262661157,0
Qwen3-VL-2B,mixed_image_and_metadata,A1->A5,changed_rate,5746,0.20866689871214758,0.19710662384821054,0.220634149477405,0.0060312848350468126,0
Qwen3-VL-2B,mixed_image_and_metadata,A1->A5,toward_rejection_rate,5746,0.20675252349460493,0.19544285770136313,0.21832877498954142,0.005997743332439716,0
Qwen3-VL-2B,mixed_image_and_metadata,A1->A5,toward_acceptance_rate,5746,0.0019143752175426383,0.0006751824838272034,0.0036396726964182547,0.0007747292718001317,0
Qwen3-VL-2B,mixed_image_and_metadata,A3->A4,changed_rate,5746,0.007309432648799165,0.005010258162539423,0.009840137765367714,0.0012296762216633603,0
Qwen3-VL-2B,mixed_image_and_metadata,A3->A4,toward_rejection_rate,5746,0.007309432648799165,0.005010258162539423,0.009840137765367714,0.0012296762216633603,0
Qwen3-VL-2B,mixed_image_and_metadata,A3->A4,toward_acceptance_rate,5746,0.0,0.0,0.0,0.0,0
Qwen3-VL-2B,mixed_image_and_metadata,A3->A5,changed_rate,5745,0.2081810269799826,0.1968691121924047,0.21994956504255572,0.006020885652726815,0
Qwen3-VL-2B,mixed_image_and_metadata,A3->A5,toward_rejection_rate,5745,0.20783289817232375,0.19657435586416613,0.21958889421668132,0.006014574877793647,0
Qwen3-VL-2B,mixed_image_and_metadata,A3->A5,toward_acceptance_rate,5745,0.00034812880765883376,0.0,0.0008885848015853252,0.00025451581215644217,0
Qwen2.5-VL-3B,text_only,A1->A2,changed_rate,5747,0.009222202888463546,0.006012491899196596,0.013141863024645095,0.001799208621087693,0
Qwen2.5-VL-3B,text_only,A1->A2,toward_rejection_rate,5747,0.0,0.0,0.0,0.0,0
Qwen2.5-VL-3B,text_only,A1->A2,toward_acceptance_rate,5747,0.009222202888463546,0.006012491899196596,0.013141863024645095,0.001799208621087693,0
Qwen2.5-VL-3B,text_only,A2->A3,changed_rate,5747,0.0005220114842526536,0.0,0.0012146504201629047,0.00029919001761077787,0
Qwen2.5-VL-3B,text_only,A2->A3,toward_rejection_rate,5747,0.0,0.0,0.0,0.0,0
Qwen2.5-VL-3B,text_only,A2->A3,toward_acceptance_rate,5747,0.0005220114842526536,0.0,0.0012146504201629047,0.00029919001761077787,0
Qwen2.5-VL-3B,text_only,A1->A3,changed_rate,5747,0.0097442143727162,0.006411172997751556,0.01368691297437557,0.0018437181534474456,0
Qwen2.5-VL-3B,text_only,A1->A3,toward_rejection_rate,5747,0.0,0.0,0.0,0.0,0
Qwen2.5-VL-3B,text_only,A1->A3,toward_acceptance_rate,5747,0.0097442143727162,0.006411172997751556,0.01368691297437557,0.0018437181534474456,0
Qwen2.5-VL-3B,image_representation,A2->A4,changed_rate,5747,0.0005220114842526536,0.0,0.0012146504201629047,0.00029919001761077787,0
Qwen2.5-VL-3B,image_representation,A2->A4,toward_rejection_rate,5747,0.0,0.0,0.0,0.0,0
Qwen2.5-VL-3B,image_representation,A2->A4,toward_acceptance_rate,5747,0.0005220114842526536,0.0,0.0012146504201629047,0.00029919001761077787,0
Qwen2.5-VL-3B,image_representation,A2->A5,changed_rate,5747,0.0005220114842526536,0.0,0.0012146504201629047,0.00029919001761077787,0
Qwen2.5-VL-3B,image_representation,A2->A5,toward_rejection_rate,5747,0.0,0.0,0.0,0.0,0
Qwen2.5-VL-3B,image_representation,A2->A5,toward_acceptance_rate,5747,0.0005220114842526536,0.0,0.0012146504201629047,0.00029919001761077787,0
Qwen2.5-VL-3B,image_representation,A4->A5,changed_rate,5747,0.0,0.0,0.0,0.0,0
Qwen2.5-VL-3B,image_representation,A4->A5,toward_rejection_rate,5747,0.0,0.0,0.0,0.0,0
Qwen2.5-VL-3B,image_representation,A4->A5,toward_acceptance_rate,5747,0.0,0.0,0.0,0.0,0
Qwen2.5-VL-3B,mixed_image_and_metadata,A1->A4,changed_rate,5747,0.0097442143727162,0.006411172997751556,0.01368691297437557,0.0018437181534474456,0
Qwen2.5-VL-3B,mixed_image_and_metadata,A1->A4,toward_rejection_rate,5747,0.0,0.0,0.0,0.0,0
Qwen2.5-VL-3B,mixed_image_and_metadata,A1->A4,toward_acceptance_rate,5747,0.0097442143727162,0.006411172997751556,0.01368691297437557,0.0018437181534474456,0
Qwen2.5-VL-3B,mixed_image_and_metadata,A1->A5,changed_rate,5747,0.0097442143727162,0.006411172997751556,0.01368691297437557,0.0018437181534474456,0
Qwen2.5-VL-3B,mixed_image_and_metadata,A1->A5,toward_rejection_rate,5747,0.0,0.0,0.0,0.0,0
Qwen2.5-VL-3B,mixed_image_and_metadata,A1->A5,toward_acceptance_rate,5747,0.0097442143727162,0.006411172997751556,0.01368691297437557,0.0018437181534474456,0
Qwen2.5-VL-3B,mixed_image_and_metadata,A3->A4,changed_rate,5747,0.0,0.0,0.0,0.0,0
Qwen2.5-VL-3B,mixed_image_and_metadata,A3->A4,toward_rejection_rate,5747,0.0,0.0,0.0,0.0,0
Qwen2.5-VL-3B,mixed_image_and_metadata,A3->A4,toward_acceptance_rate,5747,0.0,0.0,0.0,0.0,0
Qwen2.5-VL-3B,mixed_image_and_metadata,A3->A5,changed_rate,5747,0.0,0.0,0.0,0.0,0
Qwen2.5-VL-3B,mixed_image_and_metadata,A3->A5,toward_rejection_rate,5747,0.0,0.0,0.0,0.0,0
Qwen2.5-VL-3B,mixed_image_and_metadata,A3->A5,toward_acceptance_rate,5747,0.0,0.0,0.0,0.0,0
InternVL3.5-2B,text_only,A1->A2,changed_rate,5532,0.0,0.0,0.0,0.0,0
InternVL3.5-2B,text_only,A1->A2,toward_rejection_rate,5532,0.0,0.0,0.0,0.0,0
InternVL3.5-2B,text_only,A1->A2,toward_acceptance_rate,5532,0.0,0.0,0.0,0.0,0
InternVL3.5-2B,text_only,A2->A3,changed_rate,5405,0.0,0.0,0.0,0.0,0
InternVL3.5-2B,text_only,A2->A3,toward_rejection_rate,5405,0.0,0.0,0.0,0.0,0
InternVL3.5-2B,text_only,A2->A3,toward_acceptance_rate,5405,0.0,0.0,0.0,0.0,0
InternVL3.5-2B,text_only,A1->A3,changed_rate,5586,0.0,0.0,0.0,0.0,0
InternVL3.5-2B,text_only,A1->A3,toward_rejection_rate,5586,0.0,0.0,0.0,0.0,0
InternVL3.5-2B,text_only,A1->A3,toward_acceptance_rate,5586,0.0,0.0,0.0,0.0,0
InternVL3.5-2B,image_representation,A2->A4,changed_rate,5515,0.0,0.0,0.0,0.0,0
InternVL3.5-2B,image_representation,A2->A4,toward_rejection_rate,5515,0.0,0.0,0.0,0.0,0
InternVL3.5-2B,image_representation,A2->A4,toward_acceptance_rate,5515,0.0,0.0,0.0,0.0,0
InternVL3.5-2B,image_representation,A2->A5,changed_rate,5444,0.0,0.0,0.0,0.0,0
InternVL3.5-2B,image_representation,A2->A5,toward_rejection_rate,5444,0.0,0.0,0.0,0.0,0
InternVL3.5-2B,image_representation,A2->A5,toward_acceptance_rate,5444,0.0,0.0,0.0,0.0,0
InternVL3.5-2B,image_representation,A4->A5,changed_rate,5633,0.0,0.0,0.0,0.0,0
InternVL3.5-2B,image_representation,A4->A5,toward_rejection_rate,5633,0.0,0.0,0.0,0.0,0
InternVL3.5-2B,image_representation,A4->A5,toward_acceptance_rate,5633,0.0,0.0,0.0,0.0,0
InternVL3.5-2B,mixed_image_and_metadata,A1->A4,changed_rate,5721,0.0,0.0,0.0,0.0,0
InternVL3.5-2B,mixed_image_and_metadata,A1->A4,toward_rejection_rate,5721,0.0,0.0,0.0,0.0,0
InternVL3.5-2B,mixed_image_and_metadata,A1->A4,toward_acceptance_rate,5721,0.0,0.0,0.0,0.0,0
InternVL3.5-2B,mixed_image_and_metadata,A1->A5,changed_rate,5650,0.0,0.0,0.0,0.0,0
InternVL3.5-2B,mixed_image_and_metadata,A1->A5,toward_rejection_rate,5650,0.0,0.0,0.0,0.0,0
InternVL3.5-2B,mixed_image_and_metadata,A1->A5,toward_acceptance_rate,5650,0.0,0.0,0.0,0.0,0
InternVL3.5-2B,mixed_image_and_metadata,A3->A4,changed_rate,5569,0.0,0.0,0.0,0.0,0
InternVL3.5-2B,mixed_image_and_metadata,A3->A4,toward_rejection_rate,5569,0.0,0.0,0.0,0.0,0
InternVL3.5-2B,mixed_image_and_metadata,A3->A4,toward_acceptance_rate,5569,0.0,0.0,0.0,0.0,0
InternVL3.5-2B,mixed_image_and_metadata,A3->A5,changed_rate,5497,0.0,0.0,0.0,0.0,0
InternVL3.5-2B,mixed_image_and_metadata,A3->A5,toward_rejection_rate,5497,0.0,0.0,0.0,0.0,0
InternVL3.5-2B,mixed_image_and_metadata,A3->A5,toward_acceptance_rate,5497,0.0,0.0,0.0,0.0,0
InternVL3.5-4B,text_only,A1->A2,changed_rate,5747,0.17800591613015487,0.1667852001348767,0.1888754658925055,0.00561330902135314,0
InternVL3.5-4B,text_only,A1->A2,toward_rejection_rate,5747,0.16478162519575432,0.15381612336964387,0.17532395379647447,0.005443615841764523,0
InternVL3.5-4B,text_only,A1->A2,toward_acceptance_rate,5747,0.013224290934400557,0.010240538630247143,0.01658224344920299,0.0016487608085357162,0
InternVL3.5-4B,text_only,A2->A3,changed_rate,5747,0.07516965373238212,0.06799344632876615,0.08281144526924278,0.0038047307119383664,0
InternVL3.5-4B,text_only,A2->A3,toward_rejection_rate,5747,0.06699147381242387,0.060261846636830804,0.07431048558906778,0.0036560901416381945,0
InternVL3.5-4B,text_only,A2->A3,toward_acceptance_rate,5747,0.008178179919958239,0.005893536246500365,0.010621729116972336,0.0012394108483558695,0
InternVL3.5-4B,text_only,A1->A3,changed_rate,5747,0.2241169305724726,0.21204163049355787,0.23599169562327713,0.0061533877469106425,0
InternVL3.5-4B,text_only,A1->A3,toward_rejection_rate,5747,0.21959283104228294,0.207415465413585,0.23162062860940716,0.0061516359720662096,0
InternVL3.5-4B,text_only,A1->A3,toward_acceptance_rate,5747,0.004524099530189664,0.0026672260462371534,0.006677710069781077,0.0010143713105267406,0
InternVL3.5-4B,image_representation,A2->A4,changed_rate,5747,0.23664520619453627,0.2232609016672631,0.2502166763628673,0.0068384948511594785,0
InternVL3.5-4B,image_representation,A2->A4,toward_rejection_rate,5747,0.1804419697233339,0.16754483307261148,0.19310025027835523,0.006415988071106966,0
InternVL3.5-4B,image_representation,A2->A4,toward_acceptance_rate,5747,0.056203236471202365,0.04942215293113257,0.06350041179879272,0.003552085351982183,0
InternVL3.5-4B,image_representation,A2->A5,changed_rate,5747,0.43674960849138683,0.42025132752304023,0.454516976183043,0.008723106548222531,0
InternVL3.5-4B,image_representation,A2->A5,toward_rejection_rate,5747,0.27649208282582216,0.26154859673468767,0.29306338139007804,0.008202491454817017,0
InternVL3.5-4B,image_representation,A2->A5,toward_acceptance_rate,5747,0.16025752566556464,0.1496909503776893,0.170502930766,0.005443200944873809,0
InternVL3.5-4B,image_representation,A4->A5,changed_rate,5747,0.32016704367496085,0.30406082897285686,0.3363354719958877,0.00828574382717988,0
InternVL3.5-4B,image_representation,A4->A5,toward_rejection_rate,5747,0.1560814337915434,0.14250280190152895,0.1703171960279868,0.007036964452401329,0
InternVL3.5-4B,image_representation,A4->A5,toward_acceptance_rate,5747,0.16408560988341744,0.1529899566546921,0.17537163612904605,0.00568652691879807,0
InternVL3.5-4B,mixed_image_and_metadata,A1->A4,changed_rate,5747,0.36401600835218373,0.3492570654244632,0.3791039125064215,0.0077818612509915125,0
InternVL3.5-4B,mixed_image_and_metadata,A1->A4,toward_rejection_rate,5747,0.31807899773795023,0.30283256496948063,0.3329917868785808,0.007691050832061788,0
InternVL3.5-4B,mixed_image_and_metadata,A1->A4,toward_acceptance_rate,5747,0.04593701061423351,0.03962871530218012,0.05232029848036974,0.0033003549725230674,0
InternVL3.5-4B,mixed_image_and_metadata,A1->A5,changed_rate,5747,0.5453279972159387,0.5286294250966125,0.5616937624669919,0.008528779635722152,0
InternVL3.5-4B,mixed_image_and_metadata,A1->A5,toward_rejection_rate,5747,0.41569514529319646,0.39857469427794323,0.43300514855122973,0.008888203215260133,0
InternVL3.5-4B,mixed_image_and_metadata,A1->A5,toward_acceptance_rate,5747,0.1296328519227423,0.11976751375888027,0.1391463872590109,0.005025287853951657,0
InternVL3.5-4B,mixed_image_and_metadata,A3->A4,changed_rate,5747,0.21037062815381938,0.19878413926499033,0.22356610272923808,0.006376814567307913,0
InternVL3.5-4B,mixed_image_and_metadata,A3->A4,toward_rejection_rate,5747,0.1393770662954585,0.1286732246023338,0.15054892555945554,0.005565154973843812,0
InternVL3.5-4B,mixed_image_and_metadata,A3->A4,toward_acceptance_rate,5747,0.07099356185836088,0.06352016099939188,0.07833708687003636,0.003797562766634404,0
InternVL3.5-4B,mixed_image_and_metadata,A3->A5,changed_rate,5747,0.40299286584304855,0.3865127875040215,0.41966751113634915,0.008529416403002477,0
InternVL3.5-4B,mixed_image_and_metadata,A3->A5,toward_rejection_rate,5747,0.2279450147903254,0.21388964141451638,0.24307539244698412,0.007504947453649616,0
InternVL3.5-4B,mixed_image_and_metadata,A3->A5,toward_acceptance_rate,5747,0.17504785105272316,0.16406993037437684,0.18605615192090275,0.005692003106578449,0
InternVL3.5-14B,text_only,A1->A2,changed_rate,5747,0.04628501827040195,0.04045600209602515,0.052506396722125405,0.0030679991496857005,0
InternVL3.5-14B,text_only,A1->A2,toward_rejection_rate,5747,0.0041760918740212285,0.002578372914106189,0.00603470494134376,0.0008812354998446126,0
InternVL3.5-14B,text_only,A1->A2,toward_acceptance_rate,5747,0.04210892639638072,0.036734291467529594,0.04809414473375811,0.002912090315473711,0
InternVL3.5-14B,text_only,A2->A3,changed_rate,5747,0.02992865843048547,0.025604663463915232,0.03430413728966525,0.0022245765606782493,0
InternVL3.5-14B,text_only,A2->A3,toward_rejection_rate,5747,0.023838524447537847,0.020025990767140397,0.027874790753697035,0.002028227395466237,0
InternVL3.5-14B,text_only,A2->A3,toward_acceptance_rate,5747,0.0060901339829476245,0.004124955029508951,0.008247885020542405,0.0010571763956615276,0
InternVL3.5-14B,text_only,A1->A3,changed_rate,5747,0.03567078475726466,0.030615534982343002,0.04101393200551363,0.00258114438609455,0
InternVL3.5-14B,text_only,A1->A3,toward_rejection_rate,5747,0.007830172263789804,0.00574612493659476,0.010165578435799329,0.0011362036807488934,0
InternVL3.5-14B,text_only,A1->A3,toward_acceptance_rate,5747,0.027840612493474855,0.02359320230491407,0.03266733222848569,0.002327279393789818,0
InternVL3.5-14B,image_representation,A2->A4,changed_rate,5747,0.12580476770488952,0.11605229615150557,0.13528772555293925,0.004958902439324608,0
InternVL3.5-14B,image_representation,A2->A4,toward_rejection_rate,5747,0.09761614755524621,0.08970584811009998,0.10627646625534781,0.004257450915851553,0
InternVL3.5-14B,image_representation,A2->A4,toward_acceptance_rate,5747,0.028188620149643292,0.023585974339342446,0.033052277258377845,0.002424918551196744,0
InternVL3.5-14B,image_representation,A2->A5,changed_rate,5747,0.36593005046111016,0.3519980988142678,0.3792194112014063,0.007120918314722585,0
InternVL3.5-14B,image_representation,A2->A5,toward_rejection_rate,5747,0.3175569862536976,0.30320028517690684,0.33068820513646063,0.007140608282072189,0
InternVL3.5-14B,image_representation,A2->A5,toward_acceptance_rate,5747,0.04837306420741256,0.04229867821024966,0.054999928537739204,0.0031334843828742225,0
InternVL3.5-14B,image_representation,A4->A5,changed_rate,5747,0.3647120236645206,0.3509622129502653,0.37829109591443505,0.007102650700743188,0
InternVL3.5-14B,image_representation,A4->A5,toward_rejection_rate,5747,0.27266399860796936,0.2589901220798034,0.28593101582177416,0.006821741978724485,0
InternVL3.5-14B,image_representation,A4->A5,toward_acceptance_rate,5747,0.09204802505655124,0.08453149773862723,0.10083740553830212,0.004179575819989499,0
InternVL3.5-14B,mixed_image_and_metadata,A1->A4,changed_rate,5747,0.11762658778493126,0.10796909375156383,0.12698725596803787,0.004891599214631066,0
InternVL3.5-14B,mixed_image_and_metadata,A1->A4,toward_rejection_rate,5747,0.07638768052897164,0.06886720089227119,0.08446166961723672,0.00394494520570509,0
InternVL3.5-14B,mixed_image_and_metadata,A1->A4,toward_acceptance_rate,5747,0.041238907255959634,0.03577032287613723,0.04670471980882235,0.002820043451578198,0
InternVL3.5-14B,mixed_image_and_metadata,A1->A5,changed_rate,5747,0.374630241865321,0.3603920383285193,0.38826716121155064,0.007249061421431339,0
InternVL3.5-14B,mixed_image_and_metadata,A1->A5,toward_rejection_rate,5747,0.29963459196102316,0.28494379276637344,0.3134104096164292,0.007306853703144452,0
InternVL3.5-14B,mixed_image_and_metadata,A1->A5,toward_acceptance_rate,5747,0.0749956499042979,0.06774528792339411,0.08345458764320154,0.004011869800803513,0
InternVL3.5-14B,mixed_image_and_metadata,A3->A4,changed_rate,5747,0.11658256481642597,0.10752696209508054,0.12653582992986967,0.004865508557235717,0
InternVL3.5-14B,mixed_image_and_metadata,A3->A4,toward_rejection_rate,5747,0.08526187576126674,0.07747081053500408,0.09364211919113535,0.004154846766006881,0
InternVL3.5-14B,mixed_image_and_metadata,A3->A4,toward_acceptance_rate,5747,0.031320689055159216,0.02665471239682686,0.03624227524500096,0.0024570399479023116,0
InternVL3.5-14B,mixed_image_and_metadata,A3->A5,changed_rate,5747,0.370628153819384,0.3564810800600478,0.38421829993123396,0.007249038573622081,0
InternVL3.5-14B,mixed_image_and_metadata,A3->A5,toward_rejection_rate,5747,0.3093788063337393,0.2947925503818234,0.32289467750433076,0.007247416501553239,0
InternVL3.5-14B,mixed_image_and_metadata,A3->A5,toward_acceptance_rate,5747,0.06124934748564469,0.054703410938073516,0.06847752113213089,0.0034952464146690474,0
