model,group,pair,n_from,n_to,same_n,dAcc,dBalAcc,dSens,dSpec,dF1,dU,dR,dUr,dCov
Qwen2.5-VL-7B,text_only,A1->A2,5747,5747,True,0.03449910216393248,-0.09781427131872145,0.04960170409115583,-0.24523024672859853,0.020308836355100834,-0.074995649904298,0.11745258395684699,-0.04245693405254909,0.07499564990429786
Qwen2.5-VL-7B,text_only,A2->A3,5747,5747,True,0.012681977300300962,-0.06043098962432636,0.01870713623375042,-0.1395691154824034,0.007152750783762762,-0.005394118670610709,0.025752566556464296,-0.0203584478858535,0.005394118670610792
Qwen2.5-VL-7B,text_only,A1->A3,5747,5747,True,0.047181079464233444,-0.1582452609430478,0.06830884032490625,-0.3847993622110019,0.027461587138863597,-0.0803897685749087,0.14320515051331129,-0.0628153819384026,0.08038976857490865
Qwen2.5-VL-7B,image_representation,A2->A4,5747,5747,True,-0.056404588539924805,0.18450019098687154,-0.08945624289122356,0.4584566248649664,-0.03434972325333385,0.03706281538193848,-0.12145467200278404,0.0843918566208456,-0.03706281538193834
Qwen2.5-VL-7B,image_representation,A2->A5,5747,5747,True,-0.2605811093206051,0.19120006395377986,-0.3408094873132961,0.7232096152208557,-0.1886080989282306,-0.1546894031668696,-0.2093266051853141,0.36401600835218373,0.15468940316686963
Qwen2.5-VL-7B,image_representation,A4->A5,5747,5747,True,-0.20417652078068027,0.006699872966908327,-0.2513532444220725,0.2647529903558893,-0.15425837567489675,-0.19175221854880808,-0.08787193318253006,0.2796241517313381,0.19175221854880797
Qwen2.5-VL-7B,mixed_image_and_metadata,A1->A4,5747,5747,True,-0.021905486375992322,0.08668591966815009,-0.03985453880006773,0.2132263781363679,-0.014040886898233018,-0.037932834522359515,-0.004002088045937047,0.04193492256829651,0.037932834522359515
Qwen2.5-VL-7B,mixed_image_and_metadata,A1->A5,5747,5747,True,-0.2260820071566726,0.09338579263505842,-0.29120778322214025,0.4779793684922572,-0.16829926257312977,-0.2296850530711676,-0.0918740212284671,0.3215590742996346,0.2296850530711675
Qwen2.5-VL-7B,mixed_image_and_metadata,A3->A4,5747,5747,True,-0.06908656584022577,0.2449311806111979,-0.10816337912497398,0.5980257403473699,-0.041502474037096615,0.04245693405254919,-0.14720723855924833,0.1047503045066991,-0.04245693405254913
Qwen2.5-VL-7B,mixed_image_and_metadata,A3->A5,5747,5747,True,-0.27326308662090604,0.2516310535781062,-0.3595166235470465,0.8627787307032592,-0.19576084971199337,-0.1492952844962589,-0.2350791717417784,0.38437445623803723,0.14929528449625884
Qwen3-VL-8B,text_only,A1->A2,5747,5747,True,0.05124110006050664,-0.041721149630639776,0.073173582774678,-0.1566158820359575,0.03531605843188068,0.026970593353053796,0.05689925178353927,-0.08386984513659301,-0.02697059335305374
Qwen3-VL-8B,text_only,A2->A3,5747,5747,True,-0.051246945567474333,0.03915990015502868,-0.0732038585128717,0.1515236588229289,-0.03507781782362718,-0.0059161301548633916,-0.07221158865495048,0.0781277188098139,0.005916130154863364
Qwen3-VL-8B,text_only,A1->A3,5747,5747,True,-5.845506967694369e-06,-0.0025612494756110937,-3.027573819369689e-05,-0.005092223213028602,0.0002382406082535038,0.021054463198190404,-0.015312336871411203,-0.005742126326779118,-0.021054463198190376
Qwen3-VL-8B,image_representation,A2->A4,5747,5747,True,-0.001927655413713203,-0.1160072578487037,0.03252195582550832,-0.2645364715229158,0.0014189474146072412,-0.021750478510527194,0.07221158865495036,-0.0504611101444231,0.02175047851052736
Qwen3-VL-8B,image_representation,A2->A5,5747,5747,True,-0.13453082281443718,0.17061341189891455,-0.21962832921897935,0.5608551530168082,-0.10790151580190055,0.6171915782147208,-0.6185836088393944,0.0013920306246738012,-0.6171915782147208
Qwen3-VL-8B,image_representation,A4->A5,5747,5747,True,-0.13260316740072398,0.28662066974761824,-0.25215028504448767,0.8253916245397241,-0.10932046321650779,0.638942056725248,-0.6907951974943448,0.0518531407690969,-0.6389420567252482
Qwen3-VL-8B,mixed_image_and_metadata,A1->A4,5747,5747,True,0.049313444646793436,-0.15772840747934347,0.10569553860018632,-0.4211523535588733,0.03673500584648792,0.005220114842526602,0.12911084043848964,-0.13433095528101613,-0.00522011484252638
Qwen3-VL-8B,mixed_image_and_metadata,A1->A5,5747,5747,True,-0.08328972275393054,0.12889226226827477,-0.14645474644430134,0.4042392709808508,-0.07258545737001987,0.6441621715677746,-0.5616843570558552,-0.08247781451191921,-0.6441621715677746
Qwen3-VL-8B,mixed_image_and_metadata,A3->A4,5747,5747,True,0.04931929015376113,-0.15516715800373237,0.10572581433838002,-0.4160601303458447,0.03649676523823442,-0.015834348355663802,0.14442317730990084,-0.128588828954237,0.015834348355663996
Qwen3-VL-8B,mixed_image_and_metadata,A3->A5,5747,5747,True,-0.08328387724696285,0.13145351174388586,-0.14642447070610765,0.4093314941938794,-0.07282369797827337,0.6231077083695842,-0.546372020184444,-0.0767356881851401,-0.6231077083695842
Qwen3-VL-4B,text_only,A1->A2,5747,5747,True,0.07537956474763674,0.01840779629494116,0.09283008441253743,-0.056014491822655055,0.07690440328605086,-0.038802853662780495,0.09883417435183578,-0.06003132068905509,0.03880285366278058
Qwen3-VL-4B,text_only,A2->A3,5747,5747,True,-0.008784873316074138,0.008415010134030898,-0.014045103855364616,0.030875124123426412,-0.009836691627493122,-0.013746302418653211,-0.008004176091873982,0.021750478510527194,0.013746302418653156
Qwen3-VL-4B,text_only,A1->A3,5747,5747,True,0.0665946914315626,0.026822806428972057,0.07878498055717281,-0.025139367699228643,0.06706771165855774,-0.05254915608143371,0.0908299982599618,-0.038280842178527896,0.052549156081433734
Qwen3-VL-4B,image_representation,A2->A4,5747,5747,True,-0.124439342537778,-0.05142476458048373,-0.14384597044210634,0.040996441281138885,-0.125796095530058,-0.029058639290064407,-0.10927440403688876,0.13833304332695312,0.02905863929006436
Qwen3-VL-4B,image_representation,A2->A5,5747,5747,True,-0.22840180666708387,-0.07850926085228738,-0.26102467172357763,0.10400615001900282,-0.24804093182309467,0.17609187402122847,-0.26900991821820075,0.0929180441969723,-0.1760918740212285
Qwen3-VL-4B,image_representation,A4->A5,5747,5747,True,-0.10396246412930588,-0.02708449627180365,-0.11717870128147129,0.06300970873786393,-0.12224483629303667,0.2051505133112929,-0.15973551418131202,-0.045414999129980815,-0.20515051331129286
Qwen3-VL-4B,mixed_image_and_metadata,A1->A4,5747,5747,True,-0.04905977779014126,-0.03301696828554257,-0.05101588602956891,-0.01501805054151617,-0.048891692244007134,-0.06786149295284491,-0.010440229685052982,0.07830172263789803,0.06786149295284494
Qwen3-VL-4B,mixed_image_and_metadata,A1->A5,5747,5747,True,-0.15302224191944713,-0.06010146455734622,-0.1681945873110402,0.047991658196347764,-0.1711365285370438,0.13728902035844798,-0.170175743866365,0.032886723507917215,-0.13728902035844792
Qwen3-VL-4B,mixed_image_and_metadata,A3->A4,5747,5747,True,-0.11565446922170386,-0.059839774714514626,-0.12980086658674173,0.010121317157712473,-0.11595940390256487,-0.015312336871411196,-0.10127022794501478,0.11658256481642593,0.015312336871411203
Qwen3-VL-4B,mixed_image_and_metadata,A3->A5,5747,5747,True,-0.21961693335100974,-0.08692427098631827,-0.246979567868213,0.07313102589557641,-0.23820424019560155,0.18983817643988168,-0.26100574212632677,0.07116756568644511,-0.18983817643988166
InternVL3.5-8B,text_only,A1->A2,5747,5747,True,0.018054689689899872,-0.12312138983057141,0.013546509188725575,-0.2597892888498684,0.009616052158952004,-0.057595267095876035,0.0716895771706978,-0.0140943100748217,0.057595267095876146
InternVL3.5-8B,text_only,A2->A3,5747,5747,True,0.00019951910440874077,0.06718779872932823,-0.0015002913584087896,0.1358758888170653,5.892917753280713e-05,0.010266225856968847,-0.013398294762484775,0.003132068905516,-0.010266225856968902
InternVL3.5-8B,text_only,A1->A3,5747,5747,True,0.018254208794308613,-0.055933591101243185,0.012046217830316786,-0.12391340003280307,0.009674981336484811,-0.04732904123890719,0.05829128240821302,-0.010962241169305699,0.04732904123890724
InternVL3.5-8B,image_representation,A2->A4,5747,5747,True,-0.003452085623711798,-0.02517650760162493,0.0005842827928715932,-0.0509372979961215,-0.0017586267297251545,0.027840612493474803,-0.02679658952496955,-0.0010440229685053,-0.027840612493474914
InternVL3.5-8B,image_representation,A2->A5,5747,5747,True,-0.08561411970789357,-0.05189498803688908,-0.09165762313260184,-0.0121323529411764,-0.045834922684193535,0.3199930398468766,-0.34487558726291984,0.0248825474160432,-0.31999303984687666
InternVL3.5-8B,image_representation,A4->A5,5747,5747,True,-0.08216203408418177,-0.026718480435264147,-0.09224190592547343,0.0388049450549451,-0.04407629595446838,0.2921524273534018,-0.3180789977379503,0.0259265703845485,-0.29215242735340174
InternVL3.5-8B,mixed_image_and_metadata,A1->A4,5747,5747,True,0.014602604066188074,-0.14829789743219635,0.014130791981597168,-0.31072658684598986,0.00785742542922685,-0.02975465460240123,0.044892987645728244,-0.015138333043326999,0.02975465460240123
InternVL3.5-8B,mixed_image_and_metadata,A1->A5,5747,5747,True,-0.0675594300179937,-0.1750163778674605,-0.07811111394387626,-0.2719216417910448,-0.03621887052524153,0.26239777275100057,-0.27318601009222204,0.010788237341221502,-0.2623977727510005
InternVL3.5-8B,mixed_image_and_metadata,A3->A4,5747,5747,True,-0.003651604728120539,-0.09236430633095316,0.002084574151280383,-0.18681318681318682,-0.0018175559072579617,0.017574386636505956,-0.013398294762484775,-0.0041760918740213,-0.017574386636506012
InternVL3.5-8B,mixed_image_and_metadata,A3->A5,5747,5747,True,-0.0858136388123023,-0.11908278676621731,-0.09015733177419305,-0.1480082417582417,-0.04589385186172634,0.30972681398990776,-0.33147729250043506,0.0217504785105272,-0.30972681398990776
GLM-4.6V-Flash,text_only,A1->A2,5747,5747,True,0.016487109887021623,0.018822068523880686,0.015785319652723007,0.021858817395038255,0.012311816776915396,0.0012180267965896004,0.011136244997389855,-0.012354271793979521,-0.0012180267965895553
GLM-4.6V-Flash,text_only,A2->A3,5747,5747,True,0.0014638315194811513,0.02558335339851614,-0.0052375853601503986,0.05640429215718268,-0.00018947575768701874,0.0074821646076213,-0.015138333043326901,0.0076561684357056015,-0.007482164607621411
GLM-4.6V-Flash,text_only,A1->A3,5747,5747,True,0.017950941406502774,0.044405421922396826,0.010547734292572608,0.07826310955222093,0.012122341019228378,0.0087001914042109,-0.004002088045937047,-0.0046981033582739196,-0.008700191404210966
GLM-4.6V-Flash,image_representation,A2->A4,5747,5747,True,0.036763516633180005,0.03029830637797981,0.038570112608391605,0.02202650014756824,0.02699556070786524,0.0012180267965894997,0.030798677570906596,-0.032016704367496096,-0.0012180267965895553
GLM-4.6V-Flash,image_representation,A2->A5,5747,5747,True,-0.17524906899338266,0.008265387615752795,-0.21117885296776512,0.22770962819927065,-0.15029218122806176,0.17835392378632328,-0.2818862014964329,0.1035322777101097,-0.1783539237863233
GLM-4.6V-Flash,image_representation,A4->A5,5747,5747,True,-0.21201258562656267,-0.022032918762227016,-0.24974896557615672,0.2056831280517024,-0.177287741935927,0.17713589698973378,-0.3126848790673395,0.1355489820776058,-0.17713589698973375
GLM-4.6V-Flash,mixed_image_and_metadata,A1->A4,5747,5747,True,0.05325062652020163,0.0491203749018605,0.05435543226111461,0.043885317542606495,0.03930737748478064,0.0024360535931791,0.04193492256829645,-0.04437097616147562,-0.0024360535931791105
GLM-4.6V-Flash,mixed_image_and_metadata,A1->A5,5747,5747,True,-0.15876195910636104,0.02708745613963348,-0.1953935333150421,0.2495684455943089,-0.13798036445114636,0.1795719505829129,-0.27074995649904304,0.09117800591613018,-0.17957195058291286
GLM-4.6V-Flash,mixed_image_and_metadata,A3->A4,5747,5747,True,0.03529968511369885,0.004714952979463671,0.043807697968542,-0.03437779200961444,0.02718503646555226,-0.0062641378110318,0.0459370106142335,-0.0396728728032017,0.006264137811031856
GLM-4.6V-Flash,mixed_image_and_metadata,A3->A5,5747,5747,True,-0.1767129005128638,-0.017317965782763345,-0.20594126760761472,0.17130533604208797,-0.15010270547037474,0.17087175917870198,-0.266747868453106,0.0958761092744041,-0.1708717591787019
Phi-4-multimodal,text_only,A1->A2,5747,5747,True,0.009222202888463649,0.014102748177504676,0.00782932080642007,0.020376175548589393,0.0055199531674270386,0.0,0.0046981033582739196,-0.004698103358273892,0.0
Phi-4-multimodal,text_only,A2->A3,5747,5747,True,-0.10057421263267796,0.04699387214522788,-0.14268937169700524,0.23667711598746083,-0.07213504390404935,0.0,-0.1531233687141117,0.15312336871411167,0.0
Phi-4-multimodal,text_only,A1->A3,5747,5747,True,-0.09135200974421431,0.06109662032273255,-0.13486005089058517,0.2570532915360502,-0.0666150907366223,0.0,-0.14842526535583778,0.14842526535583778,0.0
Phi-4-multimodal,image_representation,A2->A4,5747,5747,True,-0.1376370280146164,0.17634563383444668,-0.22724603640634178,0.5799373040752351,-0.1100283772407421,0.0,-0.26639986079693756,0.26639986079693745,0.0
Phi-4-multimodal,image_representation,A2->A5,5747,5747,True,-0.05533321733078134,0.15199574050587472,-0.1145038167938931,0.4184952978056426,-0.04356250422855712,0.0,-0.1482512615277537,0.14825126152775361,0.0
Phi-4-multimodal,image_representation,A4->A5,5747,5747,True,0.08230381068383508,-0.02434989332857196,0.11274221961244868,-0.1614420062695925,0.06646587301218498,0.0,0.11814859926918386,-0.11814859926918386,0.0
Phi-4-multimodal,mixed_image_and_metadata,A1->A4,5747,5747,True,-0.12841482512615277,0.19044838201195136,-0.2194167155999217,0.6003134796238245,-0.10450842407331506,0.0,-0.26170175743866364,0.2617017574386636,0.0
Phi-4-multimodal,mixed_image_and_metadata,A1->A5,5747,5747,True,-0.04611101444231769,0.1660984886833794,-0.10667449598747303,0.438871473354232,-0.03804255106113008,0.0,-0.14355315816947978,0.14355315816947972,0.0
Phi-4-multimodal,mixed_image_and_metadata,A3->A4,5747,5747,True,-0.03706281538193845,0.1293517616892188,-0.08455666470933654,0.34326018808777425,-0.03789333333669276,0.0,-0.11327649208282586,0.11327649208282581,0.0
Phi-4-multimodal,mixed_image_and_metadata,A3->A5,5747,5747,True,0.045240995301896625,0.10500186836064684,0.028185554903112142,0.18181818181818177,0.028572539675492226,0.0,0.004872107186357999,-0.0048721071863580545,0.0
Gemma-4-12B,text_only,A1->A2,5747,5747,True,-0.0006960153123368729,-0.005878126436168141,0.0007829320806419515,-0.012539184952977997,-0.000303441322375253,0.0,0.0020880459370103965,-0.0020880459370106012,0.0
Gemma-4-12B,text_only,A2->A3,5747,5747,True,0.0015660344527579362,0.06260572804400133,-0.015854374633000323,0.1410658307210031,-0.00016779423541379845,0.0,-0.02975465460240123,0.029754654602401204,0.0
Gemma-4-12B,text_only,A1->A3,5747,5747,True,0.0008700191404210633,0.05672760160783319,-0.015071442552358372,0.1285266457680251,-0.00047123555778905146,0.0,-0.027666608665390835,0.027666608665390603,0.0
Gemma-4-12B,image_representation,A2->A4,5747,5747,True,0.0125282756220636,0.04819634169463083,0.0023487962419260766,0.0940438871473354,0.006473121103166002,0.0,-0.008352183748042474,0.008352183748042398,0.0
Gemma-4-12B,image_representation,A2->A5,5747,5747,True,-0.004524099530189729,0.10307368335796874,-0.03523194362888993,0.24137931034482762,-0.00453529570322575,0.0,-0.05811727858012883,0.0581172785801287,0.0
Gemma-4-12B,image_representation,A4->A5,5747,5747,True,-0.01705237515225333,0.05487734166333791,-0.037580739870816005,0.1473354231974922,-0.011008416806391752,0.0,-0.049765094832086354,0.049765094832086305,0.0
Gemma-4-12B,mixed_image_and_metadata,A1->A4,5747,5747,True,0.011832260309726728,0.04231821525846269,0.003131728322568028,0.0815047021943574,0.006169679780790749,0.0,-0.006264137811032078,0.006264137811031797,0.0
Gemma-4-12B,mixed_image_and_metadata,A1->A5,5747,5747,True,-0.005220114842526602,0.0971955569218006,-0.034449011548247976,0.2288401253918496,-0.004838737025601003,0.0,-0.05602923264311843,0.0560292326431181,0.0
Gemma-4-12B,mixed_image_and_metadata,A3->A4,5747,5747,True,0.010962241169305664,-0.014409386349370501,0.0182031708749264,-0.04702194357366771,0.0066409153385798,0.0,0.021402470854358757,-0.021402470854358806,0.0
Gemma-4-12B,mixed_image_and_metadata,A3->A5,5747,5747,True,-0.006090133982947665,0.04046795531396741,-0.019377568995889605,0.1003134796238245,-0.004367501467811952,0.0,-0.028362623977727597,0.0283626239777275,0.0
Qwen3-VL-2B,text_only,A1->A2,5747,5747,True,-0.0002139877109741395,0.0,0.0,0.0,-0.00011990853513821342,-0.0027840612493475,0.0027840612493476025,0.0,0.0027840612493476025
Qwen3-VL-2B,text_only,A2->A3,5747,5746,False,-1.9303451469276922e-05,0.0,0.0,0.0,-1.0818071848772703e-05,6.056520290002214e-08,-6.056520285291356e-08,0.0,-6.056520285291356e-08
Qwen3-VL-2B,text_only,A1->A3,5747,5746,False,-0.0002332911624434164,0.0,0.0,0.0,-0.00013072660698698613,-0.0027840006841446,0.0027840006841447495,0.0,0.0027840006841447495
Qwen3-VL-2B,image_representation,A2->A4,5747,5747,True,0.0025150063019372393,0.0,0.0,0.0,0.0014075756235595316,0.0073081607795371,-0.0073081607795372205,0.0,-0.0073081607795372205
Qwen3-VL-2B,image_representation,A2->A5,5747,5746,False,0.030896603793502564,0.0,0.0,0.0,0.01703631903801439,0.2076227546132364,-0.20762275461323643,0.0,-0.20762275461323643
Qwen3-VL-2B,image_representation,A4->A5,5747,5746,False,0.028381597491565325,0.0,0.0,0.0,0.01562874341445486,0.20031459383369932,-0.2003145938336992,0.0,-0.2003145938336992
Qwen3-VL-2B,mixed_image_and_metadata,A1->A4,5747,5747,True,0.0023010185909631,0.0,0.0,0.0,0.0012876670884213182,0.0045240995301896,-0.004524099530189618,0.0,-0.004524099530189618
Qwen3-VL-2B,mixed_image_and_metadata,A1->A5,5747,5746,False,0.030682616082528424,0.0,0.0,0.0,0.016916410502876178,0.2048386933638889,-0.20483869336388882,0.0,-0.20483869336388882
Qwen3-VL-2B,mixed_image_and_metadata,A3->A4,5746,5747,False,0.002534309753406516,0.0,0.0,0.0,0.0014183936954083043,0.0073081002143342,-0.007308100214334368,0.0,-0.007308100214334368
Qwen3-VL-2B,mixed_image_and_metadata,A3->A5,5746,5746,True,0.03091590724497184,0.0,0.0,0.0,0.017047137109863164,0.20762269404803352,-0.20762269404803357,0.0,-0.20762269404803357
Qwen2.5-VL-3B,text_only,A1->A2,5747,5747,True,0.002610057421263301,-0.011562820788933004,0.0066549226854571986,-0.0297805642633228,0.0016769215543748217,0.0,0.009222202888463427,-0.0092222028884636,0.0
Qwen2.5-VL-3B,text_only,A2->A3,5747,5747,True,-0.00017400382808419046,-0.001469531609041952,0.00019573302016040461,-0.0031347962382445,-7.589532549301392e-05,0.0,0.0005220114842527934,-0.0005220114842526,0.0
Qwen2.5-VL-3B,text_only,A1->A3,5747,5747,True,0.0024360535931791105,-0.013032352397974956,0.006850655705617603,-0.0329153605015673,0.0016010262288818078,0.0,0.00974421437271622,-0.0097442143727162,0.0
Qwen2.5-VL-3B,image_representation,A2->A4,5747,5747,True,-0.00017400382808419046,-0.001469531609041952,0.00019573302016040461,-0.0031347962382445,-7.589532549301392e-05,0.0,0.0005220114842527934,-0.0005220114842526,0.0
Qwen2.5-VL-3B,image_representation,A2->A5,5747,5747,True,-0.00017400382808419046,-0.001469531609041952,0.00019573302016040461,-0.0031347962382445,-7.589532549301392e-05,0.0,0.0005220114842527934,-0.0005220114842526,0.0
Qwen2.5-VL-3B,image_representation,A4->A5,5747,5747,True,0.0,0.0,0.0,0.0,0.0,0.0,0.0,0.0,0.0
Qwen2.5-VL-3B,mixed_image_and_metadata,A1->A4,5747,5747,True,0.0024360535931791105,-0.013032352397974956,0.006850655705617603,-0.0329153605015673,0.0016010262288818078,0.0,0.00974421437271622,-0.0097442143727162,0.0
Qwen2.5-VL-3B,mixed_image_and_metadata,A1->A5,5747,5747,True,0.0024360535931791105,-0.013032352397974956,0.006850655705617603,-0.0329153605015673,0.0016010262288818078,0.0,0.00974421437271622,-0.0097442143727162,0.0
Qwen2.5-VL-3B,mixed_image_and_metadata,A3->A4,5747,5747,True,0.0,0.0,0.0,0.0,0.0,0.0,0.0,0.0,0.0
Qwen2.5-VL-3B,mixed_image_and_metadata,A3->A5,5747,5747,True,0.0,0.0,0.0,0.0,0.0,0.0,0.0,0.0,0.0
InternVL3.5-2B,text_only,A1->A2,5743,5536,False,,,,,,0.0,0.0,0.0,0.0
InternVL3.5-2B,text_only,A2->A3,5536,5590,False,,,,,,0.0,0.0,0.0,0.0
InternVL3.5-2B,text_only,A1->A3,5743,5590,False,,,,,,0.0,0.0,0.0,0.0
InternVL3.5-2B,image_representation,A2->A4,5536,5725,False,,,,,,0.0,0.0,0.0,0.0
InternVL3.5-2B,image_representation,A2->A5,5536,5654,False,,,,,,0.0,0.0,0.0,0.0
InternVL3.5-2B,image_representation,A4->A5,5725,5654,False,,,,,,0.0,0.0,0.0,0.0
InternVL3.5-2B,mixed_image_and_metadata,A1->A4,5743,5725,False,,,,,,0.0,0.0,0.0,0.0
InternVL3.5-2B,mixed_image_and_metadata,A1->A5,5743,5654,False,,,,,,0.0,0.0,0.0,0.0
InternVL3.5-2B,mixed_image_and_metadata,A3->A4,5590,5725,False,,,,,,0.0,0.0,0.0,0.0
InternVL3.5-2B,mixed_image_and_metadata,A3->A5,5590,5654,False,,,,,,0.0,0.0,0.0,0.0
InternVL3.5-4B,text_only,A1->A2,5747,5747,True,-0.09799262325532032,-0.011650230331186062,-0.1222684566382054,0.0989679959758335,-0.11722831213239793,-0.0748216460762137,-0.08595789107360358,0.1607795371498173,0.07482164607621355
InternVL3.5-4B,text_only,A2->A3,5747,5747,True,-0.050213300213715006,-0.01791802836380474,-0.059675552003342236,0.023839495275732592,-0.0671610251266167,0.0015660344527579995,-0.05585522881503391,0.05428919436227597,-0.0015660344527579362
InternVL3.5-4B,text_only,A1->A3,5747,5747,True,-0.14820592346903533,-0.0295682586949908,-0.18194400864154764,0.12280749125156609,-0.18438933725901463,-0.0732556116234557,-0.14181311988863748,0.21506873151209327,0.07325561162345562
InternVL3.5-4B,image_representation,A2->A4,5747,5747,True,-0.12465928853271724,-0.07208459543549683,-0.13986406340178473,-0.00430512746920908,-0.17046246921902275,-0.0034800765616843,-0.12249869497128943,0.12597877153297377,0.0034800765616844753
InternVL3.5-4B,image_representation,A2->A5,5747,5747,True,-0.24860200021704162,-0.1211638724298475,-0.2630171994897421,0.02068945463004679,-0.35571594152792885,0.1595615103532278,-0.2472594397076736,0.08769792935444587,-0.15956151035322774
InternVL3.5-4B,image_representation,A4->A5,5747,5747,True,-0.12394271168432439,-0.04907927699435066,-0.1231531360879574,0.02499458209925587,-0.18525347230890607,0.16304158691491208,-0.1247607447363842,-0.038280842178527896,-0.16304158691491222
InternVL3.5-4B,mixed_image_and_metadata,A1->A4,5747,5747,True,-0.22265191178803756,-0.0837348257666829,-0.2621325200399901,0.09466286850662442,-0.2876907813514207,-0.078301722637898,-0.208456586044893,0.28675830868279106,0.07830172263789803
InternVL3.5-4B,mixed_image_and_metadata,A1->A5,5747,5747,True,-0.3465946234723619,-0.13281410276103356,-0.3852856561279475,0.11965745060588029,-0.4729442536603268,0.08473986427701409,-0.3332173307812772,0.24847746650426317,-0.08473986427701419
InternVL3.5-4B,mixed_image_and_metadata,A3->A4,5747,5747,True,-0.07444598831900223,-0.054166567071692096,-0.08018851139844249,-0.028144622744941672,-0.10330144409240605,-0.0050461110144423,-0.06664346615625552,0.0716895771706978,0.0050461110144424115
InternVL3.5-4B,mixed_image_and_metadata,A3->A5,5747,5747,True,-0.19838870000332662,-0.10324584406604276,-0.20334164748639988,-0.0031500406456858032,-0.28855491640131214,0.15799547590046978,-0.1914042108926397,0.0334087349921699,-0.1579954759004698
InternVL3.5-14B,text_only,A1->A2,5747,5747,True,0.022433115152191707,-0.020345810976143075,0.0307953339771464,-0.07148695592943255,0.013907264163084077,0.015312336871411203,0.020358447885853503,-0.035670784757264706,-0.015312336871411203
InternVL3.5-14B,text_only,A2->A3,5747,5747,True,-0.007323531327562582,0.024450482994305744,-0.013660641294389597,0.06256160728300103,-0.004796965512153029,-0.013224290934400605,-0.006264137811031856,0.0194884287454324,0.013224290934400362
InternVL3.5-14B,text_only,A1->A3,5747,5747,True,0.015109583824629125,0.0041046720181626695,0.017134692682756802,-0.008925348646431519,0.009110298650931048,0.0020880459370105978,0.014094310074821648,-0.016182356011832308,-0.0020880459370108406
InternVL3.5-14B,image_representation,A2->A4,5747,5747,True,-0.02758953221838012,0.06391453635635036,-0.04951514326595241,0.17734421597865324,-0.01797453160560958,-0.010962241169305706,-0.05063511397250742,0.061597355141813095,0.010962241169305664
InternVL3.5-14B,image_representation,A2->A5,5747,5747,True,-0.15754023898980596,-0.005316004163296029,-0.20598133939475927,0.19534933106816732,-0.1013085084656754,0.1404210892639638,-0.2905863929006438,0.15016530363668001,-0.1404210892639638
InternVL3.5-14B,image_representation,A4->A5,5747,5747,True,-0.12995070677142584,-0.06923054051964639,-0.15646619612880686,0.01800511508951408,-0.08333397686006583,0.15138333043326951,-0.2399512789281364,0.0885679484948669,-0.15138333043326946
InternVL3.5-14B,mixed_image_and_metadata,A1->A4,5747,5747,True,-0.005156417066188412,0.043568725380207285,-0.01871980928880601,0.10585726004922069,-0.004067267442525502,0.004350095702105497,-0.030276666086653914,0.02592657038454839,-0.004350095702105539
InternVL3.5-14B,mixed_image_and_metadata,A1->A5,5747,5747,True,-0.13510712383761425,-0.025661815139439104,-0.17518600541761287,0.12386237513873477,-0.08740124430259133,0.155733426135375,-0.2702279450147903,0.1144945188794153,-0.155733426135375
InternVL3.5-14B,mixed_image_and_metadata,A3->A4,5747,5747,True,-0.020266000890817537,0.039464053362044615,-0.03585450197156281,0.11478260869565221,-0.01317756609345655,0.0022620497650948992,-0.04437097616147556,0.0421089263963807,-0.002262049765094698
InternVL3.5-14B,mixed_image_and_metadata,A3->A5,5747,5747,True,-0.15021670766224338,-0.029766487157601773,-0.19232069810036967,0.1327877237851663,-0.09651154295352238,0.1536453801983644,-0.28432225508961195,0.1306768748912476,-0.15364538019836416
