model_key,model,condition,label,count,n,rate,condition_status
qwen2_5_vl,Qwen2.5-VL-7B,A1,Reliable,3593,5747,0.6251957543065948,full_clean
qwen2_5_vl,Qwen2.5-VL-7B,A1,Uncertain,1775,5747,0.3088567948494867,full_clean
qwen2_5_vl,Qwen2.5-VL-7B,A1,Unreliable,379,5747,0.06594745084391856,full_clean
qwen2_5_vl,Qwen2.5-VL-7B,A2,Reliable,4268,5747,0.7426483382634418,full_clean
qwen2_5_vl,Qwen2.5-VL-7B,A2,Uncertain,1344,5747,0.23386114494518878,full_clean
qwen2_5_vl,Qwen2.5-VL-7B,A2,Unreliable,135,5747,0.02349051679136941,full_clean
qwen2_5_vl,Qwen2.5-VL-7B,A3,Reliable,4416,5747,0.7684009048199061,full_clean
qwen2_5_vl,Qwen2.5-VL-7B,A3,Uncertain,1313,5747,0.22846702627457804,full_clean
qwen2_5_vl,Qwen2.5-VL-7B,A3,Unreliable,18,5747,0.0031320689055159214,full_clean
qwen2_5_vl,Qwen2.5-VL-7B,A4,Reliable,3570,5747,0.6211936662606578,full_clean
qwen2_5_vl,Qwen2.5-VL-7B,A4,Uncertain,1557,5747,0.2709239603271272,full_clean
qwen2_5_vl,Qwen2.5-VL-7B,A4,Unreliable,620,5747,0.10788237341221507,full_clean
qwen2_5_vl,Qwen2.5-VL-7B,A5,Reliable,3065,5747,0.5333217330781277,full_clean
qwen2_5_vl,Qwen2.5-VL-7B,A5,Uncertain,455,5747,0.07917174177831912,full_clean
qwen2_5_vl,Qwen2.5-VL-7B,A5,Unreliable,2227,5747,0.38750652514355316,full_clean
qwen3_vl,Qwen3-VL-8B,A1,Reliable,4309,5747,0.7497824952148947,full_clean
qwen3_vl,Qwen3-VL-8B,A1,Uncertain,246,5747,0.04280494170871759,full_clean
qwen3_vl,Qwen3-VL-8B,A1,Unreliable,1192,5747,0.20741256307638767,full_clean
qwen3_vl,Qwen3-VL-8B,A2,Reliable,4636,5747,0.806681746998434,full_clean
qwen3_vl,Qwen3-VL-8B,A2,Uncertain,401,5747,0.06977553506177137,full_clean
qwen3_vl,Qwen3-VL-8B,A2,Unreliable,710,5747,0.12354271793979467,full_clean
qwen3_vl,Qwen3-VL-8B,A3,Reliable,4221,5747,0.7344701583434835,full_clean
qwen3_vl,Qwen3-VL-8B,A3,Uncertain,367,5747,0.06385940490690795,full_clean
qwen3_vl,Qwen3-VL-8B,A3,Unreliable,1159,5747,0.2016704367496085,full_clean
qwen3_vl,Qwen3-VL-8B,A4,Reliable,5051,5747,0.8788933356533843,full_clean
qwen3_vl,Qwen3-VL-8B,A4,Uncertain,276,5747,0.04802505655124413,full_clean
qwen3_vl,Qwen3-VL-8B,A4,Unreliable,420,5747,0.0730816077953715,full_clean
qwen3_vl,Qwen3-VL-8B,A5,Reliable,1081,5747,0.1880981381590395,full_clean
qwen3_vl,Qwen3-VL-8B,A5,Uncertain,3948,5747,0.6869671132764921,full_clean
qwen3_vl,Qwen3-VL-8B,A5,Unreliable,718,5747,0.12493474856446841,full_clean
qwen3_vl_4b,Qwen3-VL-4B,A1,Reliable,2161,5747,0.37602227248999476,full_clean
qwen3_vl_4b,Qwen3-VL-4B,A1,Uncertain,739,5747,0.12858882895423698,full_clean
qwen3_vl_4b,Qwen3-VL-4B,A1,Unreliable,2847,5747,0.49538889855576823,full_clean
qwen3_vl_4b,Qwen3-VL-4B,A2,Reliable,2729,5747,0.47485644684183054,full_clean
qwen3_vl_4b,Qwen3-VL-4B,A2,Uncertain,516,5747,0.08978597529145642,full_clean
qwen3_vl_4b,Qwen3-VL-4B,A2,Unreliable,2502,5747,0.4353575778667131,full_clean
qwen3_vl_4b,Qwen3-VL-4B,A3,Reliable,2683,5747,0.4668522707499565,full_clean
qwen3_vl_4b,Qwen3-VL-4B,A3,Uncertain,437,5747,0.07603967287280321,full_clean
qwen3_vl_4b,Qwen3-VL-4B,A3,Unreliable,2627,5747,0.4571080563772403,full_clean
qwen3_vl_4b,Qwen3-VL-4B,A4,Reliable,2101,5747,0.3655820428049417,full_clean
qwen3_vl_4b,Qwen3-VL-4B,A4,Uncertain,349,5747,0.06072733600139203,full_clean
qwen3_vl_4b,Qwen3-VL-4B,A4,Unreliable,3297,5747,0.5736906211936662,full_clean
qwen3_vl_4b,Qwen3-VL-4B,A5,Reliable,1183,5747,0.20584652862362973,full_clean
qwen3_vl_4b,Qwen3-VL-4B,A5,Uncertain,1528,5747,0.2658778493126849,full_clean
qwen3_vl_4b,Qwen3-VL-4B,A5,Unreliable,3036,5747,0.5282756220636854,full_clean
internvl3_5_hf,InternVL3.5-8B,A1,Reliable,3085,5747,0.536801809639812,full_clean
internvl3_5_hf,InternVL3.5-8B,A1,Uncertain,2570,5747,0.44718983817643987,full_clean
internvl3_5_hf,InternVL3.5-8B,A1,Unreliable,92,5747,0.01600835218374804,full_clean
internvl3_5_hf,InternVL3.5-8B,A2,Reliable,3497,5747,0.6084913868105098,full_clean
internvl3_5_hf,InternVL3.5-8B,A2,Uncertain,2239,5747,0.3895945710805638,full_clean
internvl3_5_hf,InternVL3.5-8B,A2,Unreliable,11,5747,0.0019140421089263965,full_clean
internvl3_5_hf,InternVL3.5-8B,A3,Reliable,3420,5747,0.5950930920480251,full_clean
internvl3_5_hf,InternVL3.5-8B,A3,Uncertain,2298,5747,0.3998607969375326,full_clean
internvl3_5_hf,InternVL3.5-8B,A3,Unreliable,29,5747,0.005046111014442318,full_clean
internvl3_5_hf,InternVL3.5-8B,A4,Reliable,3343,5747,0.5816947972855403,full_clean
internvl3_5_hf,InternVL3.5-8B,A4,Uncertain,2399,5747,0.41743518357403864,full_clean
internvl3_5_hf,InternVL3.5-8B,A4,Unreliable,5,5747,0.0008700191404210892,full_clean
internvl3_5_hf,InternVL3.5-8B,A5,Reliable,1515,5747,0.26361579954759007,full_clean
internvl3_5_hf,InternVL3.5-8B,A5,Uncertain,4078,5747,0.7095876109274404,full_clean
internvl3_5_hf,InternVL3.5-8B,A5,Unreliable,154,5747,0.02679658952496955,full_clean
glm_4_6v_flash,GLM-4.6V-Flash,A1,Reliable,3719,5747,0.6471202366452062,full_clean
glm_4_6v_flash,GLM-4.6V-Flash,A1,Uncertain,50,5747,0.008700191404210893,full_clean
glm_4_6v_flash,GLM-4.6V-Flash,A1,Unreliable,1978,5747,0.3441795719505829,full_clean
glm_4_6v_flash,GLM-4.6V-Flash,A2,Reliable,3783,5747,0.6582564816425961,full_clean
glm_4_6v_flash,GLM-4.6V-Flash,A2,Uncertain,57,5747,0.009918218200800417,full_clean
glm_4_6v_flash,GLM-4.6V-Flash,A2,Unreliable,1907,5747,0.33182530015660344,full_clean
glm_4_6v_flash,GLM-4.6V-Flash,A3,Reliable,3696,5747,0.6431181485992692,full_clean
glm_4_6v_flash,GLM-4.6V-Flash,A3,Uncertain,100,5747,0.017400382808421787,full_clean
glm_4_6v_flash,GLM-4.6V-Flash,A3,Unreliable,1951,5747,0.33948146859230904,full_clean
glm_4_6v_flash,GLM-4.6V-Flash,A4,Reliable,3960,5747,0.6890551592135027,full_clean
glm_4_6v_flash,GLM-4.6V-Flash,A4,Uncertain,64,5747,0.011136244997389943,full_clean
glm_4_6v_flash,GLM-4.6V-Flash,A4,Unreliable,1723,5747,0.29980859578910735,full_clean
glm_4_6v_flash,GLM-4.6V-Flash,A5,Reliable,2163,5747,0.3763702801461632,full_clean
glm_4_6v_flash,GLM-4.6V-Flash,A5,Uncertain,1082,5747,0.18827214198712372,full_clean
glm_4_6v_flash,GLM-4.6V-Flash,A5,Unreliable,2502,5747,0.4353575778667131,full_clean
phi4_multimodal,Phi-4-multimodal,A1,Reliable,4985,5747,0.867409082999826,full_clean
phi4_multimodal,Phi-4-multimodal,A1,Uncertain,0,5747,0.0,full_clean
phi4_multimodal,Phi-4-multimodal,A1,Unreliable,762,5747,0.132590917000174,full_clean
phi4_multimodal,Phi-4-multimodal,A2,Reliable,5012,5747,0.8721071863580999,full_clean
phi4_multimodal,Phi-4-multimodal,A2,Uncertain,0,5747,0.0,full_clean
phi4_multimodal,Phi-4-multimodal,A2,Unreliable,735,5747,0.1278928136419001,full_clean
phi4_multimodal,Phi-4-multimodal,A3,Reliable,4132,5747,0.7189838176439882,full_clean
phi4_multimodal,Phi-4-multimodal,A3,Uncertain,0,5747,0.0,full_clean
phi4_multimodal,Phi-4-multimodal,A3,Unreliable,1615,5747,0.28101618235601183,full_clean
phi4_multimodal,Phi-4-multimodal,A4,Reliable,3481,5747,0.6057073255611624,full_clean
phi4_multimodal,Phi-4-multimodal,A4,Uncertain,0,5747,0.0,full_clean
phi4_multimodal,Phi-4-multimodal,A4,Unreliable,2266,5747,0.39429267443883764,full_clean
phi4_multimodal,Phi-4-multimodal,A5,Reliable,4160,5747,0.7238559248303462,full_clean
phi4_multimodal,Phi-4-multimodal,A5,Uncertain,0,5747,0.0,full_clean
phi4_multimodal,Phi-4-multimodal,A5,Unreliable,1587,5747,0.2761440751696537,full_clean
gemma4,Gemma-4-12B,A1,Reliable,5583,5747,0.9714633721941883,full_clean
gemma4,Gemma-4-12B,A1,Uncertain,0,5747,0.0,full_clean
gemma4,Gemma-4-12B,A1,Unreliable,164,5747,0.02853662780581173,full_clean
gemma4,Gemma-4-12B,A2,Reliable,5595,5747,0.9735514181311988,full_clean
gemma4,Gemma-4-12B,A2,Uncertain,0,5747,0.0,full_clean
gemma4,Gemma-4-12B,A2,Unreliable,152,5747,0.026448581868801113,full_clean
gemma4,Gemma-4-12B,A3,Reliable,5424,5747,0.9437967635287976,full_clean
gemma4,Gemma-4-12B,A3,Uncertain,0,5747,0.0,full_clean
gemma4,Gemma-4-12B,A3,Unreliable,323,5747,0.056203236471202365,full_clean
gemma4,Gemma-4-12B,A4,Reliable,5547,5747,0.9651992343831565,full_clean
gemma4,Gemma-4-12B,A4,Uncertain,0,5747,0.0,full_clean
gemma4,Gemma-4-12B,A4,Unreliable,200,5747,0.034800765616843574,full_clean
gemma4,Gemma-4-12B,A5,Reliable,5261,5747,0.9154341395510701,full_clean
gemma4,Gemma-4-12B,A5,Uncertain,0,5747,0.0,full_clean
gemma4,Gemma-4-12B,A5,Unreliable,486,5747,0.08456586044892987,full_clean
minicpm_v4_5,MiniCPM-V-4.5,A1,Reliable,5557,5747,0.9669392726639986,full_clean
minicpm_v4_5,MiniCPM-V-4.5,A1,Uncertain,0,5747,0.0,full_clean
minicpm_v4_5,MiniCPM-V-4.5,A1,Unreliable,190,5747,0.03306072733600139,full_clean
minicpm_v4_5,MiniCPM-V-4.5,A2,Reliable,5674,5747,0.9872977205498521,full_clean
minicpm_v4_5,MiniCPM-V-4.5,A2,Uncertain,1,5747,0.00017400382808421786,full_clean
minicpm_v4_5,MiniCPM-V-4.5,A2,Unreliable,72,5747,0.012528275622063685,full_clean
minicpm_v4_5,MiniCPM-V-4.5,A3,Reliable,5663,5747,0.9853836784409257,full_clean
minicpm_v4_5,MiniCPM-V-4.5,A3,Uncertain,0,5747,0.0,full_clean
minicpm_v4_5,MiniCPM-V-4.5,A3,Unreliable,84,5747,0.014616321559074299,full_clean
molmo2_8b,Molmo2-8B,A1,Reliable,1209,5747,0.21037062815381938,full_clean
molmo2_8b,Molmo2-8B,A1,Uncertain,4537,5747,0.7894553680180963,full_clean
molmo2_8b,Molmo2-8B,A1,Unreliable,1,5747,0.00017400382808421786,full_clean
qwen3_vl_2b,Qwen3-VL-2B,A1,Reliable,5729,5747,0.9968679310944841,full_clean
qwen3_vl_2b,Qwen3-VL-2B,A1,Uncertain,18,5747,0.0031320689055159214,full_clean
qwen3_vl_2b,Qwen3-VL-2B,A1,Unreliable,0,5747,0.0,full_clean
qwen3_vl_2b,Qwen3-VL-2B,A2,Reliable,5745,5747,0.9996519923438316,full_clean
qwen3_vl_2b,Qwen3-VL-2B,A2,Uncertain,2,5747,0.0003480076561684357,full_clean
qwen3_vl_2b,Qwen3-VL-2B,A2,Unreliable,0,5747,0.0,full_clean
qwen3_vl_2b,Qwen3-VL-2B,A3,Reliable,5744,5746,0.9996519317786287,partial
qwen3_vl_2b,Qwen3-VL-2B,A3,Uncertain,2,5746,0.0003480682213713888,partial
qwen3_vl_2b,Qwen3-VL-2B,A3,Unreliable,0,5746,0.0,partial
qwen3_vl_2b,Qwen3-VL-2B,A4,Reliable,5703,5747,0.9923438315642944,full_clean
qwen3_vl_2b,Qwen3-VL-2B,A4,Uncertain,44,5747,0.007656168435705586,full_clean
qwen3_vl_2b,Qwen3-VL-2B,A4,Unreliable,0,5747,0.0,full_clean
qwen3_vl_2b,Qwen3-VL-2B,A5,Reliable,4551,5746,0.7920292377305952,partial
qwen3_vl_2b,Qwen3-VL-2B,A5,Uncertain,1195,5746,0.2079707622694048,partial
qwen3_vl_2b,Qwen3-VL-2B,A5,Unreliable,0,5746,0.0,partial
qwen2_5_vl_3b,Qwen2.5-VL-3B,A1,Reliable,5691,5747,0.9902557856272838,full_clean
qwen2_5_vl_3b,Qwen2.5-VL-3B,A1,Uncertain,0,5747,0.0,full_clean
qwen2_5_vl_3b,Qwen2.5-VL-3B,A1,Unreliable,56,5747,0.0097442143727162,full_clean
qwen2_5_vl_3b,Qwen2.5-VL-3B,A2,Reliable,5744,5747,0.9994779885157473,full_clean
qwen2_5_vl_3b,Qwen2.5-VL-3B,A2,Uncertain,0,5747,0.0,full_clean
qwen2_5_vl_3b,Qwen2.5-VL-3B,A2,Unreliable,3,5747,0.0005220114842526536,full_clean
qwen2_5_vl_3b,Qwen2.5-VL-3B,A3,Reliable,5747,5747,1.0,full_clean
qwen2_5_vl_3b,Qwen2.5-VL-3B,A3,Uncertain,0,5747,0.0,full_clean
qwen2_5_vl_3b,Qwen2.5-VL-3B,A3,Unreliable,0,5747,0.0,full_clean
qwen2_5_vl_3b,Qwen2.5-VL-3B,A4,Reliable,5747,5747,1.0,full_clean
qwen2_5_vl_3b,Qwen2.5-VL-3B,A4,Uncertain,0,5747,0.0,full_clean
qwen2_5_vl_3b,Qwen2.5-VL-3B,A4,Unreliable,0,5747,0.0,full_clean
qwen2_5_vl_3b,Qwen2.5-VL-3B,A5,Reliable,5747,5747,1.0,full_clean
qwen2_5_vl_3b,Qwen2.5-VL-3B,A5,Uncertain,0,5747,0.0,full_clean
qwen2_5_vl_3b,Qwen2.5-VL-3B,A5,Unreliable,0,5747,0.0,full_clean
internvl3_5_hf_2b,InternVL3.5-2B,A1,Reliable,0,5743,0.0,partial
internvl3_5_hf_2b,InternVL3.5-2B,A1,Uncertain,5743,5743,1.0,partial
internvl3_5_hf_2b,InternVL3.5-2B,A1,Unreliable,0,5743,0.0,partial
internvl3_5_hf_2b,InternVL3.5-2B,A2,Reliable,0,5536,0.0,partial
internvl3_5_hf_2b,InternVL3.5-2B,A2,Uncertain,5536,5536,1.0,partial
internvl3_5_hf_2b,InternVL3.5-2B,A2,Unreliable,0,5536,0.0,partial
internvl3_5_hf_2b,InternVL3.5-2B,A3,Reliable,0,5590,0.0,partial
internvl3_5_hf_2b,InternVL3.5-2B,A3,Uncertain,5590,5590,1.0,partial
internvl3_5_hf_2b,InternVL3.5-2B,A3,Unreliable,0,5590,0.0,partial
internvl3_5_hf_2b,InternVL3.5-2B,A4,Reliable,0,5725,0.0,partial
internvl3_5_hf_2b,InternVL3.5-2B,A4,Uncertain,5725,5725,1.0,partial
internvl3_5_hf_2b,InternVL3.5-2B,A4,Unreliable,0,5725,0.0,partial
internvl3_5_hf_2b,InternVL3.5-2B,A5,Reliable,0,5654,0.0,partial
internvl3_5_hf_2b,InternVL3.5-2B,A5,Uncertain,5654,5654,1.0,partial
internvl3_5_hf_2b,InternVL3.5-2B,A5,Unreliable,0,5654,0.0,partial
internvl3_5_hf_4b,InternVL3.5-4B,A1,Reliable,2316,5747,0.40299286584304855,full_clean
internvl3_5_hf_4b,InternVL3.5-4B,A1,Uncertain,467,5747,0.08125978771532974,full_clean
internvl3_5_hf_4b,InternVL3.5-4B,A1,Unreliable,2964,5747,0.5157473464416217,full_clean
internvl3_5_hf_4b,InternVL3.5-4B,A2,Reliable,1822,5747,0.3170349747694449,full_clean
internvl3_5_hf_4b,InternVL3.5-4B,A2,Uncertain,37,5747,0.006438141639116061,full_clean
internvl3_5_hf_4b,InternVL3.5-4B,A2,Unreliable,3888,5747,0.676526883591439,full_clean
internvl3_5_hf_4b,InternVL3.5-4B,A3,Reliable,1501,5747,0.261179745954411,full_clean
internvl3_5_hf_4b,InternVL3.5-4B,A3,Uncertain,46,5747,0.00800417609187402,full_clean
internvl3_5_hf_4b,InternVL3.5-4B,A3,Unreliable,4200,5747,0.730816077953715,full_clean
internvl3_5_hf_4b,InternVL3.5-4B,A4,Reliable,1118,5747,0.19453627979815555,full_clean
internvl3_5_hf_4b,InternVL3.5-4B,A4,Uncertain,17,5747,0.0029580650774317036,full_clean
internvl3_5_hf_4b,InternVL3.5-4B,A4,Unreliable,4612,5747,0.8025056551244127,full_clean
internvl3_5_hf_4b,InternVL3.5-4B,A5,Reliable,401,5747,0.06977553506177137,full_clean
internvl3_5_hf_4b,InternVL3.5-4B,A5,Uncertain,954,5747,0.16599965199234384,full_clean
internvl3_5_hf_4b,InternVL3.5-4B,A5,Unreliable,4392,5747,0.7642248129458848,full_clean
internvl3_5_hf_14b,InternVL3.5-14B,A1,Reliable,4946,5747,0.8606229337045415,full_clean
internvl3_5_hf_14b,InternVL3.5-14B,A1,Uncertain,217,5747,0.037758830694275276,full_clean
internvl3_5_hf_14b,InternVL3.5-14B,A1,Unreliable,584,5747,0.10161823560118323,full_clean
internvl3_5_hf_14b,InternVL3.5-14B,A2,Reliable,5063,5747,0.880981381590395,full_clean
internvl3_5_hf_14b,InternVL3.5-14B,A2,Uncertain,305,5747,0.053071167565686445,full_clean
internvl3_5_hf_14b,InternVL3.5-14B,A2,Unreliable,379,5747,0.06594745084391856,full_clean
internvl3_5_hf_14b,InternVL3.5-14B,A3,Reliable,5027,5747,0.8747172437793631,full_clean
internvl3_5_hf_14b,InternVL3.5-14B,A3,Uncertain,229,5747,0.03984687663128589,full_clean
internvl3_5_hf_14b,InternVL3.5-14B,A3,Unreliable,491,5747,0.08543587958935096,full_clean
internvl3_5_hf_14b,InternVL3.5-14B,A4,Reliable,4772,5747,0.8303462676178875,full_clean
internvl3_5_hf_14b,InternVL3.5-14B,A4,Uncertain,242,5747,0.04210892639638072,full_clean
internvl3_5_hf_14b,InternVL3.5-14B,A4,Unreliable,733,5747,0.12754480598573167,full_clean
internvl3_5_hf_14b,InternVL3.5-14B,A5,Reliable,3393,5747,0.5903949886897512,full_clean
internvl3_5_hf_14b,InternVL3.5-14B,A5,Uncertain,1112,5747,0.19349225682965024,full_clean
internvl3_5_hf_14b,InternVL3.5-14B,A5,Unreliable,1242,5747,0.21611275448059858,full_clean
