model,condition,Reliable,Uncertain,Unreliable,n,condition_status,uses_uncertain,max_class_share,max_class
Qwen2.5-VL-7B,A1,0.6251957543065948,0.3088567948494867,0.06594745084391856,5747,full_clean,True,0.6251957543065948,Reliable
Qwen2.5-VL-7B,A2,0.7426483382634418,0.23386114494518878,0.02349051679136941,5747,full_clean,True,0.7426483382634418,Reliable
Qwen2.5-VL-7B,A3,0.7684009048199061,0.22846702627457804,0.0031320689055159214,5747,full_clean,True,0.7684009048199061,Reliable
Qwen2.5-VL-7B,A4,0.6211936662606578,0.2709239603271272,0.10788237341221507,5747,full_clean,True,0.6211936662606578,Reliable
Qwen2.5-VL-7B,A5,0.5333217330781277,0.07917174177831912,0.38750652514355316,5747,full_clean,True,0.5333217330781277,Reliable
Qwen3-VL-8B,A1,0.7497824952148947,0.04280494170871759,0.20741256307638767,5747,full_clean,True,0.7497824952148947,Reliable
Qwen3-VL-8B,A2,0.806681746998434,0.06977553506177137,0.12354271793979467,5747,full_clean,True,0.806681746998434,Reliable
Qwen3-VL-8B,A3,0.7344701583434835,0.06385940490690795,0.2016704367496085,5747,full_clean,True,0.7344701583434835,Reliable
Qwen3-VL-8B,A4,0.8788933356533843,0.04802505655124413,0.0730816077953715,5747,full_clean,True,0.8788933356533843,Reliable
Qwen3-VL-8B,A5,0.1880981381590395,0.6869671132764921,0.12493474856446841,5747,full_clean,True,0.6869671132764921,Uncertain
Qwen3-VL-4B,A1,0.37602227248999476,0.12858882895423698,0.49538889855576823,5747,full_clean,True,0.49538889855576823,Unreliable
Qwen3-VL-4B,A2,0.47485644684183054,0.08978597529145642,0.4353575778667131,5747,full_clean,True,0.47485644684183054,Reliable
Qwen3-VL-4B,A3,0.4668522707499565,0.07603967287280321,0.4571080563772403,5747,full_clean,True,0.4668522707499565,Reliable
Qwen3-VL-4B,A4,0.3655820428049417,0.06072733600139203,0.5736906211936662,5747,full_clean,True,0.5736906211936662,Unreliable
Qwen3-VL-4B,A5,0.20584652862362973,0.2658778493126849,0.5282756220636854,5747,full_clean,True,0.5282756220636854,Unreliable
InternVL3.5-8B,A1,0.536801809639812,0.44718983817643987,0.01600835218374804,5747,full_clean,True,0.536801809639812,Reliable
InternVL3.5-8B,A2,0.6084913868105098,0.3895945710805638,0.0019140421089263965,5747,full_clean,True,0.6084913868105098,Reliable
InternVL3.5-8B,A3,0.5950930920480251,0.3998607969375326,0.005046111014442318,5747,full_clean,True,0.5950930920480251,Reliable
InternVL3.5-8B,A4,0.5816947972855403,0.41743518357403864,0.0008700191404210892,5747,full_clean,True,0.5816947972855403,Reliable
InternVL3.5-8B,A5,0.26361579954759007,0.7095876109274404,0.02679658952496955,5747,full_clean,True,0.7095876109274404,Uncertain
GLM-4.6V-Flash,A1,0.6471202366452062,0.008700191404210893,0.3441795719505829,5747,full_clean,True,0.6471202366452062,Reliable
GLM-4.6V-Flash,A2,0.6582564816425961,0.009918218200800417,0.33182530015660344,5747,full_clean,True,0.6582564816425961,Reliable
GLM-4.6V-Flash,A3,0.6431181485992692,0.017400382808421787,0.33948146859230904,5747,full_clean,True,0.6431181485992692,Reliable
GLM-4.6V-Flash,A4,0.6890551592135027,0.011136244997389943,0.29980859578910735,5747,full_clean,True,0.6890551592135027,Reliable
GLM-4.6V-Flash,A5,0.3763702801461632,0.18827214198712372,0.4353575778667131,5747,full_clean,True,0.4353575778667131,Unreliable
Phi-4-multimodal,A1,0.867409082999826,0.0,0.132590917000174,5747,full_clean,False,0.867409082999826,Reliable
Phi-4-multimodal,A2,0.8721071863580999,0.0,0.1278928136419001,5747,full_clean,False,0.8721071863580999,Reliable
Phi-4-multimodal,A3,0.7189838176439882,0.0,0.28101618235601183,5747,full_clean,False,0.7189838176439882,Reliable
Phi-4-multimodal,A4,0.6057073255611624,0.0,0.39429267443883764,5747,full_clean,False,0.6057073255611624,Reliable
Phi-4-multimodal,A5,0.7238559248303462,0.0,0.2761440751696537,5747,full_clean,False,0.7238559248303462,Reliable
Gemma-4-12B,A1,0.9714633721941883,0.0,0.02853662780581173,5747,full_clean,False,0.9714633721941883,Reliable
Gemma-4-12B,A2,0.9735514181311988,0.0,0.026448581868801113,5747,full_clean,False,0.9735514181311988,Reliable
Gemma-4-12B,A3,0.9437967635287976,0.0,0.056203236471202365,5747,full_clean,False,0.9437967635287976,Reliable
Gemma-4-12B,A4,0.9651992343831565,0.0,0.034800765616843574,5747,full_clean,False,0.9651992343831565,Reliable
Gemma-4-12B,A5,0.9154341395510701,0.0,0.08456586044892987,5747,full_clean,False,0.9154341395510701,Reliable
MiniCPM-V-4.5,A1,0.9669392726639986,0.0,0.03306072733600139,5747,full_clean,False,0.9669392726639986,Reliable
MiniCPM-V-4.5,A2,0.9872977205498521,0.00017400382808421786,0.012528275622063685,5747,full_clean,True,0.9872977205498521,Reliable
MiniCPM-V-4.5,A3,0.9853836784409257,0.0,0.014616321559074299,5747,full_clean,False,0.9853836784409257,Reliable
Molmo2-8B,A1,0.21037062815381938,0.7894553680180963,0.00017400382808421786,5747,full_clean,True,0.7894553680180963,Uncertain
Qwen3-VL-2B,A1,0.9968679310944841,0.0031320689055159214,0.0,5747,full_clean,True,0.9968679310944841,Reliable
Qwen3-VL-2B,A2,0.9996519923438316,0.0003480076561684357,0.0,5747,full_clean,True,0.9996519923438316,Reliable
Qwen3-VL-2B,A3,0.9996519317786287,0.0003480682213713888,0.0,5746,partial,True,0.9996519317786287,Reliable
Qwen3-VL-2B,A4,0.9923438315642944,0.007656168435705586,0.0,5747,full_clean,True,0.9923438315642944,Reliable
Qwen3-VL-2B,A5,0.7920292377305952,0.2079707622694048,0.0,5746,partial,True,0.7920292377305952,Reliable
Qwen2.5-VL-3B,A1,0.9902557856272838,0.0,0.0097442143727162,5747,full_clean,False,0.9902557856272838,Reliable
Qwen2.5-VL-3B,A2,0.9994779885157473,0.0,0.0005220114842526536,5747,full_clean,False,0.9994779885157473,Reliable
Qwen2.5-VL-3B,A3,1.0,0.0,0.0,5747,full_clean,False,1.0,Reliable
Qwen2.5-VL-3B,A4,1.0,0.0,0.0,5747,full_clean,False,1.0,Reliable
Qwen2.5-VL-3B,A5,1.0,0.0,0.0,5747,full_clean,False,1.0,Reliable
InternVL3.5-2B,A1,0.0,1.0,0.0,5743,partial,True,1.0,Uncertain
InternVL3.5-2B,A2,0.0,1.0,0.0,5536,partial,True,1.0,Uncertain
InternVL3.5-2B,A3,0.0,1.0,0.0,5590,partial,True,1.0,Uncertain
InternVL3.5-2B,A4,0.0,1.0,0.0,5725,partial,True,1.0,Uncertain
InternVL3.5-2B,A5,0.0,1.0,0.0,5654,partial,True,1.0,Uncertain
InternVL3.5-4B,A1,0.40299286584304855,0.08125978771532974,0.5157473464416217,5747,full_clean,True,0.5157473464416217,Unreliable
InternVL3.5-4B,A2,0.3170349747694449,0.006438141639116061,0.676526883591439,5747,full_clean,True,0.676526883591439,Unreliable
InternVL3.5-4B,A3,0.261179745954411,0.00800417609187402,0.730816077953715,5747,full_clean,True,0.730816077953715,Unreliable
InternVL3.5-4B,A4,0.19453627979815555,0.0029580650774317036,0.8025056551244127,5747,full_clean,True,0.8025056551244127,Unreliable
InternVL3.5-4B,A5,0.06977553506177137,0.16599965199234384,0.7642248129458848,5747,full_clean,True,0.7642248129458848,Unreliable
InternVL3.5-14B,A1,0.8606229337045415,0.037758830694275276,0.10161823560118323,5747,full_clean,True,0.8606229337045415,Reliable
InternVL3.5-14B,A2,0.880981381590395,0.053071167565686445,0.06594745084391856,5747,full_clean,True,0.880981381590395,Reliable
InternVL3.5-14B,A3,0.8747172437793631,0.03984687663128589,0.08543587958935096,5747,full_clean,True,0.8747172437793631,Reliable
InternVL3.5-14B,A4,0.8303462676178875,0.04210892639638072,0.12754480598573167,5747,full_clean,True,0.8303462676178875,Reliable
InternVL3.5-14B,A5,0.5903949886897512,0.19349225682965024,0.21611275448059858,5747,full_clean,True,0.5903949886897512,Reliable
