model,n_conditions,n_partial_conditions,n_min,reliable_min,reliable_max,uncertain_min,uncertain_max,unreliable_min,unreliable_max,conditions_with_any_uncertain,conditions_with_zero_uncertain
Qwen2.5-VL-7B,5,0,5747,0.5333217330781277,0.7684009048199061,0.07917174177831912,0.3088567948494867,0.0031320689055159214,0.38750652514355316,5,0
Qwen3-VL-8B,5,0,5747,0.1880981381590395,0.8788933356533843,0.04280494170871759,0.6869671132764921,0.0730816077953715,0.20741256307638767,5,0
Qwen3-VL-4B,5,0,5747,0.20584652862362973,0.47485644684183054,0.06072733600139203,0.2658778493126849,0.4353575778667131,0.5736906211936662,5,0
InternVL3.5-8B,5,0,5747,0.26361579954759007,0.6084913868105098,0.3895945710805638,0.7095876109274404,0.0008700191404210892,0.02679658952496955,5,0
GLM-4.6V-Flash,5,0,5747,0.3763702801461632,0.6890551592135027,0.008700191404210893,0.18827214198712372,0.29980859578910735,0.4353575778667131,5,0
Phi-4-multimodal,5,0,5747,0.6057073255611624,0.8721071863580999,0.0,0.0,0.1278928136419001,0.39429267443883764,0,5
Gemma-4-12B,5,0,5747,0.9154341395510701,0.9735514181311988,0.0,0.0,0.026448581868801113,0.08456586044892987,0,5
MiniCPM-V-4.5,3,0,5747,0.9669392726639986,0.9872977205498521,0.0,0.00017400382808421786,0.012528275622063685,0.03306072733600139,1,2
Molmo2-8B,1,0,5747,0.21037062815381938,0.21037062815381938,0.7894553680180963,0.7894553680180963,0.00017400382808421786,0.00017400382808421786,1,0
Qwen3-VL-2B,5,2,5746,0.7920292377305952,0.9996519923438316,0.0003480076561684357,0.2079707622694048,0.0,0.0,5,0
Qwen2.5-VL-3B,5,0,5747,0.9902557856272838,1.0,0.0,0.0,0.0,0.0097442143727162,0,5
InternVL3.5-2B,5,5,5536,0.0,0.0,1.0,1.0,0.0,0.0,5,0
InternVL3.5-4B,5,0,5747,0.06977553506177137,0.40299286584304855,0.0029580650774317036,0.16599965199234384,0.5157473464416217,0.8025056551244127,5,0
InternVL3.5-14B,5,0,5747,0.5903949886897512,0.880981381590395,0.037758830694275276,0.19349225682965024,0.06594745084391856,0.21611275448059858,5,0
