model_key,model,family,nominal_size,params_billions_counted,condition,model_conditions_analysed,model_conditions_partial,condition_status,n_samples,n_invalid_excluded,n_parse_error,n_inference_error,n_reliable,n_uncertain,n_unreliable,reliable_rate,uncertain_rate,unreliable_rate,coverage,abstention_rate,align_R_matched,align_R_unmatched,align_Ur_matched,align_Ur_unmatched,align_U_matched,align_U_unmatched,n_decided,n_decided_unmatched,align_accuracy,align_precision,align_sensitivity,align_specificity,align_f1,align_balanced_accuracy
qwen2_5_vl,Qwen2.5-VL-7B,Qwen2.5-VL,7B,8.29,A1,"A1,A2,A3,A4,A5",,full_clean,5747,0.0,0.0,0.0,3593,1775,379,0.6251957543065948,0.3088567948494867,0.06594745084391856,0.6911432051505133,0.3088567948494867,3429,164,259,120,1421.0,354.0,3972,284,0.8935045317220544,0.9543556916225995,0.9297722342733189,0.4225352112676056,0.9419035846724351,0.6761537227704623
qwen2_5_vl,Qwen2.5-VL-7B,Qwen2.5-VL,7B,8.29,A2,"A1,A2,A3,A4,A5",,full_clean,5747,0.0,0.0,0.0,4268,1344,135,0.7426483382634418,0.23386114494518878,0.02349051679136941,0.7661388550548112,0.23386114494518878,4036,232,85,50,988.0,356.0,4403,282,0.9280036338859868,0.9456419868791003,0.9793739383644746,0.1773049645390071,0.962212421027536,0.5783394514517408
qwen2_5_vl,Qwen2.5-VL-7B,Qwen2.5-VL,7B,8.29,A3,"A1,A2,A3,A4,A5",,full_clean,5747,0.0,0.0,0.0,4416,1313,18,0.7684009048199061,0.22846702627457804,0.0031320689055159214,0.771532973725422,0.22846702627457804,4161,255,8,10,940.0,373.0,4434,265,0.9406856111862878,0.9422554347826086,0.998081074598225,0.03773584905660377,0.9693651718112988,0.5179084618274145
qwen2_5_vl,Qwen2.5-VL-7B,Qwen2.5-VL,7B,8.29,A4,"A1,A2,A3,A4,A5",,full_clean,5747,0.0,0.0,0.0,3570,1557,620,0.6211936662606578,0.2709239603271272,0.10788237341221507,0.7290760396728728,0.2709239603271272,3460,110,428,192,1221.0,336.0,4190,302,0.871599045346062,0.969187675070028,0.8899176954732511,0.6357615894039735,0.9278626977742022,0.7628396424386124
qwen2_5_vl,Qwen2.5-VL-7B,Qwen2.5-VL,7B,8.29,A5,"A1,A2,A3,A4,A5",,full_clean,5747,0.0,0.0,0.0,3065,455,2227,0.5333217330781277,0.07917174177831912,0.38750652514355316,0.9208282582216809,0.07917174177831912,3007,58,1702,525,400.0,55.0,5292,583,0.6674225245653818,0.9810766721044045,0.6385644510511785,0.9005145797598628,0.7736043220993054,0.7695395154055207
qwen3_vl,Qwen3-VL-8B,Qwen3-VL,8B,8.77,A1,"A1,A2,A3,A4,A5",,full_clean,5747,0.0,0.0,0.0,4309,246,1192,0.7497824952148947,0.04280494170871759,0.20741256307638767,0.9571950582912824,0.04280494170871759,4038,271,867,325,204.0,42.0,5501,596,0.7931285220868933,0.9371083778138779,0.8232415902140673,0.5453020134228188,0.8764922943347081,0.684271801818443
qwen3_vl,Qwen3-VL-8B,Qwen3-VL,8B,8.77,A2,"A1,A2,A3,A4,A5",,full_clean,5747,0.0,0.0,0.0,4636,401,710,0.806681746998434,0.06977553506177137,0.12354271793979467,0.9302244649382286,0.06977553506177137,4301,335,497,213,311.0,90.0,5346,548,0.8443696221474,0.927739430543572,0.8964151729887453,0.3886861313868613,0.9118083527665889,0.6425506521878033
qwen3_vl,Qwen3-VL-8B,Qwen3-VL,8B,8.77,A3,"A1,A2,A3,A4,A5",,full_clean,5747,0.0,0.0,0.0,4221,367,1159,0.7344701583434835,0.06385940490690795,0.2016704367496085,0.936140595093092,0.06385940490690795,3958,263,850,309,301.0,66.0,5380,572,0.7931226765799256,0.937692489931296,0.8232113144758736,0.5402097902097902,0.8767305349429616,0.681710552342832
qwen3_vl,Qwen3-VL-8B,Qwen3-VL,8B,8.77,A4,"A1,A2,A3,A4,A5",,full_clean,5747,0.0,0.0,0.0,5051,276,420,0.8788933356533843,0.04802505655124413,0.0730816077953715,0.9519749434487559,0.04802505655124413,4536,515,347,73,226.0,50.0,5471,588,0.8424419667336868,0.8980399920807761,0.9289371288142535,0.12414965986394558,0.9132273001811959,0.5265433943390996
qwen3_vl,Qwen3-VL-8B,Qwen3-VL,8B,8.77,A5,"A1,A2,A3,A4,A5",,full_clean,5747,0.0,0.0,0.0,1081,3948,718,0.1880981381590395,0.6869671132764921,0.12493474856446841,0.31303288672350793,0.6869671132764921,1070,11,511,207,3528.0,420.0,1799,218,0.7098387993329628,0.9898242368177613,0.676786843769766,0.9495412844036697,0.8039068369646882,0.8131640640867178
qwen3_vl_4b,Qwen3-VL-4B,Qwen3-VL,4B,4.44,A1,"A1,A2,A3,A4,A5",,full_clean,5747,0.0,0.0,0.0,2161,739,2847,0.37602227248999476,0.12858882895423698,0.49538889855576823,0.871411171045763,0.12858882895423698,2125,36,2329,518,655.0,84.0,5008,554,0.5277555910543131,0.983341045812124,0.4770992366412214,0.9350180505415162,0.6424792139077853,0.7060586435913688
qwen3_vl_4b,Qwen3-VL-4B,Qwen3-VL,4B,4.44,A2,"A1,A2,A3,A4,A5",,full_clean,5747,0.0,0.0,0.0,2729,516,2502,0.47485644684183054,0.08978597529145642,0.4353575778667131,0.9102140247085436,0.08978597529145642,2661,68,2008,494,440.0,76.0,5231,562,0.6031351558019499,0.9750824477830707,0.5699293210537588,0.8790035587188612,0.7193836171938361,0.72446643988631
qwen3_vl_4b,Qwen3-VL-4B,Qwen3-VL,4B,4.44,A3,"A1,A2,A3,A4,A5",,full_clean,5747,0.0,0.0,0.0,2683,437,2627,0.4668522707499565,0.07603967287280321,0.4571080563772403,0.9239603271271968,0.07603967287280321,2631,52,2102,525,376.0,61.0,5310,577,0.5943502824858757,0.9806187103988073,0.5558842171983942,0.9098786828422877,0.709546925566343,0.7328814500203409
qwen3_vl_4b,Qwen3-VL-4B,Qwen3-VL,4B,4.44,A4,"A1,A2,A3,A4,A5",,full_clean,5747,0.0,0.0,0.0,2101,349,3297,0.3655820428049417,0.06072733600139203,0.5736906211936662,0.939272663998608,0.06072733600139203,2055,46,2768,529,286.0,63.0,5398,575,0.47869581326417193,0.9781056639695384,0.4260833506116525,0.92,0.5935875216637782,0.6730416753058263
qwen3_vl_4b,Qwen3-VL-4B,Qwen3-VL,4B,4.44,A5,"A1,A2,A3,A4,A5",,full_clean,5747,0.0,0.0,0.0,1183,1528,3036,0.20584652862362973,0.2658778493126849,0.5282756220636854,0.7341221506873151,0.2658778493126849,1176,7,2631,405,1302.0,226.0,4219,412,0.37473334913486606,0.9940828402366864,0.30890464933018125,0.9830097087378641,0.4713426853707415,0.6459571790340226
internvl3_5_hf,InternVL3.5-8B,InternVL3.5,8B,8.53,A1,"A1,A2,A3,A4,A5",,full_clean,5747,0.0,0.0,0.0,3085,2570,92,0.536801809639812,0.44718983817643987,0.01600835218374804,0.5528101618235601,0.44718983817643987,3000,85,43,49,2066.0,504.0,3177,134,0.9597104186339314,0.9724473257698542,0.9858692080184029,0.3656716417910448,0.97911227154047,0.6757704249047238
internvl3_5_hf,InternVL3.5-8B,InternVL3.5,8B,8.53,A2,"A1,A2,A3,A4,A5",,full_clean,5747,0.0,0.0,0.0,3497,2239,11,0.6084913868105098,0.3895945710805638,0.0019140421089263965,0.6104054289194363,0.3895945710805638,3421,76,2,9,1686.0,553.0,3508,85,0.9777651083238312,0.9782670860737775,0.9994157172071283,0.10588235294117647,0.988728323699422,0.5526490350741524
internvl3_5_hf,InternVL3.5-8B,InternVL3.5,8B,8.53,A3,"A1,A2,A3,A4,A5",,full_clean,5747,0.0,0.0,0.0,3420,2298,29,0.5950930920480251,0.3998607969375326,0.005046111014442318,0.6001392030624674,0.3998607969375326,3351,69,7,22,1751.0,547.0,3449,91,0.9779646274282401,0.9798245614035088,0.9979154258487195,0.24175824175824176,0.9887872528769549,0.6198368338034806
internvl3_5_hf,InternVL3.5-8B,InternVL3.5,8B,8.53,A4,"A1,A2,A3,A4,A5",,full_clean,5747,0.0,0.0,0.0,3343,2399,5,0.5816947972855403,0.41743518357403864,0.0008700191404210892,0.5825648164259614,0.41743518357403864,3257,86,0,5,1852.0,547.0,3348,91,0.9743130227001194,0.9742746036494166,1.0,0.054945054945054944,0.9869696969696969,0.5274725274725275
internvl3_5_hf,InternVL3.5-8B,InternVL3.5,8B,8.53,A5,"A1,A2,A3,A4,A5",,full_clean,5747,0.0,0.0,0.0,1515,4078,154,0.26361579954759007,0.7095876109274404,0.02679658952496955,0.2904123890725596,0.7095876109274404,1486,29,151,3,3472.0,606.0,1669,32,0.8921509886159377,0.9808580858085808,0.9077580940745266,0.09375,0.9428934010152284,0.5007540470372633
glm_4_6v_flash,GLM-4.6V-Flash,GLM-4.6V,not stated,10.29,A1,"A1,A2,A3,A4,A5",,full_clean,5747,0.0,0.0,0.0,3719,50,1978,0.6471202366452062,0.008700191404210893,0.3441795719505829,0.9912998085957891,0.008700191404210893,3503,216,1565,413,41.0,9.0,5697,629,0.6873793224504124,0.9419198709330465,0.6911996842936069,0.6565977742448331,0.7973142141800387,0.67389872926922
glm_4_6v_flash,GLM-4.6V-Flash,GLM-4.6V,not stated,10.29,A2,"A1,A2,A3,A4,A5",,full_clean,5747,0.0,0.0,0.0,3783,57,1907,0.6582564816425961,0.009918218200800417,0.33182530015660344,0.9900817817991996,0.009918218200800417,3583,200,1485,422,41.0,16.0,5690,622,0.7038664323374341,0.9471319058947925,0.7069850039463299,0.6784565916398714,0.8096260309569541,0.6927207977931007
glm_4_6v_flash,GLM-4.6V-Flash,GLM-4.6V,not stated,10.29,A3,"A1,A2,A3,A4,A5",,full_clean,5747,0.0,0.0,0.0,3696,100,1951,0.6431181485992692,0.017400382808421787,0.33948146859230904,0.9825996171915782,0.017400382808421787,3534,162,1502,449,73.0,27.0,5647,611,0.7053302638569152,0.9561688311688312,0.7017474185861795,0.734860883797054,0.809436555199267,0.7183041511916168
glm_4_6v_flash,GLM-4.6V-Flash,GLM-4.6V,not stated,10.29,A4,"A1,A2,A3,A4,A5",,full_clean,5747,0.0,0.0,0.0,3960,64,1723,0.6890551592135027,0.011136244997389943,0.29980859578910735,0.98886375500261,0.011136244997389943,3774,186,1288,435,47.0,17.0,5683,621,0.7406299489706141,0.953030303030303,0.7455551165547215,0.7004830917874396,0.8366215916648193,0.7230191041710805
glm_4_6v_flash,GLM-4.6V-Flash,GLM-4.6V,not stated,10.29,A5,"A1,A2,A3,A4,A5",,full_clean,5747,0.0,0.0,0.0,2163,1082,2502,0.3763702801461632,0.18827214198712372,0.4353575778667131,0.8117278580128763,0.18827214198712372,2128,35,2164,338,817.0,265.0,4665,373,0.5286173633440514,0.9838187702265372,0.4958061509785648,0.9061662198391421,0.6593338497288923,0.7009861854088535
phi4_multimodal,Phi-4-multimodal,Phi-4,not stated,5.57,A1,"A1,A2,A3,A4,A5",,full_clean,5747,0.0,0.0,0.0,4985,0,762,0.867409082999826,0.0,0.132590917000174,1.0,0.0,4511,474,598,164,0.0,0.0,5747,638,0.8134678962937184,0.9049147442326981,0.8829516539440203,0.25705329153605017,0.8937982960174361,0.5700024727400352
phi4_multimodal,Phi-4-multimodal,Phi-4,not stated,5.57,A2,"A1,A2,A3,A4,A5",,full_clean,5747,0.0,0.0,0.0,5012,0,735,0.8721071863580999,0.0,0.1278928136419001,1.0,0.0,4551,461,558,177,0.0,0.0,5747,638,0.822690099182182,0.9080207501995211,0.8907809747504404,0.2774294670846395,0.8993182491848631,0.5841052209175399
phi4_multimodal,Phi-4-multimodal,Phi-4,not stated,5.57,A3,"A1,A2,A3,A4,A5",,full_clean,5747,0.0,0.0,0.0,4132,0,1615,0.7189838176439882,0.0,0.28101618235601183,1.0,0.0,3822,310,1287,328,0.0,0.0,5747,638,0.7221158865495041,0.9249757986447241,0.7480916030534351,0.5141065830721003,0.8271832052808138,0.6310990930627678
phi4_multimodal,Phi-4-multimodal,Phi-4,not stated,5.57,A4,"A1,A2,A3,A4,A5",,full_clean,5747,0.0,0.0,0.0,3481,0,2266,0.6057073255611624,0.0,0.39429267443883764,1.0,0.0,3390,91,1719,547,0.0,0.0,5747,638,0.6850530711675656,0.9738580867566791,0.6635349383440986,0.8573667711598746,0.789289871944121,0.7604508547519866
phi4_multimodal,Phi-4-multimodal,Phi-4,not stated,5.57,A5,"A1,A2,A3,A4,A5",,full_clean,5747,0.0,0.0,0.0,4160,0,1587,0.7238559248303462,0.0,0.2761440751696537,1.0,0.0,3966,194,1143,444,0.0,0.0,5747,638,0.7673568818514007,0.9533653846153847,0.7762771579565473,0.6959247648902821,0.855755744956306,0.7361009614234146
gemma4,Gemma-4-12B,Gemma 4,12B,11.96,A1,"A1,A2,A3,A4,A5",,full_clean,5747,0.0,0.0,0.0,5583,0,164,0.9714633721941883,0.0,0.02853662780581173,1.0,0.0,5011,572,98,66,0.0,0.0,5747,638,0.8834174351835741,0.8975461221565466,0.9808181640242709,0.10344827586206896,0.9373363262252151,0.54213321994317
gemma4,Gemma-4-12B,Gemma 4,12B,11.96,A2,"A1,A2,A3,A4,A5",,full_clean,5747,0.0,0.0,0.0,5595,0,152,0.9735514181311988,0.0,0.026448581868801113,1.0,0.0,5015,580,94,58,0.0,0.0,5747,638,0.8827214198712372,0.8963360142984808,0.9816010961049129,0.09090909090909091,0.9370328849028401,0.5362550935070018
gemma4,Gemma-4-12B,Gemma 4,12B,11.96,A3,"A1,A2,A3,A4,A5",,full_clean,5747,0.0,0.0,0.0,5424,0,323,0.9437967635287976,0.0,0.056203236471202365,1.0,0.0,4934,490,175,148,0.0,0.0,5747,638,0.8842874543239951,0.9096607669616519,0.9657467214719123,0.23197492163009403,0.9368650906674262,0.5988608215510032
gemma4,Gemma-4-12B,Gemma 4,12B,11.96,A4,"A1,A2,A3,A4,A5",,full_clean,5747,0.0,0.0,0.0,5547,0,200,0.9651992343831565,0.0,0.034800765616843574,1.0,0.0,5027,520,82,118,0.0,0.0,5747,638,0.8952496954933008,0.9062556336758608,0.9839498923468389,0.18495297805642633,0.943506006006006,0.5844514352016327
gemma4,Gemma-4-12B,Gemma 4,12B,11.96,A5,"A1,A2,A3,A4,A5",,full_clean,5747,0.0,0.0,0.0,5261,0,486,0.9154341395510701,0.0,0.08456586044892987,1.0,0.0,4835,426,274,212,0.0,0.0,5747,638,0.8781973203410475,0.9190268009884053,0.9463691524760227,0.3322884012539185,0.9324975891996142,0.6393287768649706
minicpm_v4_5,MiniCPM-V-4.5,MiniCPM-V,not stated,8.7,A1,"A1,A2,A3",,full_clean,5747,0.0,0.0,0.0,5557,0,190,0.9669392726639986,0.0,0.03306072733600139,1.0,0.0,4991,566,118,72,0.0,0.0,5747,638,0.880981381590395,0.8981464819147021,0.9769035036210608,0.11285266457680251,0.9358709919369961,0.5448780840989317
minicpm_v4_5,MiniCPM-V-4.5,MiniCPM-V,not stated,8.7,A2,"A1,A2,A3",,full_clean,5747,0.0,0.0,0.0,5674,1,72,0.9872977205498521,0.00017400382808421786,0.012528275622063685,0.9998259961719158,0.00017400382808421786,5073,601,36,36,0.0,1.0,5746,637,0.8891402714932126,0.8940782516743039,0.992953611274222,0.0565149136577708,0.9409255309283131,0.5247342624659964
minicpm_v4_5,MiniCPM-V-4.5,MiniCPM-V,not stated,8.7,A3,"A1,A2,A3",,full_clean,5747,0.0,0.0,0.0,5663,0,84,0.9853836784409257,0.0,0.014616321559074299,1.0,0.0,5064,599,45,39,0.0,0.0,5747,638,0.8879415347137637,0.8942256754370475,0.9911920140927775,0.061128526645768025,0.9402153731897512,0.5261602703692727
molmo2_8b,Molmo2-8B,Molmo2,8B,8.66,A1,A1,,full_clean,5747,0.0,0.0,0.0,1209,4537,1,0.21037062815381938,0.7894553680180963,0.00017400382808421786,0.2105446319819036,0.7894553680180963,1148,61,1,0,3960.0,577.0,1210,61,0.9487603305785124,0.9495450785773366,0.999129677980853,0.0,0.9737065309584394,0.4995648389904265
qwen3_vl_2b,Qwen3-VL-2B,Qwen3-VL,2B,2.13,A1,"A1,A2,A4","A3,A5",full_clean,5747,0.0,0.0,0.0,5729,18,0,0.9968679310944841,0.0031320689055159214,0.0,0.9968679310944841,0.0031320689055159214,5095,634,0,0,14.0,4.0,5729,634,0.8893349624716356,0.8893349624716356,1.0,0.0,0.9414264597191426,0.5
qwen3_vl_2b,Qwen3-VL-2B,Qwen3-VL,2B,2.13,A2,"A1,A2,A4","A3,A5",full_clean,5747,0.0,0.0,0.0,5745,2,0,0.9996519923438316,0.0003480076561684357,0.0,0.9996519923438316,0.0003480076561684357,5108,637,0,0,1.0,1.0,5745,637,0.8891209747606614,0.8891209747606614,1.0,0.0,0.9413065511840044,0.5
qwen3_vl_2b,Qwen3-VL-2B,Qwen3-VL,2B,2.13,A3,"A1,A2,A4","A3,A5",partial,5746,1.0,1.0,0.0,5744,2,0,0.9996519317786287,0.0003480682213713888,0.0,0.9996519317786287,0.0003480682213713888,5107,637,0,0,1.0,1.0,5744,637,0.8891016713091922,0.8891016713091922,1.0,0.0,0.9412957331121555,0.5
qwen3_vl_2b,Qwen3-VL-2B,Qwen3-VL,2B,2.13,A4,"A1,A2,A4","A3,A5",full_clean,5747,0.0,0.0,0.0,5703,44,0,0.9923438315642944,0.007656168435705586,0.0,0.9923438315642944,0.007656168435705586,5085,618,0,0,24.0,20.0,5703,618,0.8916359810625987,0.8916359810625987,1.0,0.0,0.942714126807564,0.5
qwen3_vl_2b,Qwen3-VL-2B,Qwen3-VL,2B,2.13,A5,"A1,A2,A4","A3,A5",partial,5746,1.0,1.0,0.0,4551,1195,0,0.7920292377305952,0.2079707622694048,0.0,0.7920292377305952,0.2079707622694048,4187,364,0,0,921.0,274.0,4551,364,0.9200175785541639,0.9200175785541639,1.0,0.0,0.9583428702220188,0.5
qwen2_5_vl_3b,Qwen2.5-VL-3B,Qwen2.5-VL,3B,3.75,A1,"A1,A2,A3,A4,A5",,full_clean,5747,0.0,0.0,0.0,5691,0,56,0.9902557856272838,0.0,0.0097442143727162,1.0,0.0,5074,617,35,21,0.0,0.0,5747,638,0.88654950408909,0.8915832015463012,0.9931493442943825,0.032915360501567396,0.9396296296296296,0.513032352397975
qwen2_5_vl_3b,Qwen2.5-VL-3B,Qwen2.5-VL,3B,3.75,A2,"A1,A2,A3,A4,A5",,full_clean,5747,0.0,0.0,0.0,5744,0,3,0.9994779885157473,0.0,0.0005220114842526536,1.0,0.0,5108,636,1,2,0.0,0.0,5747,638,0.8891595615103532,0.8892757660167131,0.9998042669798395,0.003134796238244514,0.9413065511840044,0.501469531609042
qwen2_5_vl_3b,Qwen2.5-VL-3B,Qwen2.5-VL,3B,3.75,A3,"A1,A2,A3,A4,A5",,full_clean,5747,0.0,0.0,0.0,5747,0,0,1.0,0.0,0.0,1.0,0.0,5109,638,0,0,0.0,0.0,5747,638,0.8889855576822691,0.8889855576822691,1.0,0.0,0.9412306558585114,0.5
qwen2_5_vl_3b,Qwen2.5-VL-3B,Qwen2.5-VL,3B,3.75,A4,"A1,A2,A3,A4,A5",,full_clean,5747,0.0,0.0,0.0,5747,0,0,1.0,0.0,0.0,1.0,0.0,5109,638,0,0,0.0,0.0,5747,638,0.8889855576822691,0.8889855576822691,1.0,0.0,0.9412306558585114,0.5
qwen2_5_vl_3b,Qwen2.5-VL-3B,Qwen2.5-VL,3B,3.75,A5,"A1,A2,A3,A4,A5",,full_clean,5747,0.0,0.0,0.0,5747,0,0,1.0,0.0,0.0,1.0,0.0,5109,638,0,0,0.0,0.0,5747,638,0.8889855576822691,0.8889855576822691,1.0,0.0,0.9412306558585114,0.5
internvl3_5_hf_2b,InternVL3.5-2B,InternVL3.5,2B,2.35,A1,,"A1,A2,A3,A4,A5",partial,5743,4.0,4.0,0.0,0,5743,0,0.0,1.0,0.0,0.0,1.0,0,0,0,0,5105.0,638.0,0,0,nan,nan,nan,nan,nan,
internvl3_5_hf_2b,InternVL3.5-2B,InternVL3.5,2B,2.35,A2,,"A1,A2,A3,A4,A5",partial,5536,211.0,211.0,0.0,0,5536,0,0.0,1.0,0.0,0.0,1.0,0,0,0,0,4909.0,627.0,0,0,nan,nan,nan,nan,nan,
internvl3_5_hf_2b,InternVL3.5-2B,InternVL3.5,2B,2.35,A3,,"A1,A2,A3,A4,A5",partial,5590,157.0,157.0,0.0,0,5590,0,0.0,1.0,0.0,0.0,1.0,0,0,0,0,4952.0,638.0,0,0,nan,nan,nan,nan,nan,
internvl3_5_hf_2b,InternVL3.5-2B,InternVL3.5,2B,2.35,A4,,"A1,A2,A3,A4,A5",partial,5725,22.0,22.0,0.0,0,5725,0,0.0,1.0,0.0,0.0,1.0,0,0,0,0,5094.0,631.0,0,0,nan,nan,nan,nan,nan,
internvl3_5_hf_2b,InternVL3.5-2B,InternVL3.5,2B,2.35,A5,,"A1,A2,A3,A4,A5",partial,5654,93.0,93.0,0.0,0,5654,0,0.0,1.0,0.0,0.0,1.0,0,0,0,0,5052.0,602.0,0,0,nan,nan,nan,nan,nan,
internvl3_5_hf_4b,InternVL3.5-4B,InternVL3.5,4B,4.73,A1,"A1,A2,A3,A4,A5",,full_clean,5747,0.0,0.0,0.0,2316,467,2964,0.40299286584304855,0.08125978771532974,0.5157473464416217,0.9187402122846703,0.08125978771532974,2219,97,2475,489,415.0,52.0,5280,586,0.5128787878787879,0.9581174438687392,0.4727311461440136,0.8344709897610921,0.633095577746077,0.6536010679525529
internvl3_5_hf_4b,InternVL3.5-4B,InternVL3.5,4B,4.73,A2,"A1,A2,A3,A4,A5",,full_clean,5747,0.0,0.0,0.0,1822,37,3888,0.3170349747694449,0.006438141639116061,0.676526883591439,0.993561858360884,0.006438141639116061,1780,42,3299,589,30.0,7.0,5710,631,0.4148861646234676,0.9769484083424808,0.3504626895058082,0.9334389857369255,0.5158672656136791,0.6419508376213668
internvl3_5_hf_4b,InternVL3.5-4B,InternVL3.5,4B,4.73,A3,"A1,A2,A3,A4,A5",,full_clean,5747,0.0,0.0,0.0,1501,46,4200,0.261179745954411,0.00800417609187402,0.730816077953715,0.991995823908126,0.00800417609187402,1474,27,3595,605,40.0,6.0,5701,632,0.36467286440975266,0.9820119920053297,0.290787137502466,0.9572784810126582,0.4487062404870624,0.6240328092575621
internvl3_5_hf_4b,InternVL3.5-4B,InternVL3.5,4B,4.73,A4,"A1,A2,A3,A4,A5",,full_clean,5747,0.0,0.0,0.0,1118,17,4612,0.19453627979815555,0.0029580650774317036,0.8025056551244127,0.9970419349225683,0.0029580650774317036,1073,45,4022,590,14.0,3.0,5730,635,0.29022687609075043,0.9597495527728086,0.21059862610402355,0.9291338582677166,0.3454047963946564,0.56986624218587
internvl3_5_hf_4b,InternVL3.5-4B,InternVL3.5,4B,4.73,A5,"A1,A2,A3,A4,A5",,full_clean,5747,0.0,0.0,0.0,401,954,4392,0.06977553506177137,0.16599965199234384,0.7642248129458848,0.8340003480076562,0.16599965199234384,381,20,3976,416,752.0,202.0,4793,436,0.16628416440642604,0.9501246882793017,0.0874454900160661,0.9541284403669725,0.1601513240857503,0.5207869651915193
internvl3_5_hf_14b,InternVL3.5-14B,InternVL3.5,14B,15.12,A1,"A1,A2,A3,A4,A5",,full_clean,5747,0.0,0.0,0.0,4946,217,584,0.8606229337045415,0.037758830694275276,0.10161823560118323,0.9622411693057247,0.037758830694275276,4572,374,375,209,162.0,55.0,5530,583,0.8645569620253165,0.9243833400727861,0.9241964827167981,0.3584905660377358,0.9242899019508743,0.6413435243772669
internvl3_5_hf_14b,InternVL3.5-14B,InternVL3.5,14B,15.12,A2,"A1,A2,A3,A4,A5",,full_clean,5747,0.0,0.0,0.0,5063,305,379,0.880981381590395,0.053071167565686445,0.06594745084391856,0.9469288324343136,0.053071167565686445,4668,395,220,159,221.0,84.0,5442,554,0.8869900771775082,0.9219830140233063,0.9549918166939444,0.2870036101083033,0.9381971661139584,0.6209977134011239
internvl3_5_hf_14b,InternVL3.5-14B,InternVL3.5,14B,15.12,A3,"A1,A2,A3,A4,A5",,full_clean,5747,0.0,0.0,0.0,5027,229,491,0.8747172437793631,0.03984687663128589,0.08543587958935096,0.9601531233687141,0.03984687663128589,4653,374,290,201,166.0,63.0,5518,575,0.8796665458499456,0.925601750547046,0.9413311753995549,0.34956521739130436,0.9334002006018054,0.6454481963954296
internvl3_5_hf_14b,InternVL3.5-14B,InternVL3.5,14B,15.12,A4,"A1,A2,A3,A4,A5",,full_clean,5747,0.0,0.0,0.0,4772,242,733,0.8303462676178875,0.04210892639638072,0.12754480598573167,0.9578910736036192,0.04210892639638072,4464,308,466,267,179.0,63.0,5505,575,0.8594005449591281,0.9354568315171836,0.9054766734279919,0.4643478260869565,0.9202226345083488,0.6849122497574742
internvl3_5_hf_14b,InternVL3.5-14B,InternVL3.5,14B,15.12,A5,"A1,A2,A3,A4,A5",,full_clean,5747,0.0,0.0,0.0,3393,1112,1242,0.5903949886897512,0.19349225682965024,0.21611275448059858,0.8065077431703498,0.19349225682965024,3217,176,1078,164,814.0,298.0,4635,340,0.7294498381877023,0.9481284998526378,0.7490104772991851,0.4823529411764706,0.836888657648283,0.6156817092378278
always_reliable_reference,Always-Reliable (reference),,,,-,,,,5747,,,,5747,0,0,1.0,0.0,0.0,1.0,0.0,5109,638,0,0,,,5747,638,0.8889855576822691,0.8889855576822691,1.0,0.0,0.9412306558585114,0.5
