model,group,from_condition,to_condition,from_label,to_label,count,share_of_n,share_of_from_row
Qwen2.5-VL-7B,text_only,A1,A2,Reliable,Reliable,3572,0.6215416739168261,0.9941553019760646
Qwen2.5-VL-7B,text_only,A1,A2,Reliable,Uncertain,20,0.003480076561684357,0.0055663790704146955
Qwen2.5-VL-7B,text_only,A1,A2,Reliable,Unreliable,1,0.00017400382808421786,0.00027831895352073476
Qwen2.5-VL-7B,text_only,A1,A2,Uncertain,Reliable,623,0.10840438489646773,0.35098591549295777
Qwen2.5-VL-7B,text_only,A1,A2,Uncertain,Uncertain,1137,0.1978423525317557,0.6405633802816901
Qwen2.5-VL-7B,text_only,A1,A2,Uncertain,Unreliable,15,0.0026100574212632676,0.008450704225352112
Qwen2.5-VL-7B,text_only,A1,A2,Unreliable,Reliable,73,0.012702279450147904,0.19261213720316622
Qwen2.5-VL-7B,text_only,A1,A2,Unreliable,Uncertain,187,0.03253871585174874,0.49340369393139843
Qwen2.5-VL-7B,text_only,A1,A2,Unreliable,Unreliable,119,0.020706455542021926,0.31398416886543534
Qwen2.5-VL-7B,text_only,A2,A3,Reliable,Reliable,4207,0.7320341047503045,0.9857075913776945
Qwen2.5-VL-7B,text_only,A2,A3,Reliable,Uncertain,61,0.010614233513137289,0.01429240862230553
Qwen2.5-VL-7B,text_only,A2,A3,Reliable,Unreliable,0,0.0,0.0
Qwen2.5-VL-7B,text_only,A2,A3,Uncertain,Reliable,202,0.035148773273012,0.15029761904761904
Qwen2.5-VL-7B,text_only,A2,A3,Uncertain,Uncertain,1142,0.19871237167217679,0.8497023809523809
Qwen2.5-VL-7B,text_only,A2,A3,Uncertain,Unreliable,0,0.0,0.0
Qwen2.5-VL-7B,text_only,A2,A3,Unreliable,Reliable,7,0.001218026796589525,0.05185185185185185
Qwen2.5-VL-7B,text_only,A2,A3,Unreliable,Uncertain,110,0.019140421089263965,0.8148148148148148
Qwen2.5-VL-7B,text_only,A2,A3,Unreliable,Unreliable,18,0.0031320689055159214,0.13333333333333333
Qwen2.5-VL-7B,text_only,A1,A3,Reliable,Reliable,3571,0.6213676700887419,0.9938769830225438
Qwen2.5-VL-7B,text_only,A1,A3,Reliable,Uncertain,22,0.003828084217852793,0.006123016977456165
Qwen2.5-VL-7B,text_only,A1,A3,Reliable,Unreliable,0,0.0,0.0
Qwen2.5-VL-7B,text_only,A1,A3,Uncertain,Reliable,766,0.13328693231251088,0.4315492957746479
Qwen2.5-VL-7B,text_only,A1,A3,Uncertain,Uncertain,1008,0.1753958587088916,0.5678873239436619
Qwen2.5-VL-7B,text_only,A1,A3,Uncertain,Unreliable,1,0.00017400382808421786,0.0005633802816901409
Qwen2.5-VL-7B,text_only,A1,A3,Unreliable,Reliable,79,0.013746302418653211,0.20844327176781002
Qwen2.5-VL-7B,text_only,A1,A3,Unreliable,Uncertain,283,0.04924308334783365,0.7467018469656992
Qwen2.5-VL-7B,text_only,A1,A3,Unreliable,Unreliable,17,0.0029580650774317036,0.044854881266490766
Qwen2.5-VL-7B,image_representation,A2,A4,Reliable,Reliable,3367,0.5858708891595615,0.7888940955951266
Qwen2.5-VL-7B,image_representation,A2,A4,Reliable,Uncertain,739,0.12858882895423698,0.17314901593252108
Qwen2.5-VL-7B,image_representation,A2,A4,Reliable,Unreliable,162,0.028188620149643292,0.03795688847235239
Qwen2.5-VL-7B,image_representation,A2,A4,Uncertain,Reliable,194,0.033756742648338264,0.14434523809523808
Qwen2.5-VL-7B,image_representation,A2,A4,Uncertain,Uncertain,768,0.1336349399686793,0.5714285714285714
Qwen2.5-VL-7B,image_representation,A2,A4,Uncertain,Unreliable,382,0.06646946232817122,0.28422619047619047
Qwen2.5-VL-7B,image_representation,A2,A4,Unreliable,Reliable,9,0.0015660344527579607,0.06666666666666667
Qwen2.5-VL-7B,image_representation,A2,A4,Unreliable,Uncertain,50,0.008700191404210893,0.37037037037037035
Qwen2.5-VL-7B,image_representation,A2,A4,Unreliable,Unreliable,76,0.013224290934400557,0.562962962962963
Qwen2.5-VL-7B,image_representation,A2,A5,Reliable,Reliable,2831,0.49260483730642074,0.6633083411433927
Qwen2.5-VL-7B,image_representation,A2,A5,Reliable,Uncertain,311,0.054115190534191754,0.07286785379568884
Qwen2.5-VL-7B,image_representation,A2,A5,Reliable,Unreliable,1126,0.1959283104228293,0.26382380506091846
Qwen2.5-VL-7B,image_representation,A2,A5,Uncertain,Reliable,221,0.03845484600661214,0.1644345238095238
Qwen2.5-VL-7B,image_representation,A2,A5,Uncertain,Uncertain,138,0.024012528275622065,0.10267857142857142
Qwen2.5-VL-7B,image_representation,A2,A5,Uncertain,Unreliable,985,0.17139377066295458,0.7328869047619048
Qwen2.5-VL-7B,image_representation,A2,A5,Unreliable,Reliable,13,0.002262049765094832,0.0962962962962963
Qwen2.5-VL-7B,image_representation,A2,A5,Unreliable,Uncertain,6,0.0010440229685053071,0.044444444444444446
Qwen2.5-VL-7B,image_representation,A2,A5,Unreliable,Unreliable,116,0.02018444405776927,0.8592592592592593
Qwen2.5-VL-7B,image_representation,A4,A5,Reliable,Reliable,2729,0.47485644684183054,0.7644257703081232
Qwen2.5-VL-7B,image_representation,A4,A5,Reliable,Uncertain,229,0.03984687663128589,0.06414565826330532
Qwen2.5-VL-7B,image_representation,A4,A5,Reliable,Unreliable,612,0.10649034278754133,0.17142857142857143
Qwen2.5-VL-7B,image_representation,A4,A5,Uncertain,Reliable,286,0.049765094832086305,0.18368657675016056
Qwen2.5-VL-7B,image_representation,A4,A5,Uncertain,Uncertain,191,0.03323473116408561,0.12267180475272961
Qwen2.5-VL-7B,image_representation,A4,A5,Uncertain,Unreliable,1080,0.18792413433095528,0.6936416184971098
Qwen2.5-VL-7B,image_representation,A4,A5,Unreliable,Reliable,50,0.008700191404210893,0.08064516129032258
Qwen2.5-VL-7B,image_representation,A4,A5,Unreliable,Uncertain,35,0.0060901339829476245,0.056451612903225805
Qwen2.5-VL-7B,image_representation,A4,A5,Unreliable,Unreliable,535,0.09309204802505655,0.8629032258064516
Qwen2.5-VL-7B,mixed_image_and_metadata,A1,A4,Reliable,Reliable,3034,0.527927614407517,0.8444197049819092
Qwen2.5-VL-7B,mixed_image_and_metadata,A1,A4,Reliable,Uncertain,457,0.07951974943448756,0.12719176175897579
Qwen2.5-VL-7B,mixed_image_and_metadata,A1,A4,Reliable,Unreliable,102,0.01774839046459022,0.028388533259114945
Qwen2.5-VL-7B,mixed_image_and_metadata,A1,A4,Uncertain,Reliable,487,0.08473986427701409,0.27436619718309857
Qwen2.5-VL-7B,mixed_image_and_metadata,A1,A4,Uncertain,Uncertain,921,0.16025752566556464,0.5188732394366197
Qwen2.5-VL-7B,mixed_image_and_metadata,A1,A4,Uncertain,Unreliable,367,0.06385940490690795,0.2067605633802817
Qwen2.5-VL-7B,mixed_image_and_metadata,A1,A4,Unreliable,Reliable,49,0.008526187576126675,0.12928759894459102
Qwen2.5-VL-7B,mixed_image_and_metadata,A1,A4,Unreliable,Uncertain,179,0.031146685227074995,0.47229551451187335
Qwen2.5-VL-7B,mixed_image_and_metadata,A1,A4,Unreliable,Unreliable,151,0.026274578040716895,0.39841688654353563
Qwen2.5-VL-7B,mixed_image_and_metadata,A1,A5,Reliable,Reliable,2595,0.45153993387854535,0.7222376843863068
Qwen2.5-VL-7B,mixed_image_and_metadata,A1,A5,Reliable,Uncertain,227,0.03949886897511745,0.06317840244920679
Qwen2.5-VL-7B,mixed_image_and_metadata,A1,A5,Reliable,Unreliable,771,0.13415695145293197,0.2145839131644865
Qwen2.5-VL-7B,mixed_image_and_metadata,A1,A5,Uncertain,Reliable,413,0.07186358099878197,0.23267605633802818
Qwen2.5-VL-7B,mixed_image_and_metadata,A1,A5,Uncertain,Uncertain,202,0.035148773273012,0.11380281690140845
Qwen2.5-VL-7B,mixed_image_and_metadata,A1,A5,Uncertain,Unreliable,1160,0.2018444405776927,0.6535211267605634
Qwen2.5-VL-7B,mixed_image_and_metadata,A1,A5,Unreliable,Reliable,57,0.009918218200800417,0.1503957783641161
Qwen2.5-VL-7B,mixed_image_and_metadata,A1,A5,Unreliable,Uncertain,26,0.004524099530189664,0.06860158311345646
Qwen2.5-VL-7B,mixed_image_and_metadata,A1,A5,Unreliable,Unreliable,296,0.05150513311292849,0.7810026385224275
Qwen2.5-VL-7B,mixed_image_and_metadata,A3,A4,Reliable,Reliable,3415,0.594223072907604,0.7733242753623188
Qwen2.5-VL-7B,mixed_image_and_metadata,A3,A4,Reliable,Uncertain,815,0.14181311988863754,0.18455615942028986
Qwen2.5-VL-7B,mixed_image_and_metadata,A3,A4,Reliable,Unreliable,186,0.03236471202366452,0.042119565217391304
Qwen2.5-VL-7B,mixed_image_and_metadata,A3,A4,Uncertain,Reliable,155,0.026970593353053768,0.11805026656511805
Qwen2.5-VL-7B,mixed_image_and_metadata,A3,A4,Uncertain,Uncertain,738,0.12841482512615277,0.5620715917745621
Qwen2.5-VL-7B,mixed_image_and_metadata,A3,A4,Uncertain,Unreliable,420,0.0730816077953715,0.31987814166031986
Qwen2.5-VL-7B,mixed_image_and_metadata,A3,A4,Unreliable,Reliable,0,0.0,0.0
Qwen2.5-VL-7B,mixed_image_and_metadata,A3,A4,Unreliable,Uncertain,4,0.0006960153123368715,0.2222222222222222
Qwen2.5-VL-7B,mixed_image_and_metadata,A3,A4,Unreliable,Unreliable,14,0.00243605359317905,0.7777777777777778
Qwen2.5-VL-7B,mixed_image_and_metadata,A3,A5,Reliable,Reliable,2882,0.5014790325387158,0.6526268115942029
Qwen2.5-VL-7B,mixed_image_and_metadata,A3,A5,Reliable,Uncertain,339,0.05898729772054985,0.07676630434782608
Qwen2.5-VL-7B,mixed_image_and_metadata,A3,A5,Reliable,Unreliable,1195,0.20793457456064032,0.270606884057971
Qwen2.5-VL-7B,mixed_image_and_metadata,A3,A5,Uncertain,Reliable,183,0.031842700539411864,0.13937547600913938
Qwen2.5-VL-7B,mixed_image_and_metadata,A3,A5,Uncertain,Uncertain,116,0.02018444405776927,0.08834729626808835
Qwen2.5-VL-7B,mixed_image_and_metadata,A3,A5,Uncertain,Unreliable,1014,0.1764398816773969,0.7722772277227723
Qwen2.5-VL-7B,mixed_image_and_metadata,A3,A5,Unreliable,Reliable,0,0.0,0.0
Qwen2.5-VL-7B,mixed_image_and_metadata,A3,A5,Unreliable,Uncertain,0,0.0,0.0
Qwen2.5-VL-7B,mixed_image_and_metadata,A3,A5,Unreliable,Unreliable,18,0.0031320689055159214,1.0
Qwen3-VL-8B,text_only,A1,A2,Reliable,Reliable,4284,0.7454323995127893,0.9941981898352286
Qwen3-VL-8B,text_only,A1,A2,Reliable,Uncertain,19,0.003306072733600139,0.004409375725226271
Qwen3-VL-8B,text_only,A1,A2,Reliable,Unreliable,6,0.0010440229685053071,0.001392434439545138
Qwen3-VL-8B,text_only,A1,A2,Uncertain,Reliable,64,0.011136244997389943,0.2601626016260163
Qwen3-VL-8B,text_only,A1,A2,Uncertain,Uncertain,182,0.031668696711327646,0.7398373983739838
Qwen3-VL-8B,text_only,A1,A2,Uncertain,Unreliable,0,0.0,0.0
Qwen3-VL-8B,text_only,A1,A2,Unreliable,Reliable,288,0.05011310248825474,0.24161073825503357
Qwen3-VL-8B,text_only,A1,A2,Unreliable,Uncertain,200,0.034800765616843574,0.16778523489932887
Qwen3-VL-8B,text_only,A1,A2,Unreliable,Unreliable,704,0.12249869497128937,0.5906040268456376
Qwen3-VL-8B,text_only,A2,A3,Reliable,Reliable,4194,0.7297720549852097,0.9046591889559965
Qwen3-VL-8B,text_only,A2,A3,Reliable,Uncertain,136,0.02366452061945363,0.029335634167385678
Qwen3-VL-8B,text_only,A2,A3,Reliable,Unreliable,306,0.05324517139377066,0.06600517687661778
Qwen3-VL-8B,text_only,A2,A3,Uncertain,Reliable,9,0.0015660344527579607,0.022443890274314215
Qwen3-VL-8B,text_only,A2,A3,Uncertain,Uncertain,231,0.040194884287454324,0.5760598503740648
Qwen3-VL-8B,text_only,A2,A3,Uncertain,Unreliable,161,0.028014616321559074,0.4014962593516209
Qwen3-VL-8B,text_only,A2,A3,Unreliable,Reliable,18,0.0031320689055159214,0.02535211267605634
Qwen3-VL-8B,text_only,A2,A3,Unreliable,Uncertain,0,0.0,0.0
Qwen3-VL-8B,text_only,A2,A3,Unreliable,Unreliable,692,0.12041064903427875,0.9746478873239437
Qwen3-VL-8B,text_only,A1,A3,Reliable,Reliable,4042,0.7033234731164085,0.9380366674402414
Qwen3-VL-8B,text_only,A1,A3,Reliable,Uncertain,107,0.01861840960501131,0.02483174750522163
Qwen3-VL-8B,text_only,A1,A3,Reliable,Unreliable,160,0.027840612493474855,0.037131585054537015
Qwen3-VL-8B,text_only,A1,A3,Uncertain,Reliable,27,0.004698103358273882,0.10975609756097561
Qwen3-VL-8B,text_only,A1,A3,Uncertain,Uncertain,194,0.033756742648338264,0.7886178861788617
Qwen3-VL-8B,text_only,A1,A3,Uncertain,Unreliable,25,0.004350095702105447,0.1016260162601626
Qwen3-VL-8B,text_only,A1,A3,Unreliable,Reliable,152,0.026448581868801113,0.12751677852348994
Qwen3-VL-8B,text_only,A1,A3,Unreliable,Uncertain,66,0.011484252653558378,0.05536912751677853
Qwen3-VL-8B,text_only,A1,A3,Unreliable,Unreliable,974,0.16947972855402818,0.8171140939597316
Qwen3-VL-8B,image_representation,A2,A4,Reliable,Reliable,4289,0.7463024186532103,0.9251509922346851
Qwen3-VL-8B,image_representation,A2,A4,Reliable,Uncertain,150,0.026100574212632677,0.032355478861087146
Qwen3-VL-8B,image_representation,A2,A4,Reliable,Unreliable,197,0.03427875413259092,0.042493528904227786
Qwen3-VL-8B,image_representation,A2,A4,Uncertain,Reliable,304,0.052897163737602226,0.7581047381546134
Qwen3-VL-8B,image_representation,A2,A4,Uncertain,Uncertain,71,0.012354271793979467,0.1770573566084788
Qwen3-VL-8B,image_representation,A2,A4,Uncertain,Unreliable,26,0.004524099530189664,0.06483790523690773
Qwen3-VL-8B,image_representation,A2,A4,Unreliable,Reliable,458,0.07969375326257178,0.6450704225352113
Qwen3-VL-8B,image_representation,A2,A4,Unreliable,Uncertain,55,0.009570210544631983,0.07746478873239436
Qwen3-VL-8B,image_representation,A2,A4,Unreliable,Unreliable,197,0.03427875413259092,0.2774647887323944
Qwen3-VL-8B,image_representation,A2,A5,Reliable,Reliable,1054,0.1834000348007656,0.227351164797239
Qwen3-VL-8B,image_representation,A2,A5,Reliable,Uncertain,3153,0.5486340699495389,0.6801121656600517
Qwen3-VL-8B,image_representation,A2,A5,Reliable,Unreliable,429,0.07464764224812946,0.09253666954270923
Qwen3-VL-8B,image_representation,A2,A5,Uncertain,Reliable,5,0.0008700191404210892,0.012468827930174564
Qwen3-VL-8B,image_representation,A2,A5,Uncertain,Uncertain,300,0.052201148425265353,0.7481296758104738
Qwen3-VL-8B,image_representation,A2,A5,Uncertain,Unreliable,96,0.016704367496084914,0.23940149625935161
Qwen3-VL-8B,image_representation,A2,A5,Unreliable,Reliable,22,0.003828084217852793,0.030985915492957747
Qwen3-VL-8B,image_representation,A2,A5,Unreliable,Uncertain,495,0.08613189490168784,0.6971830985915493
Qwen3-VL-8B,image_representation,A2,A5,Unreliable,Unreliable,193,0.033582738820254046,0.271830985915493
Qwen3-VL-8B,image_representation,A4,A5,Reliable,Reliable,1053,0.1832260309726814,0.20847356959018015
Qwen3-VL-8B,image_representation,A4,A5,Reliable,Uncertain,3454,0.6010092222028884,0.6838249851514552
Qwen3-VL-8B,image_representation,A4,A5,Reliable,Unreliable,544,0.09465808247781451,0.10770144525836468
Qwen3-VL-8B,image_representation,A4,A5,Uncertain,Reliable,5,0.0008700191404210892,0.018115942028985508
Qwen3-VL-8B,image_representation,A4,A5,Uncertain,Uncertain,205,0.03567078475726466,0.7427536231884058
Qwen3-VL-8B,image_representation,A4,A5,Uncertain,Unreliable,66,0.011484252653558378,0.2391304347826087
Qwen3-VL-8B,image_representation,A4,A5,Unreliable,Reliable,23,0.00400208804593701,0.05476190476190476
Qwen3-VL-8B,image_representation,A4,A5,Unreliable,Uncertain,289,0.05028710631633896,0.6880952380952381
Qwen3-VL-8B,image_representation,A4,A5,Unreliable,Unreliable,108,0.01879241343309553,0.2571428571428571
Qwen3-VL-8B,mixed_image_and_metadata,A1,A4,Reliable,Reliable,4007,0.697233339133461,0.9299141332095614
Qwen3-VL-8B,mixed_image_and_metadata,A1,A4,Reliable,Uncertain,132,0.022968505307116756,0.03063355766999304
Qwen3-VL-8B,mixed_image_and_metadata,A1,A4,Reliable,Unreliable,170,0.029580650774317034,0.03945230912044558
Qwen3-VL-8B,mixed_image_and_metadata,A1,A4,Uncertain,Reliable,192,0.03340873499216983,0.7804878048780488
Qwen3-VL-8B,mixed_image_and_metadata,A1,A4,Uncertain,Uncertain,47,0.008178179919958239,0.1910569105691057
Qwen3-VL-8B,mixed_image_and_metadata,A1,A4,Uncertain,Unreliable,7,0.001218026796589525,0.028455284552845527
Qwen3-VL-8B,mixed_image_and_metadata,A1,A4,Unreliable,Reliable,852,0.14825126152775361,0.714765100671141
Qwen3-VL-8B,mixed_image_and_metadata,A1,A4,Unreliable,Uncertain,97,0.016878371324169132,0.08137583892617449
Qwen3-VL-8B,mixed_image_and_metadata,A1,A4,Unreliable,Unreliable,243,0.042282930224464936,0.20385906040268456
Qwen3-VL-8B,mixed_image_and_metadata,A1,A5,Reliable,Reliable,1037,0.1804419697233339,0.24065908563471802
Qwen3-VL-8B,mixed_image_and_metadata,A1,A5,Reliable,Uncertain,2903,0.5051331129284844,0.673706196333256
Qwen3-VL-8B,mixed_image_and_metadata,A1,A5,Reliable,Unreliable,369,0.06420741256307638,0.08563471803202599
Qwen3-VL-8B,mixed_image_and_metadata,A1,A5,Uncertain,Reliable,3,0.0005220114842526536,0.012195121951219513
Qwen3-VL-8B,mixed_image_and_metadata,A1,A5,Uncertain,Uncertain,192,0.03340873499216983,0.7804878048780488
Qwen3-VL-8B,mixed_image_and_metadata,A1,A5,Uncertain,Unreliable,51,0.00887419523229511,0.2073170731707317
Qwen3-VL-8B,mixed_image_and_metadata,A1,A5,Unreliable,Reliable,41,0.007134156951452932,0.034395973154362415
Qwen3-VL-8B,mixed_image_and_metadata,A1,A5,Unreliable,Uncertain,853,0.14842526535583783,0.7156040268456376
Qwen3-VL-8B,mixed_image_and_metadata,A1,A5,Unreliable,Unreliable,298,0.05185314076909692,0.25
Qwen3-VL-8B,mixed_image_and_metadata,A3,A4,Reliable,Reliable,3946,0.6866191056203237,0.9348495617152334
Qwen3-VL-8B,mixed_image_and_metadata,A3,A4,Reliable,Uncertain,120,0.02088045937010614,0.028429282160625444
Qwen3-VL-8B,mixed_image_and_metadata,A3,A4,Reliable,Unreliable,155,0.026970593353053768,0.0367211561241412
Qwen3-VL-8B,mixed_image_and_metadata,A3,A4,Uncertain,Reliable,300,0.052201148425265353,0.8174386920980926
Qwen3-VL-8B,mixed_image_and_metadata,A3,A4,Uncertain,Uncertain,59,0.010266225856968854,0.16076294277929154
Qwen3-VL-8B,mixed_image_and_metadata,A3,A4,Uncertain,Unreliable,8,0.001392030624673743,0.021798365122615803
Qwen3-VL-8B,mixed_image_and_metadata,A3,A4,Unreliable,Reliable,805,0.14007308160779536,0.6945642795513374
Qwen3-VL-8B,mixed_image_and_metadata,A3,A4,Unreliable,Uncertain,97,0.016878371324169132,0.08369283865401209
Qwen3-VL-8B,mixed_image_and_metadata,A3,A4,Unreliable,Unreliable,257,0.04471898381764399,0.22174288179465057
Qwen3-VL-8B,mixed_image_and_metadata,A3,A5,Reliable,Reliable,1032,0.17957195058291284,0.24449182658137883
Qwen3-VL-8B,mixed_image_and_metadata,A3,A5,Reliable,Uncertain,2827,0.49190882199408387,0.6697465055674011
Qwen3-VL-8B,mixed_image_and_metadata,A3,A5,Reliable,Unreliable,362,0.06298938576648687,0.0857616678512201
Qwen3-VL-8B,mixed_image_and_metadata,A3,A5,Uncertain,Reliable,7,0.001218026796589525,0.01907356948228883
Qwen3-VL-8B,mixed_image_and_metadata,A3,A5,Uncertain,Uncertain,297,0.0516791369410127,0.8092643051771117
Qwen3-VL-8B,mixed_image_and_metadata,A3,A5,Uncertain,Unreliable,63,0.010962241169305725,0.17166212534059946
Qwen3-VL-8B,mixed_image_and_metadata,A3,A5,Unreliable,Reliable,42,0.007308160779537149,0.0362381363244176
Qwen3-VL-8B,mixed_image_and_metadata,A3,A5,Unreliable,Uncertain,824,0.1433791543413955,0.7109577221742882
Qwen3-VL-8B,mixed_image_and_metadata,A3,A5,Unreliable,Unreliable,293,0.05098312162867583,0.2528041415012942
Qwen3-VL-4B,text_only,A1,A2,Reliable,Reliable,2152,0.3744562380372368,0.995835261453031
Qwen3-VL-4B,text_only,A1,A2,Reliable,Uncertain,1,0.00017400382808421786,0.00046274872744099955
Qwen3-VL-4B,text_only,A1,A2,Reliable,Unreliable,8,0.001392030624673743,0.0037019898195279964
Qwen3-VL-4B,text_only,A1,A2,Uncertain,Reliable,220,0.03828084217852793,0.2976995940460081
Qwen3-VL-4B,text_only,A1,A2,Uncertain,Uncertain,423,0.07360361927962415,0.5723951285520974
Qwen3-VL-4B,text_only,A1,A2,Uncertain,Unreliable,96,0.016704367496084914,0.12990527740189445
Qwen3-VL-4B,text_only,A1,A2,Unreliable,Reliable,357,0.06211936662606577,0.12539515279241306
Qwen3-VL-4B,text_only,A1,A2,Unreliable,Uncertain,92,0.01600835218374804,0.032314717246224096
Qwen3-VL-4B,text_only,A1,A2,Unreliable,Unreliable,2398,0.4172611797459544,0.8422901299613629
Qwen3-VL-4B,text_only,A2,A3,Reliable,Reliable,2609,0.45397598747172435,0.9560278490289483
Qwen3-VL-4B,text_only,A2,A3,Reliable,Uncertain,44,0.007656168435705586,0.016123122022718945
Qwen3-VL-4B,text_only,A2,A3,Reliable,Unreliable,76,0.013224290934400557,0.027849028948332723
Qwen3-VL-4B,text_only,A2,A3,Uncertain,Reliable,14,0.00243605359317905,0.027131782945736434
Qwen3-VL-4B,text_only,A2,A3,Uncertain,Uncertain,374,0.06507743170349747,0.7248062015503876
Qwen3-VL-4B,text_only,A2,A3,Uncertain,Unreliable,128,0.022272489994779886,0.24806201550387597
Qwen3-VL-4B,text_only,A2,A3,Unreliable,Reliable,60,0.01044022968505307,0.023980815347721823
Qwen3-VL-4B,text_only,A2,A3,Unreliable,Uncertain,19,0.003306072733600139,0.007593924860111911
Qwen3-VL-4B,text_only,A2,A3,Unreliable,Unreliable,2423,0.4216112754480599,0.9684252597921663
Qwen3-VL-4B,text_only,A1,A3,Reliable,Reliable,2144,0.3730642074125631,0.992133271633503
Qwen3-VL-4B,text_only,A1,A3,Reliable,Uncertain,4,0.0006960153123368715,0.0018509949097639982
Qwen3-VL-4B,text_only,A1,A3,Reliable,Unreliable,13,0.002262049765094832,0.006015733456732994
Qwen3-VL-4B,text_only,A1,A3,Uncertain,Reliable,195,0.03393074647642248,0.2638700947225981
Qwen3-VL-4B,text_only,A1,A3,Uncertain,Uncertain,388,0.06751348529667653,0.5250338294993234
Qwen3-VL-4B,text_only,A1,A3,Uncertain,Unreliable,156,0.027144597181137986,0.21109607577807848
Qwen3-VL-4B,text_only,A1,A3,Unreliable,Reliable,344,0.05985731686097094,0.12082894274675096
Qwen3-VL-4B,text_only,A1,A3,Unreliable,Uncertain,45,0.007830172263789804,0.015806111696522657
Qwen3-VL-4B,text_only,A1,A3,Unreliable,Unreliable,2458,0.4277014094310075,0.8633649455567264
Qwen3-VL-4B,image_representation,A2,A4,Reliable,Reliable,1778,0.3093788063337393,0.6515207035544155
Qwen3-VL-4B,image_representation,A2,A4,Reliable,Uncertain,105,0.018270401948842874,0.03847563209967021
Qwen3-VL-4B,image_representation,A2,A4,Reliable,Unreliable,846,0.1472072385592483,0.31000366434591425
Qwen3-VL-4B,image_representation,A2,A4,Uncertain,Reliable,71,0.012354271793979467,0.1375968992248062
Qwen3-VL-4B,image_representation,A2,A4,Uncertain,Uncertain,129,0.022446493822864105,0.25
Qwen3-VL-4B,image_representation,A2,A4,Uncertain,Unreliable,316,0.054985209674612845,0.6124031007751938
Qwen3-VL-4B,image_representation,A2,A4,Unreliable,Reliable,252,0.0438489646772229,0.10071942446043165
Qwen3-VL-4B,image_representation,A2,A4,Unreliable,Uncertain,115,0.020010440229685053,0.04596322941646683
Qwen3-VL-4B,image_representation,A2,A4,Unreliable,Unreliable,2135,0.37149817295980514,0.8533173461231015
Qwen3-VL-4B,image_representation,A2,A5,Reliable,Reliable,1019,0.177309900817818,0.3733968486625137
Qwen3-VL-4B,image_representation,A2,A5,Reliable,Uncertain,514,0.08943796763528798,0.18834737999267132
Qwen3-VL-4B,image_representation,A2,A5,Reliable,Unreliable,1196,0.20810857838872454,0.43825577134481497
Qwen3-VL-4B,image_representation,A2,A5,Uncertain,Reliable,16,0.002784061249347486,0.031007751937984496
Qwen3-VL-4B,image_representation,A2,A5,Uncertain,Uncertain,227,0.03949886897511745,0.43992248062015504
Qwen3-VL-4B,image_representation,A2,A5,Uncertain,Unreliable,273,0.047503045066991476,0.5290697674418605
Qwen3-VL-4B,image_representation,A2,A5,Unreliable,Reliable,148,0.025752566556464244,0.05915267785771383
Qwen3-VL-4B,image_representation,A2,A5,Unreliable,Uncertain,787,0.13694101270227946,0.31454836131095126
Qwen3-VL-4B,image_representation,A2,A5,Unreliable,Unreliable,1567,0.27266399860796936,0.626298960831335
Qwen3-VL-4B,image_representation,A4,A5,Reliable,Reliable,920,0.16008352183748042,0.43788672060923367
Qwen3-VL-4B,image_representation,A4,A5,Reliable,Uncertain,361,0.06281538193840265,0.1718229414564493
Qwen3-VL-4B,image_representation,A4,A5,Reliable,Unreliable,820,0.14268313902905863,0.390290337934317
Qwen3-VL-4B,image_representation,A4,A5,Uncertain,Reliable,4,0.0006960153123368715,0.011461318051575931
Qwen3-VL-4B,image_representation,A4,A5,Uncertain,Uncertain,177,0.03079867757090656,0.5071633237822349
Qwen3-VL-4B,image_representation,A4,A5,Uncertain,Unreliable,168,0.029232643118148598,0.4813753581661891
Qwen3-VL-4B,image_representation,A4,A5,Unreliable,Reliable,259,0.04506699147381242,0.07855626326963906
Qwen3-VL-4B,image_representation,A4,A5,Unreliable,Uncertain,990,0.17226378980337567,0.3002729754322111
Qwen3-VL-4B,image_representation,A4,A5,Unreliable,Unreliable,2048,0.3563598399164782,0.6211707612981499
Qwen3-VL-4B,mixed_image_and_metadata,A1,A4,Reliable,Reliable,1546,0.2690099182182008,0.7154095326237853
Qwen3-VL-4B,mixed_image_and_metadata,A1,A4,Reliable,Uncertain,63,0.010962241169305725,0.029153169828782972
Qwen3-VL-4B,mixed_image_and_metadata,A1,A4,Reliable,Unreliable,552,0.09605011310248826,0.2554372975474317
Qwen3-VL-4B,mixed_image_and_metadata,A1,A4,Uncertain,Reliable,145,0.02523055507221159,0.19621109607577808
Qwen3-VL-4B,mixed_image_and_metadata,A1,A4,Uncertain,Uncertain,144,0.02505655124412737,0.19485791610284167
Qwen3-VL-4B,mixed_image_and_metadata,A1,A4,Uncertain,Unreliable,450,0.07830172263789803,0.6089309878213802
Qwen3-VL-4B,mixed_image_and_metadata,A1,A4,Unreliable,Reliable,410,0.07134156951452932,0.14401123990165085
Qwen3-VL-4B,mixed_image_and_metadata,A1,A4,Unreliable,Uncertain,142,0.024708543587958934,0.049877063575693714
Qwen3-VL-4B,mixed_image_and_metadata,A1,A4,Unreliable,Unreliable,2295,0.39933878545328,0.8061116965226555
Qwen3-VL-4B,mixed_image_and_metadata,A1,A5,Reliable,Reliable,937,0.16304158691491213,0.4335955576122166
Qwen3-VL-4B,mixed_image_and_metadata,A1,A5,Reliable,Uncertain,354,0.06159735514181312,0.16381304951411382
Qwen3-VL-4B,mixed_image_and_metadata,A1,A5,Reliable,Unreliable,870,0.15138333043326954,0.4025913928736696
Qwen3-VL-4B,mixed_image_and_metadata,A1,A5,Uncertain,Reliable,46,0.00800417609187402,0.06224627875507442
Qwen3-VL-4B,mixed_image_and_metadata,A1,A5,Uncertain,Uncertain,298,0.05185314076909692,0.40324763193504737
Qwen3-VL-4B,mixed_image_and_metadata,A1,A5,Uncertain,Unreliable,395,0.06873151209326606,0.5345060893098782
Qwen3-VL-4B,mixed_image_and_metadata,A1,A5,Unreliable,Reliable,200,0.034800765616843574,0.07024938531787847
Qwen3-VL-4B,mixed_image_and_metadata,A1,A5,Unreliable,Uncertain,876,0.15242735340177485,0.3076923076923077
Qwen3-VL-4B,mixed_image_and_metadata,A1,A5,Unreliable,Unreliable,1771,0.3081607795371498,0.6220583069898138
Qwen3-VL-4B,mixed_image_and_metadata,A3,A4,Reliable,Reliable,1769,0.3078127718809814,0.6593365635482669
Qwen3-VL-4B,mixed_image_and_metadata,A3,A4,Reliable,Uncertain,93,0.01618235601183226,0.034662691017517705
Qwen3-VL-4B,mixed_image_and_metadata,A3,A4,Reliable,Unreliable,821,0.14285714285714285,0.3060007454342154
Qwen3-VL-4B,mixed_image_and_metadata,A3,A4,Uncertain,Reliable,59,0.010266225856968854,0.13501144164759726
Qwen3-VL-4B,mixed_image_and_metadata,A3,A4,Uncertain,Uncertain,114,0.019836436401600835,0.2608695652173913
Qwen3-VL-4B,mixed_image_and_metadata,A3,A4,Uncertain,Unreliable,264,0.04593701061423351,0.6041189931350115
Qwen3-VL-4B,mixed_image_and_metadata,A3,A4,Unreliable,Reliable,273,0.047503045066991476,0.10392082223068139
Qwen3-VL-4B,mixed_image_and_metadata,A3,A4,Unreliable,Uncertain,142,0.024708543587958934,0.05405405405405406
Qwen3-VL-4B,mixed_image_and_metadata,A3,A4,Unreliable,Unreliable,2212,0.3848964677222899,0.8420251237152646
Qwen3-VL-4B,mixed_image_and_metadata,A3,A5,Reliable,Reliable,1032,0.17957195058291284,0.38464405516213196
Qwen3-VL-4B,mixed_image_and_metadata,A3,A5,Reliable,Uncertain,486,0.08456586044892987,0.18114051434960865
Qwen3-VL-4B,mixed_image_and_metadata,A3,A5,Reliable,Unreliable,1165,0.2027144597181138,0.4342154304882594
Qwen3-VL-4B,mixed_image_and_metadata,A3,A5,Uncertain,Reliable,8,0.001392030624673743,0.018306636155606407
Qwen3-VL-4B,mixed_image_and_metadata,A3,A5,Uncertain,Uncertain,198,0.03445275796067514,0.45308924485125857
Qwen3-VL-4B,mixed_image_and_metadata,A3,A5,Uncertain,Unreliable,231,0.040194884287454324,0.528604118993135
Qwen3-VL-4B,mixed_image_and_metadata,A3,A5,Unreliable,Reliable,143,0.024882547416043153,0.054434716406547394
Qwen3-VL-4B,mixed_image_and_metadata,A3,A5,Unreliable,Uncertain,844,0.14685923090307987,0.3212790255043776
Qwen3-VL-4B,mixed_image_and_metadata,A3,A5,Unreliable,Unreliable,1640,0.28536627805811726,0.624286258089075
InternVL3.5-8B,text_only,A1,A2,Reliable,Reliable,3021,0.5256655646424221,0.9792544570502432
InternVL3.5-8B,text_only,A1,A2,Reliable,Uncertain,64,0.011136244997389943,0.020745542949756886
InternVL3.5-8B,text_only,A1,A2,Reliable,Unreliable,0,0.0,0.0
InternVL3.5-8B,text_only,A1,A2,Uncertain,Reliable,476,0.0828258221680877,0.18521400778210118
InternVL3.5-8B,text_only,A1,A2,Uncertain,Uncertain,2094,0.36436401600835217,0.8147859922178988
InternVL3.5-8B,text_only,A1,A2,Uncertain,Unreliable,0,0.0,0.0
InternVL3.5-8B,text_only,A1,A2,Unreliable,Reliable,0,0.0,0.0
InternVL3.5-8B,text_only,A1,A2,Unreliable,Uncertain,81,0.014094310074821646,0.8804347826086957
InternVL3.5-8B,text_only,A1,A2,Unreliable,Unreliable,11,0.0019140421089263965,0.11956521739130435
InternVL3.5-8B,text_only,A2,A3,Reliable,Reliable,3334,0.5801287628327824,0.9533886188161281
InternVL3.5-8B,text_only,A2,A3,Reliable,Uncertain,163,0.02836262397772751,0.04661138118387189
InternVL3.5-8B,text_only,A2,A3,Reliable,Unreliable,0,0.0,0.0
InternVL3.5-8B,text_only,A2,A3,Uncertain,Reliable,86,0.014964329215242735,0.03841000446627959
InternVL3.5-8B,text_only,A2,A3,Uncertain,Uncertain,2135,0.37149817295980514,0.9535506922733363
InternVL3.5-8B,text_only,A2,A3,Uncertain,Unreliable,18,0.0031320689055159214,0.0080393032603841
InternVL3.5-8B,text_only,A2,A3,Unreliable,Reliable,0,0.0,0.0
InternVL3.5-8B,text_only,A2,A3,Unreliable,Uncertain,0,0.0,0.0
InternVL3.5-8B,text_only,A2,A3,Unreliable,Unreliable,11,0.0019140421089263965,1.0
InternVL3.5-8B,text_only,A1,A3,Reliable,Reliable,2986,0.5195754306594745,0.9679092382495948
InternVL3.5-8B,text_only,A1,A3,Reliable,Uncertain,99,0.01722637898033757,0.032090761750405185
InternVL3.5-8B,text_only,A1,A3,Reliable,Unreliable,0,0.0,0.0
InternVL3.5-8B,text_only,A1,A3,Uncertain,Reliable,434,0.07551766138855055,0.1688715953307393
InternVL3.5-8B,text_only,A1,A3,Uncertain,Uncertain,2133,0.3711501653036367,0.8299610894941635
InternVL3.5-8B,text_only,A1,A3,Uncertain,Unreliable,3,0.0005220114842526536,0.0011673151750972762
InternVL3.5-8B,text_only,A1,A3,Unreliable,Reliable,0,0.0,0.0
InternVL3.5-8B,text_only,A1,A3,Unreliable,Uncertain,66,0.011484252653558378,0.717391304347826
InternVL3.5-8B,text_only,A1,A3,Unreliable,Unreliable,26,0.004524099530189664,0.2826086956521739
InternVL3.5-8B,image_representation,A2,A4,Reliable,Reliable,3020,0.5254915608143379,0.8635973691735773
InternVL3.5-8B,image_representation,A2,A4,Reliable,Uncertain,477,0.08299982599617192,0.13640263082642265
InternVL3.5-8B,image_representation,A2,A4,Reliable,Unreliable,0,0.0,0.0
InternVL3.5-8B,image_representation,A2,A4,Uncertain,Reliable,323,0.056203236471202365,0.14426083072800358
InternVL3.5-8B,image_representation,A2,A4,Uncertain,Uncertain,1915,0.3332173307812772,0.8552925413130862
InternVL3.5-8B,image_representation,A2,A4,Uncertain,Unreliable,1,0.00017400382808421786,0.00044662795891022776
InternVL3.5-8B,image_representation,A2,A4,Unreliable,Reliable,0,0.0,0.0
InternVL3.5-8B,image_representation,A2,A4,Unreliable,Uncertain,7,0.001218026796589525,0.6363636363636364
InternVL3.5-8B,image_representation,A2,A4,Unreliable,Unreliable,4,0.0006960153123368715,0.36363636363636365
InternVL3.5-8B,image_representation,A2,A5,Reliable,Reliable,1365,0.23751522533495736,0.3903345724907063
InternVL3.5-8B,image_representation,A2,A5,Reliable,Uncertain,1999,0.34783365234035146,0.5716328281384043
InternVL3.5-8B,image_representation,A2,A5,Reliable,Unreliable,133,0.023142509135200974,0.03803259937088933
InternVL3.5-8B,image_representation,A2,A5,Uncertain,Reliable,150,0.026100574212632677,0.06699419383653417
InternVL3.5-8B,image_representation,A2,A5,Uncertain,Uncertain,2068,0.35983991647816255,0.923626619026351
InternVL3.5-8B,image_representation,A2,A5,Uncertain,Unreliable,21,0.0036540803897685747,0.009379187137114784
InternVL3.5-8B,image_representation,A2,A5,Unreliable,Reliable,0,0.0,0.0
InternVL3.5-8B,image_representation,A2,A5,Unreliable,Uncertain,11,0.0019140421089263965,1.0
InternVL3.5-8B,image_representation,A2,A5,Unreliable,Unreliable,0,0.0,0.0
InternVL3.5-8B,image_representation,A4,A5,Reliable,Reliable,1357,0.23612319471028362,0.40592282381094824
InternVL3.5-8B,image_representation,A4,A5,Reliable,Uncertain,1869,0.32521315468940315,0.5590786718516303
InternVL3.5-8B,image_representation,A4,A5,Reliable,Unreliable,117,0.02035844788585349,0.03499850433742148
InternVL3.5-8B,image_representation,A4,A5,Uncertain,Reliable,158,0.027492604837306422,0.06586077532305128
InternVL3.5-8B,image_representation,A4,A5,Uncertain,Uncertain,2204,0.38350443709761617,0.9187161317215506
InternVL3.5-8B,image_representation,A4,A5,Uncertain,Unreliable,37,0.006438141639116061,0.015423092955398083
InternVL3.5-8B,image_representation,A4,A5,Unreliable,Reliable,0,0.0,0.0
InternVL3.5-8B,image_representation,A4,A5,Unreliable,Uncertain,5,0.0008700191404210892,1.0
InternVL3.5-8B,image_representation,A4,A5,Unreliable,Unreliable,0,0.0,0.0
InternVL3.5-8B,mixed_image_and_metadata,A1,A4,Reliable,Reliable,2742,0.47711849660692535,0.8888168557536467
InternVL3.5-8B,mixed_image_and_metadata,A1,A4,Reliable,Uncertain,343,0.05968331303288672,0.11118314424635332
InternVL3.5-8B,mixed_image_and_metadata,A1,A4,Reliable,Unreliable,0,0.0,0.0
InternVL3.5-8B,mixed_image_and_metadata,A1,A4,Uncertain,Reliable,599,0.10422829302244649,0.2330739299610895
InternVL3.5-8B,mixed_image_and_metadata,A1,A4,Uncertain,Uncertain,1971,0.3429615451539934,0.7669260700389106
InternVL3.5-8B,mixed_image_and_metadata,A1,A4,Uncertain,Unreliable,0,0.0,0.0
InternVL3.5-8B,mixed_image_and_metadata,A1,A4,Unreliable,Reliable,2,0.0003480076561684357,0.021739130434782608
InternVL3.5-8B,mixed_image_and_metadata,A1,A4,Unreliable,Uncertain,85,0.014790325387158517,0.9239130434782609
InternVL3.5-8B,mixed_image_and_metadata,A1,A4,Unreliable,Unreliable,5,0.0008700191404210892,0.05434782608695652
InternVL3.5-8B,mixed_image_and_metadata,A1,A5,Reliable,Reliable,1266,0.2202888463546198,0.41037277147487844
InternVL3.5-8B,mixed_image_and_metadata,A1,A5,Reliable,Uncertain,1692,0.2944144771184966,0.5484602917341977
InternVL3.5-8B,mixed_image_and_metadata,A1,A5,Reliable,Unreliable,127,0.022098486166695668,0.04116693679092383
InternVL3.5-8B,mixed_image_and_metadata,A1,A5,Uncertain,Reliable,248,0.04315294936488603,0.09649805447470818
InternVL3.5-8B,mixed_image_and_metadata,A1,A5,Uncertain,Uncertain,2295,0.39933878545328,0.8929961089494164
InternVL3.5-8B,mixed_image_and_metadata,A1,A5,Uncertain,Unreliable,27,0.004698103358273882,0.010505836575875487
InternVL3.5-8B,mixed_image_and_metadata,A1,A5,Unreliable,Reliable,1,0.00017400382808421786,0.010869565217391304
InternVL3.5-8B,mixed_image_and_metadata,A1,A5,Unreliable,Uncertain,91,0.015834348355663823,0.9891304347826086
InternVL3.5-8B,mixed_image_and_metadata,A1,A5,Unreliable,Unreliable,0,0.0,0.0
InternVL3.5-8B,mixed_image_and_metadata,A3,A4,Reliable,Reliable,2990,0.5202714459718114,0.8742690058479532
InternVL3.5-8B,mixed_image_and_metadata,A3,A4,Reliable,Uncertain,430,0.07482164607621368,0.12573099415204678
InternVL3.5-8B,mixed_image_and_metadata,A3,A4,Reliable,Unreliable,0,0.0,0.0
InternVL3.5-8B,mixed_image_and_metadata,A3,A4,Uncertain,Reliable,353,0.061423351313728905,0.1536118363794604
InternVL3.5-8B,mixed_image_and_metadata,A3,A4,Uncertain,Uncertain,1945,0.33843744562380373,0.8463881636205396
InternVL3.5-8B,mixed_image_and_metadata,A3,A4,Uncertain,Unreliable,0,0.0,0.0
InternVL3.5-8B,mixed_image_and_metadata,A3,A4,Unreliable,Reliable,0,0.0,0.0
InternVL3.5-8B,mixed_image_and_metadata,A3,A4,Unreliable,Uncertain,24,0.0041760918740212285,0.8275862068965517
InternVL3.5-8B,mixed_image_and_metadata,A3,A4,Unreliable,Unreliable,5,0.0008700191404210892,0.1724137931034483
InternVL3.5-8B,mixed_image_and_metadata,A3,A5,Reliable,Reliable,1362,0.2369932138507047,0.39824561403508774
InternVL3.5-8B,mixed_image_and_metadata,A3,A5,Reliable,Uncertain,1927,0.3353053767182878,0.5634502923976609
InternVL3.5-8B,mixed_image_and_metadata,A3,A5,Reliable,Unreliable,131,0.022794501479032538,0.038304093567251465
InternVL3.5-8B,mixed_image_and_metadata,A3,A5,Uncertain,Reliable,153,0.02662258569688533,0.06657963446475196
InternVL3.5-8B,mixed_image_and_metadata,A3,A5,Uncertain,Uncertain,2122,0.3692361231947103,0.9234116623150566
InternVL3.5-8B,mixed_image_and_metadata,A3,A5,Uncertain,Unreliable,23,0.00400208804593701,0.010008703220191472
InternVL3.5-8B,mixed_image_and_metadata,A3,A5,Unreliable,Reliable,0,0.0,0.0
InternVL3.5-8B,mixed_image_and_metadata,A3,A5,Unreliable,Uncertain,29,0.005046111014442318,1.0
InternVL3.5-8B,mixed_image_and_metadata,A3,A5,Unreliable,Unreliable,0,0.0,0.0
GLM-4.6V-Flash,text_only,A1,A2,Reliable,Reliable,3617,0.6293718461806159,0.9725732723850498
GLM-4.6V-Flash,text_only,A1,A2,Reliable,Uncertain,16,0.002784061249347486,0.004302231782737295
GLM-4.6V-Flash,text_only,A1,A2,Reliable,Unreliable,86,0.014964329215242735,0.02312449583221296
GLM-4.6V-Flash,text_only,A1,A2,Uncertain,Reliable,20,0.003480076561684357,0.4
GLM-4.6V-Flash,text_only,A1,A2,Uncertain,Uncertain,25,0.004350095702105447,0.5
GLM-4.6V-Flash,text_only,A1,A2,Uncertain,Unreliable,5,0.0008700191404210892,0.1
GLM-4.6V-Flash,text_only,A1,A2,Unreliable,Reliable,146,0.025404558900295807,0.07381193124368049
GLM-4.6V-Flash,text_only,A1,A2,Unreliable,Uncertain,16,0.002784061249347486,0.008088978766430738
GLM-4.6V-Flash,text_only,A1,A2,Unreliable,Unreliable,1816,0.3159909518009396,0.9180990899898888
GLM-4.6V-Flash,text_only,A2,A3,Reliable,Reliable,3630,0.6316338959457108,0.9595559080095163
GLM-4.6V-Flash,text_only,A2,A3,Reliable,Uncertain,25,0.004350095702105447,0.006608511763150938
GLM-4.6V-Flash,text_only,A2,A3,Reliable,Unreliable,128,0.022272489994779886,0.0338355802273328
GLM-4.6V-Flash,text_only,A2,A3,Uncertain,Reliable,1,0.00017400382808421786,0.017543859649122806
GLM-4.6V-Flash,text_only,A2,A3,Uncertain,Uncertain,50,0.008700191404210893,0.8771929824561403
GLM-4.6V-Flash,text_only,A2,A3,Uncertain,Unreliable,6,0.0010440229685053071,0.10526315789473684
GLM-4.6V-Flash,text_only,A2,A3,Unreliable,Reliable,65,0.01131024882547416,0.03408495018353435
GLM-4.6V-Flash,text_only,A2,A3,Unreliable,Uncertain,25,0.004350095702105447,0.013109596224436287
GLM-4.6V-Flash,text_only,A2,A3,Unreliable,Unreliable,1817,0.31616495562902386,0.9528054535920294
GLM-4.6V-Flash,text_only,A1,A3,Reliable,Reliable,3529,0.6140595093092048,0.9489109975799946
GLM-4.6V-Flash,text_only,A1,A3,Reliable,Uncertain,40,0.006960153123368714,0.010755579456843238
GLM-4.6V-Flash,text_only,A1,A3,Reliable,Unreliable,150,0.026100574212632677,0.04033342296316214
GLM-4.6V-Flash,text_only,A1,A3,Uncertain,Reliable,17,0.0029580650774317036,0.34
GLM-4.6V-Flash,text_only,A1,A3,Uncertain,Uncertain,31,0.005394118670610753,0.62
GLM-4.6V-Flash,text_only,A1,A3,Uncertain,Unreliable,2,0.0003480076561684357,0.04
GLM-4.6V-Flash,text_only,A1,A3,Unreliable,Reliable,150,0.026100574212632677,0.07583417593528817
GLM-4.6V-Flash,text_only,A1,A3,Unreliable,Uncertain,29,0.005046111014442318,0.014661274014155713
GLM-4.6V-Flash,text_only,A1,A3,Unreliable,Unreliable,1799,0.31303288672350793,0.9095045500505561
GLM-4.6V-Flash,image_representation,A2,A4,Reliable,Reliable,3281,0.5709065599443188,0.8673010837959292
GLM-4.6V-Flash,image_representation,A2,A4,Reliable,Uncertain,30,0.005220114842526535,0.007930214115781126
GLM-4.6V-Flash,image_representation,A2,A4,Reliable,Unreliable,472,0.08212980685575083,0.12476870208828972
GLM-4.6V-Flash,image_representation,A2,A4,Uncertain,Reliable,21,0.0036540803897685747,0.3684210526315789
GLM-4.6V-Flash,image_representation,A2,A4,Uncertain,Uncertain,11,0.0019140421089263965,0.19298245614035087
GLM-4.6V-Flash,image_representation,A2,A4,Uncertain,Unreliable,25,0.004350095702105447,0.43859649122807015
GLM-4.6V-Flash,image_representation,A2,A4,Unreliable,Reliable,658,0.11449451887941535,0.3450445726271631
GLM-4.6V-Flash,image_representation,A2,A4,Unreliable,Uncertain,23,0.00400208804593701,0.012060828526481384
GLM-4.6V-Flash,image_representation,A2,A4,Unreliable,Unreliable,1226,0.2133286932312511,0.6428945988463556
GLM-4.6V-Flash,image_representation,A2,A5,Reliable,Reliable,1873,0.32590917000174,0.4951097012952683
GLM-4.6V-Flash,image_representation,A2,A5,Reliable,Uncertain,539,0.09378806333739342,0.14247951361353423
GLM-4.6V-Flash,image_representation,A2,A5,Reliable,Unreliable,1371,0.23855924830346267,0.36241078509119745
GLM-4.6V-Flash,image_representation,A2,A5,Uncertain,Reliable,4,0.0006960153123368715,0.07017543859649122
GLM-4.6V-Flash,image_representation,A2,A5,Uncertain,Uncertain,26,0.004524099530189664,0.45614035087719296
GLM-4.6V-Flash,image_representation,A2,A5,Uncertain,Unreliable,27,0.004698103358273882,0.47368421052631576
GLM-4.6V-Flash,image_representation,A2,A5,Unreliable,Reliable,286,0.049765094832086305,0.14997378080755114
GLM-4.6V-Flash,image_representation,A2,A5,Unreliable,Uncertain,517,0.08995997911954064,0.2711064499213424
GLM-4.6V-Flash,image_representation,A2,A5,Unreliable,Unreliable,1104,0.19210022620497652,0.5789197692711064
GLM-4.6V-Flash,image_representation,A4,A5,Reliable,Reliable,1965,0.3419175221854881,0.4962121212121212
GLM-4.6V-Flash,image_representation,A4,A5,Reliable,Uncertain,529,0.09204802505655124,0.13358585858585859
GLM-4.6V-Flash,image_representation,A4,A5,Reliable,Unreliable,1466,0.25508961197146335,0.3702020202020202
GLM-4.6V-Flash,image_representation,A4,A5,Uncertain,Reliable,4,0.0006960153123368715,0.0625
GLM-4.6V-Flash,image_representation,A4,A5,Uncertain,Uncertain,37,0.006438141639116061,0.578125
GLM-4.6V-Flash,image_representation,A4,A5,Uncertain,Unreliable,23,0.00400208804593701,0.359375
GLM-4.6V-Flash,image_representation,A4,A5,Unreliable,Reliable,194,0.033756742648338264,0.11259431224608242
GLM-4.6V-Flash,image_representation,A4,A5,Unreliable,Uncertain,516,0.08978597529145642,0.2994776552524666
GLM-4.6V-Flash,image_representation,A4,A5,Unreliable,Unreliable,1013,0.1762658778493127,0.587928032501451
GLM-4.6V-Flash,mixed_image_and_metadata,A1,A4,Reliable,Reliable,3200,0.5568122498694972,0.860446356547459
GLM-4.6V-Flash,mixed_image_and_metadata,A1,A4,Reliable,Uncertain,35,0.0060901339829476245,0.009411132024737832
GLM-4.6V-Flash,mixed_image_and_metadata,A1,A4,Reliable,Unreliable,484,0.08421785279276144,0.13014251142780317
GLM-4.6V-Flash,mixed_image_and_metadata,A1,A4,Uncertain,Reliable,24,0.0041760918740212285,0.48
GLM-4.6V-Flash,mixed_image_and_metadata,A1,A4,Uncertain,Uncertain,5,0.0008700191404210892,0.1
GLM-4.6V-Flash,mixed_image_and_metadata,A1,A4,Uncertain,Unreliable,21,0.0036540803897685747,0.42
GLM-4.6V-Flash,mixed_image_and_metadata,A1,A4,Unreliable,Reliable,736,0.12806681746998433,0.37209302325581395
GLM-4.6V-Flash,mixed_image_and_metadata,A1,A4,Unreliable,Uncertain,24,0.0041760918740212285,0.012133468149646108
GLM-4.6V-Flash,mixed_image_and_metadata,A1,A4,Unreliable,Unreliable,1218,0.21193666260657734,0.6157735085945399
GLM-4.6V-Flash,mixed_image_and_metadata,A1,A5,Reliable,Reliable,1838,0.3198190360187924,0.49421887604194675
GLM-4.6V-Flash,mixed_image_and_metadata,A1,A5,Reliable,Uncertain,537,0.09344005568122499,0.14439365420812048
GLM-4.6V-Flash,mixed_image_and_metadata,A1,A5,Reliable,Unreliable,1344,0.23386114494518878,0.3613874697499328
GLM-4.6V-Flash,mixed_image_and_metadata,A1,A5,Uncertain,Reliable,10,0.0017400382808421785,0.2
GLM-4.6V-Flash,mixed_image_and_metadata,A1,A5,Uncertain,Uncertain,17,0.0029580650774317036,0.34
GLM-4.6V-Flash,mixed_image_and_metadata,A1,A5,Uncertain,Unreliable,23,0.00400208804593701,0.46
GLM-4.6V-Flash,mixed_image_and_metadata,A1,A5,Unreliable,Reliable,315,0.05481120584652863,0.15925176946410516
GLM-4.6V-Flash,mixed_image_and_metadata,A1,A5,Unreliable,Uncertain,528,0.09187402122846702,0.26693629929221435
GLM-4.6V-Flash,mixed_image_and_metadata,A1,A5,Unreliable,Unreliable,1135,0.19749434487558726,0.5738119312436805
GLM-4.6V-Flash,mixed_image_and_metadata,A3,A4,Reliable,Reliable,3257,0.5667304680702976,0.8812229437229437
GLM-4.6V-Flash,mixed_image_and_metadata,A3,A4,Reliable,Uncertain,26,0.004524099530189664,0.007034632034632035
GLM-4.6V-Flash,mixed_image_and_metadata,A3,A4,Reliable,Unreliable,413,0.07186358099878197,0.11174242424242424
GLM-4.6V-Flash,mixed_image_and_metadata,A3,A4,Uncertain,Reliable,46,0.00800417609187402,0.46
GLM-4.6V-Flash,mixed_image_and_metadata,A3,A4,Uncertain,Uncertain,16,0.002784061249347486,0.16
GLM-4.6V-Flash,mixed_image_and_metadata,A3,A4,Uncertain,Unreliable,38,0.006612145467200278,0.38
GLM-4.6V-Flash,mixed_image_and_metadata,A3,A4,Unreliable,Reliable,657,0.11432051505133113,0.33675038441824706
GLM-4.6V-Flash,mixed_image_and_metadata,A3,A4,Unreliable,Uncertain,22,0.003828084217852793,0.011276268580215274
GLM-4.6V-Flash,mixed_image_and_metadata,A3,A4,Unreliable,Unreliable,1272,0.2213328693231251,0.6519733470015376
GLM-4.6V-Flash,mixed_image_and_metadata,A3,A5,Reliable,Reliable,1871,0.3255611623455716,0.5062229437229437
GLM-4.6V-Flash,mixed_image_and_metadata,A3,A5,Reliable,Uncertain,491,0.08543587958935096,0.13284632034632035
GLM-4.6V-Flash,mixed_image_and_metadata,A3,A5,Reliable,Unreliable,1334,0.23212110666434663,0.36093073593073594
GLM-4.6V-Flash,mixed_image_and_metadata,A3,A5,Uncertain,Reliable,6,0.0010440229685053071,0.06
GLM-4.6V-Flash,mixed_image_and_metadata,A3,A5,Uncertain,Uncertain,41,0.007134156951452932,0.41
GLM-4.6V-Flash,mixed_image_and_metadata,A3,A5,Uncertain,Unreliable,53,0.009222202888463546,0.53
GLM-4.6V-Flash,mixed_image_and_metadata,A3,A5,Unreliable,Reliable,286,0.049765094832086305,0.14659149154279857
GLM-4.6V-Flash,mixed_image_and_metadata,A3,A5,Unreliable,Uncertain,550,0.09570210544631982,0.28190671450538185
GLM-4.6V-Flash,mixed_image_and_metadata,A3,A5,Unreliable,Unreliable,1115,0.1940142683139029,0.5715017939518195
Phi-4-multimodal,text_only,A1,A2,Reliable,Reliable,4890,0.8508787193318254,0.9809428284854563
Phi-4-multimodal,text_only,A1,A2,Reliable,Uncertain,0,0.0,0.0
Phi-4-multimodal,text_only,A1,A2,Reliable,Unreliable,95,0.016530363668000696,0.01905717151454363
Phi-4-multimodal,text_only,A1,A2,Uncertain,Reliable,0,0.0,
Phi-4-multimodal,text_only,A1,A2,Uncertain,Uncertain,0,0.0,
Phi-4-multimodal,text_only,A1,A2,Uncertain,Unreliable,0,0.0,
Phi-4-multimodal,text_only,A1,A2,Unreliable,Reliable,122,0.021228467026274577,0.16010498687664043
Phi-4-multimodal,text_only,A1,A2,Unreliable,Uncertain,0,0.0,0.0
Phi-4-multimodal,text_only,A1,A2,Unreliable,Unreliable,640,0.11136244997389942,0.8398950131233596
Phi-4-multimodal,text_only,A2,A3,Reliable,Reliable,4131,0.7188098138159039,0.8242218675179569
Phi-4-multimodal,text_only,A2,A3,Reliable,Uncertain,0,0.0,0.0
Phi-4-multimodal,text_only,A2,A3,Reliable,Unreliable,881,0.15329737254219594,0.1757781324820431
Phi-4-multimodal,text_only,A2,A3,Uncertain,Reliable,0,0.0,
Phi-4-multimodal,text_only,A2,A3,Uncertain,Uncertain,0,0.0,
Phi-4-multimodal,text_only,A2,A3,Uncertain,Unreliable,0,0.0,
Phi-4-multimodal,text_only,A2,A3,Unreliable,Reliable,1,0.00017400382808421786,0.0013605442176870747
Phi-4-multimodal,text_only,A2,A3,Unreliable,Uncertain,0,0.0,0.0
Phi-4-multimodal,text_only,A2,A3,Unreliable,Unreliable,734,0.1277188098138159,0.998639455782313
Phi-4-multimodal,text_only,A1,A3,Reliable,Reliable,4128,0.7182878023316513,0.8280842527582748
Phi-4-multimodal,text_only,A1,A3,Reliable,Uncertain,0,0.0,0.0
Phi-4-multimodal,text_only,A1,A3,Reliable,Unreliable,857,0.1491212806681747,0.17191574724172518
Phi-4-multimodal,text_only,A1,A3,Uncertain,Reliable,0,0.0,
Phi-4-multimodal,text_only,A1,A3,Uncertain,Uncertain,0,0.0,
Phi-4-multimodal,text_only,A1,A3,Uncertain,Unreliable,0,0.0,
Phi-4-multimodal,text_only,A1,A3,Unreliable,Reliable,4,0.0006960153123368715,0.005249343832020997
Phi-4-multimodal,text_only,A1,A3,Unreliable,Uncertain,0,0.0,0.0
Phi-4-multimodal,text_only,A1,A3,Unreliable,Unreliable,758,0.13189490168783713,0.994750656167979
Phi-4-multimodal,image_representation,A2,A4,Reliable,Reliable,3424,0.595789107360362,0.6831604150039904
Phi-4-multimodal,image_representation,A2,A4,Reliable,Uncertain,0,0.0,0.0
Phi-4-multimodal,image_representation,A2,A4,Reliable,Unreliable,1588,0.27631807899773797,0.31683958499600956
Phi-4-multimodal,image_representation,A2,A4,Uncertain,Reliable,0,0.0,
Phi-4-multimodal,image_representation,A2,A4,Uncertain,Uncertain,0,0.0,
Phi-4-multimodal,image_representation,A2,A4,Uncertain,Unreliable,0,0.0,
Phi-4-multimodal,image_representation,A2,A4,Unreliable,Reliable,57,0.009918218200800417,0.07755102040816327
Phi-4-multimodal,image_representation,A2,A4,Unreliable,Uncertain,0,0.0,0.0
Phi-4-multimodal,image_representation,A2,A4,Unreliable,Unreliable,678,0.1179745954410997,0.9224489795918367
Phi-4-multimodal,image_representation,A2,A5,Reliable,Reliable,3948,0.6869671132764921,0.7877094972067039
Phi-4-multimodal,image_representation,A2,A5,Reliable,Uncertain,0,0.0,0.0
Phi-4-multimodal,image_representation,A2,A5,Reliable,Unreliable,1064,0.1851400730816078,0.2122905027932961
Phi-4-multimodal,image_representation,A2,A5,Uncertain,Reliable,0,0.0,
Phi-4-multimodal,image_representation,A2,A5,Uncertain,Uncertain,0,0.0,
Phi-4-multimodal,image_representation,A2,A5,Uncertain,Unreliable,0,0.0,
Phi-4-multimodal,image_representation,A2,A5,Unreliable,Reliable,212,0.036888811553854185,0.28843537414965986
Phi-4-multimodal,image_representation,A2,A5,Unreliable,Uncertain,0,0.0,0.0
Phi-4-multimodal,image_representation,A2,A5,Unreliable,Unreliable,523,0.09100400208804593,0.7115646258503401
Phi-4-multimodal,image_representation,A4,A5,Reliable,Reliable,3313,0.5764746824430137,0.951738006320023
Phi-4-multimodal,image_representation,A4,A5,Reliable,Uncertain,0,0.0,0.0
Phi-4-multimodal,image_representation,A4,A5,Reliable,Unreliable,168,0.029232643118148598,0.048261993679977015
Phi-4-multimodal,image_representation,A4,A5,Uncertain,Reliable,0,0.0,
Phi-4-multimodal,image_representation,A4,A5,Uncertain,Uncertain,0,0.0,
Phi-4-multimodal,image_representation,A4,A5,Uncertain,Unreliable,0,0.0,
Phi-4-multimodal,image_representation,A4,A5,Unreliable,Reliable,847,0.14738124238733252,0.3737864077669903
Phi-4-multimodal,image_representation,A4,A5,Unreliable,Uncertain,0,0.0,0.0
Phi-4-multimodal,image_representation,A4,A5,Unreliable,Unreliable,1419,0.24691143205150512,0.6262135922330098
Phi-4-multimodal,mixed_image_and_metadata,A1,A4,Reliable,Reliable,3401,0.5917870193144249,0.682246740220662
Phi-4-multimodal,mixed_image_and_metadata,A1,A4,Reliable,Uncertain,0,0.0,0.0
Phi-4-multimodal,mixed_image_and_metadata,A1,A4,Reliable,Unreliable,1584,0.2756220636854011,0.317753259779338
Phi-4-multimodal,mixed_image_and_metadata,A1,A4,Uncertain,Reliable,0,0.0,
Phi-4-multimodal,mixed_image_and_metadata,A1,A4,Uncertain,Uncertain,0,0.0,
Phi-4-multimodal,mixed_image_and_metadata,A1,A4,Uncertain,Unreliable,0,0.0,
Phi-4-multimodal,mixed_image_and_metadata,A1,A4,Unreliable,Reliable,80,0.013920306246737428,0.10498687664041995
Phi-4-multimodal,mixed_image_and_metadata,A1,A4,Unreliable,Uncertain,0,0.0,0.0
Phi-4-multimodal,mixed_image_and_metadata,A1,A4,Unreliable,Unreliable,682,0.11867061075343657,0.89501312335958
Phi-4-multimodal,mixed_image_and_metadata,A1,A5,Reliable,Reliable,3911,0.680528971637376,0.7845536609829489
Phi-4-multimodal,mixed_image_and_metadata,A1,A5,Reliable,Uncertain,0,0.0,0.0
Phi-4-multimodal,mixed_image_and_metadata,A1,A5,Reliable,Unreliable,1074,0.18688011136244997,0.21544633901705115
Phi-4-multimodal,mixed_image_and_metadata,A1,A5,Uncertain,Reliable,0,0.0,
Phi-4-multimodal,mixed_image_and_metadata,A1,A5,Uncertain,Uncertain,0,0.0,
Phi-4-multimodal,mixed_image_and_metadata,A1,A5,Uncertain,Unreliable,0,0.0,
Phi-4-multimodal,mixed_image_and_metadata,A1,A5,Unreliable,Reliable,249,0.043326953192970245,0.32677165354330706
Phi-4-multimodal,mixed_image_and_metadata,A1,A5,Unreliable,Uncertain,0,0.0,0.0
Phi-4-multimodal,mixed_image_and_metadata,A1,A5,Unreliable,Unreliable,513,0.08926396380720376,0.6732283464566929
Phi-4-multimodal,mixed_image_and_metadata,A3,A4,Reliable,Reliable,3144,0.547068035496781,0.7608906098741529
Phi-4-multimodal,mixed_image_and_metadata,A3,A4,Reliable,Uncertain,0,0.0,0.0
Phi-4-multimodal,mixed_image_and_metadata,A3,A4,Reliable,Unreliable,988,0.17191578214720724,0.23910939012584706
Phi-4-multimodal,mixed_image_and_metadata,A3,A4,Uncertain,Reliable,0,0.0,
Phi-4-multimodal,mixed_image_and_metadata,A3,A4,Uncertain,Uncertain,0,0.0,
Phi-4-multimodal,mixed_image_and_metadata,A3,A4,Uncertain,Unreliable,0,0.0,
Phi-4-multimodal,mixed_image_and_metadata,A3,A4,Unreliable,Reliable,337,0.058639290064381414,0.2086687306501548
Phi-4-multimodal,mixed_image_and_metadata,A3,A4,Unreliable,Uncertain,0,0.0,0.0
Phi-4-multimodal,mixed_image_and_metadata,A3,A4,Unreliable,Unreliable,1278,0.2223768922916304,0.7913312693498452
Phi-4-multimodal,mixed_image_and_metadata,A3,A5,Reliable,Reliable,3481,0.6057073255611624,0.8424491771539206
Phi-4-multimodal,mixed_image_and_metadata,A3,A5,Reliable,Uncertain,0,0.0,0.0
Phi-4-multimodal,mixed_image_and_metadata,A3,A5,Reliable,Unreliable,651,0.11327649208282582,0.15755082284607938
Phi-4-multimodal,mixed_image_and_metadata,A3,A5,Uncertain,Reliable,0,0.0,
Phi-4-multimodal,mixed_image_and_metadata,A3,A5,Uncertain,Uncertain,0,0.0,
Phi-4-multimodal,mixed_image_and_metadata,A3,A5,Uncertain,Unreliable,0,0.0,
Phi-4-multimodal,mixed_image_and_metadata,A3,A5,Unreliable,Reliable,679,0.11814859926918392,0.42043343653250775
Phi-4-multimodal,mixed_image_and_metadata,A3,A5,Unreliable,Uncertain,0,0.0,0.0
Phi-4-multimodal,mixed_image_and_metadata,A3,A5,Unreliable,Unreliable,936,0.16286758308682792,0.5795665634674922
Gemma-4-12B,text_only,A1,A2,Reliable,Reliable,5553,0.9662432573516617,0.9946265448683503
Gemma-4-12B,text_only,A1,A2,Reliable,Uncertain,0,0.0,0.0
Gemma-4-12B,text_only,A1,A2,Reliable,Unreliable,30,0.005220114842526535,0.0053734551316496505
Gemma-4-12B,text_only,A1,A2,Uncertain,Reliable,0,0.0,
Gemma-4-12B,text_only,A1,A2,Uncertain,Uncertain,0,0.0,
Gemma-4-12B,text_only,A1,A2,Uncertain,Unreliable,0,0.0,
Gemma-4-12B,text_only,A1,A2,Unreliable,Reliable,42,0.007308160779537149,0.25609756097560976
Gemma-4-12B,text_only,A1,A2,Unreliable,Uncertain,0,0.0,0.0
Gemma-4-12B,text_only,A1,A2,Unreliable,Unreliable,122,0.021228467026274577,0.7439024390243902
Gemma-4-12B,text_only,A2,A3,Reliable,Reliable,5419,0.9429267443883765,0.9685433422698838
Gemma-4-12B,text_only,A2,A3,Reliable,Uncertain,0,0.0,0.0
Gemma-4-12B,text_only,A2,A3,Reliable,Unreliable,176,0.030624673742822343,0.031456657730116175
Gemma-4-12B,text_only,A2,A3,Uncertain,Reliable,0,0.0,
Gemma-4-12B,text_only,A2,A3,Uncertain,Uncertain,0,0.0,
Gemma-4-12B,text_only,A2,A3,Uncertain,Unreliable,0,0.0,
Gemma-4-12B,text_only,A2,A3,Unreliable,Reliable,5,0.0008700191404210892,0.03289473684210526
Gemma-4-12B,text_only,A2,A3,Unreliable,Uncertain,0,0.0,0.0
Gemma-4-12B,text_only,A2,A3,Unreliable,Unreliable,147,0.025578562728380026,0.9671052631578947
Gemma-4-12B,text_only,A1,A3,Reliable,Reliable,5415,0.9422307290760397,0.9699086512627619
Gemma-4-12B,text_only,A1,A3,Reliable,Uncertain,0,0.0,0.0
Gemma-4-12B,text_only,A1,A3,Reliable,Unreliable,168,0.029232643118148598,0.030091348737238045
Gemma-4-12B,text_only,A1,A3,Uncertain,Reliable,0,0.0,
Gemma-4-12B,text_only,A1,A3,Uncertain,Uncertain,0,0.0,
Gemma-4-12B,text_only,A1,A3,Uncertain,Unreliable,0,0.0,
Gemma-4-12B,text_only,A1,A3,Unreliable,Reliable,9,0.0015660344527579607,0.054878048780487805
Gemma-4-12B,text_only,A1,A3,Unreliable,Uncertain,0,0.0,0.0
Gemma-4-12B,text_only,A1,A3,Unreliable,Unreliable,155,0.026970593353053768,0.9451219512195121
Gemma-4-12B,image_representation,A2,A4,Reliable,Reliable,5439,0.9464068209500609,0.972117962466488
Gemma-4-12B,image_representation,A2,A4,Reliable,Uncertain,0,0.0,0.0
Gemma-4-12B,image_representation,A2,A4,Reliable,Unreliable,156,0.027144597181137986,0.027882037533512063
Gemma-4-12B,image_representation,A2,A4,Uncertain,Reliable,0,0.0,
Gemma-4-12B,image_representation,A2,A4,Uncertain,Uncertain,0,0.0,
Gemma-4-12B,image_representation,A2,A4,Uncertain,Unreliable,0,0.0,
Gemma-4-12B,image_representation,A2,A4,Unreliable,Reliable,108,0.01879241343309553,0.7105263157894737
Gemma-4-12B,image_representation,A2,A4,Unreliable,Uncertain,0,0.0,0.0
Gemma-4-12B,image_representation,A2,A4,Unreliable,Unreliable,44,0.007656168435705586,0.2894736842105263
Gemma-4-12B,image_representation,A2,A5,Reliable,Reliable,5180,0.9013398294762485,0.9258266309204647
Gemma-4-12B,image_representation,A2,A5,Reliable,Uncertain,0,0.0,0.0
Gemma-4-12B,image_representation,A2,A5,Reliable,Unreliable,415,0.0722115886549504,0.0741733690795353
Gemma-4-12B,image_representation,A2,A5,Uncertain,Reliable,0,0.0,
Gemma-4-12B,image_representation,A2,A5,Uncertain,Uncertain,0,0.0,
Gemma-4-12B,image_representation,A2,A5,Uncertain,Unreliable,0,0.0,
Gemma-4-12B,image_representation,A2,A5,Unreliable,Reliable,81,0.014094310074821646,0.5328947368421053
Gemma-4-12B,image_representation,A2,A5,Unreliable,Uncertain,0,0.0,0.0
Gemma-4-12B,image_representation,A2,A5,Unreliable,Unreliable,71,0.012354271793979467,0.46710526315789475
Gemma-4-12B,image_representation,A4,A5,Reliable,Reliable,5225,0.9091700017400383,0.9419506039300523
Gemma-4-12B,image_representation,A4,A5,Reliable,Uncertain,0,0.0,0.0
Gemma-4-12B,image_representation,A4,A5,Reliable,Unreliable,322,0.05602923264311815,0.05804939606994772
Gemma-4-12B,image_representation,A4,A5,Uncertain,Reliable,0,0.0,
Gemma-4-12B,image_representation,A4,A5,Uncertain,Uncertain,0,0.0,
Gemma-4-12B,image_representation,A4,A5,Uncertain,Unreliable,0,0.0,
Gemma-4-12B,image_representation,A4,A5,Unreliable,Reliable,36,0.006264137811031843,0.18
Gemma-4-12B,image_representation,A4,A5,Unreliable,Uncertain,0,0.0,0.0
Gemma-4-12B,image_representation,A4,A5,Unreliable,Unreliable,164,0.02853662780581173,0.82
Gemma-4-12B,mixed_image_and_metadata,A1,A4,Reliable,Reliable,5430,0.944840786497303,0.9725953788285868
Gemma-4-12B,mixed_image_and_metadata,A1,A4,Reliable,Uncertain,0,0.0,0.0
Gemma-4-12B,mixed_image_and_metadata,A1,A4,Reliable,Unreliable,153,0.02662258569688533,0.027404621171413217
Gemma-4-12B,mixed_image_and_metadata,A1,A4,Uncertain,Reliable,0,0.0,
Gemma-4-12B,mixed_image_and_metadata,A1,A4,Uncertain,Uncertain,0,0.0,
Gemma-4-12B,mixed_image_and_metadata,A1,A4,Uncertain,Unreliable,0,0.0,
Gemma-4-12B,mixed_image_and_metadata,A1,A4,Unreliable,Reliable,117,0.02035844788585349,0.7134146341463414
Gemma-4-12B,mixed_image_and_metadata,A1,A4,Unreliable,Uncertain,0,0.0,0.0
Gemma-4-12B,mixed_image_and_metadata,A1,A4,Unreliable,Unreliable,47,0.008178179919958239,0.2865853658536585
Gemma-4-12B,mixed_image_and_metadata,A1,A5,Reliable,Reliable,5172,0.8999477988515747,0.9263836646963998
Gemma-4-12B,mixed_image_and_metadata,A1,A5,Reliable,Uncertain,0,0.0,0.0
Gemma-4-12B,mixed_image_and_metadata,A1,A5,Reliable,Unreliable,411,0.07151557334261353,0.07361633530360022
Gemma-4-12B,mixed_image_and_metadata,A1,A5,Uncertain,Reliable,0,0.0,
Gemma-4-12B,mixed_image_and_metadata,A1,A5,Uncertain,Uncertain,0,0.0,
Gemma-4-12B,mixed_image_and_metadata,A1,A5,Uncertain,Unreliable,0,0.0,
Gemma-4-12B,mixed_image_and_metadata,A1,A5,Unreliable,Reliable,89,0.015486340699495388,0.5426829268292683
Gemma-4-12B,mixed_image_and_metadata,A1,A5,Unreliable,Uncertain,0,0.0,0.0
Gemma-4-12B,mixed_image_and_metadata,A1,A5,Unreliable,Unreliable,75,0.013050287106316338,0.4573170731707317
Gemma-4-12B,mixed_image_and_metadata,A3,A4,Reliable,Reliable,5331,0.9276144075169653,0.9828539823008849
Gemma-4-12B,mixed_image_and_metadata,A3,A4,Reliable,Uncertain,0,0.0,0.0
Gemma-4-12B,mixed_image_and_metadata,A3,A4,Reliable,Unreliable,93,0.01618235601183226,0.017146017699115043
Gemma-4-12B,mixed_image_and_metadata,A3,A4,Uncertain,Reliable,0,0.0,
Gemma-4-12B,mixed_image_and_metadata,A3,A4,Uncertain,Uncertain,0,0.0,
Gemma-4-12B,mixed_image_and_metadata,A3,A4,Uncertain,Unreliable,0,0.0,
Gemma-4-12B,mixed_image_and_metadata,A3,A4,Unreliable,Reliable,216,0.03758482686619106,0.6687306501547987
Gemma-4-12B,mixed_image_and_metadata,A3,A4,Unreliable,Uncertain,0,0.0,0.0
Gemma-4-12B,mixed_image_and_metadata,A3,A4,Unreliable,Unreliable,107,0.01861840960501131,0.33126934984520123
Gemma-4-12B,mixed_image_and_metadata,A3,A5,Reliable,Reliable,5105,0.8882895423699322,0.9411873156342183
Gemma-4-12B,mixed_image_and_metadata,A3,A5,Reliable,Uncertain,0,0.0,0.0
Gemma-4-12B,mixed_image_and_metadata,A3,A5,Reliable,Unreliable,319,0.05550722115886549,0.05881268436578171
Gemma-4-12B,mixed_image_and_metadata,A3,A5,Uncertain,Reliable,0,0.0,
Gemma-4-12B,mixed_image_and_metadata,A3,A5,Uncertain,Uncertain,0,0.0,
Gemma-4-12B,mixed_image_and_metadata,A3,A5,Uncertain,Unreliable,0,0.0,
Gemma-4-12B,mixed_image_and_metadata,A3,A5,Unreliable,Reliable,156,0.027144597181137986,0.48297213622291024
Gemma-4-12B,mixed_image_and_metadata,A3,A5,Unreliable,Uncertain,0,0.0,0.0
Gemma-4-12B,mixed_image_and_metadata,A3,A5,Unreliable,Unreliable,167,0.029058639290064383,0.5170278637770898
Qwen3-VL-2B,text_only,A1,A2,Reliable,Reliable,5729,0.9968679310944841,1.0
Qwen3-VL-2B,text_only,A1,A2,Reliable,Uncertain,0,0.0,0.0
Qwen3-VL-2B,text_only,A1,A2,Reliable,Unreliable,0,0.0,0.0
Qwen3-VL-2B,text_only,A1,A2,Uncertain,Reliable,16,0.002784061249347486,0.8888888888888888
Qwen3-VL-2B,text_only,A1,A2,Uncertain,Uncertain,2,0.0003480076561684357,0.1111111111111111
Qwen3-VL-2B,text_only,A1,A2,Uncertain,Unreliable,0,0.0,0.0
Qwen3-VL-2B,text_only,A1,A2,Unreliable,Reliable,0,0.0,
Qwen3-VL-2B,text_only,A1,A2,Unreliable,Uncertain,0,0.0,
Qwen3-VL-2B,text_only,A1,A2,Unreliable,Unreliable,0,0.0,
Qwen3-VL-2B,text_only,A2,A3,Reliable,Reliable,5743,0.9994778976679429,0.9998259052924791
Qwen3-VL-2B,text_only,A2,A3,Reliable,Uncertain,1,0.0001740341106856944,0.00017409470752089137
Qwen3-VL-2B,text_only,A2,A3,Reliable,Unreliable,0,0.0,0.0
Qwen3-VL-2B,text_only,A2,A3,Uncertain,Reliable,1,0.0001740341106856944,0.5
Qwen3-VL-2B,text_only,A2,A3,Uncertain,Uncertain,1,0.0001740341106856944,0.5
Qwen3-VL-2B,text_only,A2,A3,Uncertain,Unreliable,0,0.0,0.0
Qwen3-VL-2B,text_only,A2,A3,Unreliable,Reliable,0,0.0,
Qwen3-VL-2B,text_only,A2,A3,Unreliable,Uncertain,0,0.0,
Qwen3-VL-2B,text_only,A2,A3,Unreliable,Unreliable,0,0.0,
Qwen3-VL-2B,text_only,A1,A3,Reliable,Reliable,5728,0.9968673860076575,1.0
Qwen3-VL-2B,text_only,A1,A3,Reliable,Uncertain,0,0.0,0.0
Qwen3-VL-2B,text_only,A1,A3,Reliable,Unreliable,0,0.0,0.0
Qwen3-VL-2B,text_only,A1,A3,Uncertain,Reliable,16,0.0027845457709711106,0.8888888888888888
Qwen3-VL-2B,text_only,A1,A3,Uncertain,Uncertain,2,0.0003480682213713888,0.1111111111111111
Qwen3-VL-2B,text_only,A1,A3,Uncertain,Unreliable,0,0.0,0.0
Qwen3-VL-2B,text_only,A1,A3,Unreliable,Reliable,0,0.0,
Qwen3-VL-2B,text_only,A1,A3,Unreliable,Uncertain,0,0.0,
Qwen3-VL-2B,text_only,A1,A3,Unreliable,Unreliable,0,0.0,
Qwen3-VL-2B,image_representation,A2,A4,Reliable,Reliable,5703,0.9923438315642944,0.9926892950391645
Qwen3-VL-2B,image_representation,A2,A4,Reliable,Uncertain,42,0.007308160779537149,0.007310704960835509
Qwen3-VL-2B,image_representation,A2,A4,Reliable,Unreliable,0,0.0,0.0
Qwen3-VL-2B,image_representation,A2,A4,Uncertain,Reliable,0,0.0,0.0
Qwen3-VL-2B,image_representation,A2,A4,Uncertain,Uncertain,2,0.0003480076561684357,1.0
Qwen3-VL-2B,image_representation,A2,A4,Uncertain,Unreliable,0,0.0,0.0
Qwen3-VL-2B,image_representation,A2,A4,Unreliable,Reliable,0,0.0,
Qwen3-VL-2B,image_representation,A2,A4,Unreliable,Uncertain,0,0.0,
Qwen3-VL-2B,image_representation,A2,A4,Unreliable,Unreliable,0,0.0,
Qwen3-VL-2B,image_representation,A2,A5,Reliable,Reliable,4550,0.7918552036199095,0.7921309192200557
Qwen3-VL-2B,image_representation,A2,A5,Reliable,Uncertain,1194,0.2077967281587191,0.2078690807799443
Qwen3-VL-2B,image_representation,A2,A5,Reliable,Unreliable,0,0.0,0.0
Qwen3-VL-2B,image_representation,A2,A5,Uncertain,Reliable,1,0.0001740341106856944,0.5
Qwen3-VL-2B,image_representation,A2,A5,Uncertain,Uncertain,1,0.0001740341106856944,0.5
Qwen3-VL-2B,image_representation,A2,A5,Uncertain,Unreliable,0,0.0,0.0
Qwen3-VL-2B,image_representation,A2,A5,Unreliable,Reliable,0,0.0,
Qwen3-VL-2B,image_representation,A2,A5,Unreliable,Uncertain,0,0.0,
Qwen3-VL-2B,image_representation,A2,A5,Unreliable,Unreliable,0,0.0,
Qwen3-VL-2B,image_representation,A4,A5,Reliable,Reliable,4529,0.78820048729551,0.7942827078218169
Qwen3-VL-2B,image_representation,A4,A5,Reliable,Uncertain,1173,0.20414201183431951,0.2057172921781831
Qwen3-VL-2B,image_representation,A4,A5,Reliable,Unreliable,0,0.0,0.0
Qwen3-VL-2B,image_representation,A4,A5,Uncertain,Reliable,22,0.0038287504350852765,0.5
Qwen3-VL-2B,image_representation,A4,A5,Uncertain,Uncertain,22,0.0038287504350852765,0.5
Qwen3-VL-2B,image_representation,A4,A5,Uncertain,Unreliable,0,0.0,0.0
Qwen3-VL-2B,image_representation,A4,A5,Unreliable,Reliable,0,0.0,
Qwen3-VL-2B,image_representation,A4,A5,Unreliable,Uncertain,0,0.0,
Qwen3-VL-2B,image_representation,A4,A5,Unreliable,Unreliable,0,0.0,
Qwen3-VL-2B,mixed_image_and_metadata,A1,A4,Reliable,Reliable,5689,0.9899077779711154,0.9930179787048351
Qwen3-VL-2B,mixed_image_and_metadata,A1,A4,Reliable,Uncertain,40,0.006960153123368714,0.00698202129516495
Qwen3-VL-2B,mixed_image_and_metadata,A1,A4,Reliable,Unreliable,0,0.0,0.0
Qwen3-VL-2B,mixed_image_and_metadata,A1,A4,Uncertain,Reliable,14,0.00243605359317905,0.7777777777777778
Qwen3-VL-2B,mixed_image_and_metadata,A1,A4,Uncertain,Uncertain,4,0.0006960153123368715,0.2222222222222222
Qwen3-VL-2B,mixed_image_and_metadata,A1,A4,Uncertain,Unreliable,0,0.0,0.0
Qwen3-VL-2B,mixed_image_and_metadata,A1,A4,Unreliable,Reliable,0,0.0,
Qwen3-VL-2B,mixed_image_and_metadata,A1,A4,Unreliable,Uncertain,0,0.0,
Qwen3-VL-2B,mixed_image_and_metadata,A1,A4,Unreliable,Unreliable,0,0.0,
Qwen3-VL-2B,mixed_image_and_metadata,A1,A5,Reliable,Reliable,4540,0.7901148625130525,0.7925977653631285
Qwen3-VL-2B,mixed_image_and_metadata,A1,A5,Reliable,Uncertain,1188,0.20675252349460493,0.20740223463687152
Qwen3-VL-2B,mixed_image_and_metadata,A1,A5,Reliable,Unreliable,0,0.0,0.0
Qwen3-VL-2B,mixed_image_and_metadata,A1,A5,Uncertain,Reliable,11,0.0019143752175426383,0.6111111111111112
Qwen3-VL-2B,mixed_image_and_metadata,A1,A5,Uncertain,Uncertain,7,0.0012182387747998607,0.3888888888888889
Qwen3-VL-2B,mixed_image_and_metadata,A1,A5,Uncertain,Unreliable,0,0.0,0.0
Qwen3-VL-2B,mixed_image_and_metadata,A1,A5,Unreliable,Reliable,0,0.0,
Qwen3-VL-2B,mixed_image_and_metadata,A1,A5,Unreliable,Uncertain,0,0.0,
Qwen3-VL-2B,mixed_image_and_metadata,A1,A5,Unreliable,Unreliable,0,0.0,
Qwen3-VL-2B,mixed_image_and_metadata,A3,A4,Reliable,Reliable,5702,0.9923424991298294,0.9926880222841226
Qwen3-VL-2B,mixed_image_and_metadata,A3,A4,Reliable,Uncertain,42,0.007309432648799165,0.007311977715877437
Qwen3-VL-2B,mixed_image_and_metadata,A3,A4,Reliable,Unreliable,0,0.0,0.0
Qwen3-VL-2B,mixed_image_and_metadata,A3,A4,Uncertain,Reliable,0,0.0,0.0
Qwen3-VL-2B,mixed_image_and_metadata,A3,A4,Uncertain,Uncertain,2,0.0003480682213713888,1.0
Qwen3-VL-2B,mixed_image_and_metadata,A3,A4,Uncertain,Unreliable,0,0.0,0.0
Qwen3-VL-2B,mixed_image_and_metadata,A3,A4,Unreliable,Reliable,0,0.0,
Qwen3-VL-2B,mixed_image_and_metadata,A3,A4,Unreliable,Uncertain,0,0.0,
Qwen3-VL-2B,mixed_image_and_metadata,A3,A4,Unreliable,Unreliable,0,0.0,
Qwen3-VL-2B,mixed_image_and_metadata,A3,A5,Reliable,Reliable,4549,0.7918189730200174,0.7920947240118406
Qwen3-VL-2B,mixed_image_and_metadata,A3,A5,Reliable,Uncertain,1194,0.20783289817232375,0.2079052759881595
Qwen3-VL-2B,mixed_image_and_metadata,A3,A5,Reliable,Unreliable,0,0.0,0.0
Qwen3-VL-2B,mixed_image_and_metadata,A3,A5,Uncertain,Reliable,2,0.00034812880765883376,1.0
Qwen3-VL-2B,mixed_image_and_metadata,A3,A5,Uncertain,Uncertain,0,0.0,0.0
Qwen3-VL-2B,mixed_image_and_metadata,A3,A5,Uncertain,Unreliable,0,0.0,0.0
Qwen3-VL-2B,mixed_image_and_metadata,A3,A5,Unreliable,Reliable,0,0.0,
Qwen3-VL-2B,mixed_image_and_metadata,A3,A5,Unreliable,Uncertain,0,0.0,
Qwen3-VL-2B,mixed_image_and_metadata,A3,A5,Unreliable,Unreliable,0,0.0,
Qwen2.5-VL-3B,text_only,A1,A2,Reliable,Reliable,5691,0.9902557856272838,1.0
Qwen2.5-VL-3B,text_only,A1,A2,Reliable,Uncertain,0,0.0,0.0
Qwen2.5-VL-3B,text_only,A1,A2,Reliable,Unreliable,0,0.0,0.0
Qwen2.5-VL-3B,text_only,A1,A2,Uncertain,Reliable,0,0.0,
Qwen2.5-VL-3B,text_only,A1,A2,Uncertain,Uncertain,0,0.0,
Qwen2.5-VL-3B,text_only,A1,A2,Uncertain,Unreliable,0,0.0,
Qwen2.5-VL-3B,text_only,A1,A2,Unreliable,Reliable,53,0.009222202888463546,0.9464285714285714
Qwen2.5-VL-3B,text_only,A1,A2,Unreliable,Uncertain,0,0.0,0.0
Qwen2.5-VL-3B,text_only,A1,A2,Unreliable,Unreliable,3,0.0005220114842526536,0.05357142857142857
Qwen2.5-VL-3B,text_only,A2,A3,Reliable,Reliable,5744,0.9994779885157473,1.0
Qwen2.5-VL-3B,text_only,A2,A3,Reliable,Uncertain,0,0.0,0.0
Qwen2.5-VL-3B,text_only,A2,A3,Reliable,Unreliable,0,0.0,0.0
Qwen2.5-VL-3B,text_only,A2,A3,Uncertain,Reliable,0,0.0,
Qwen2.5-VL-3B,text_only,A2,A3,Uncertain,Uncertain,0,0.0,
Qwen2.5-VL-3B,text_only,A2,A3,Uncertain,Unreliable,0,0.0,
Qwen2.5-VL-3B,text_only,A2,A3,Unreliable,Reliable,3,0.0005220114842526536,1.0
Qwen2.5-VL-3B,text_only,A2,A3,Unreliable,Uncertain,0,0.0,0.0
Qwen2.5-VL-3B,text_only,A2,A3,Unreliable,Unreliable,0,0.0,0.0
Qwen2.5-VL-3B,text_only,A1,A3,Reliable,Reliable,5691,0.9902557856272838,1.0
Qwen2.5-VL-3B,text_only,A1,A3,Reliable,Uncertain,0,0.0,0.0
Qwen2.5-VL-3B,text_only,A1,A3,Reliable,Unreliable,0,0.0,0.0
Qwen2.5-VL-3B,text_only,A1,A3,Uncertain,Reliable,0,0.0,
Qwen2.5-VL-3B,text_only,A1,A3,Uncertain,Uncertain,0,0.0,
Qwen2.5-VL-3B,text_only,A1,A3,Uncertain,Unreliable,0,0.0,
Qwen2.5-VL-3B,text_only,A1,A3,Unreliable,Reliable,56,0.0097442143727162,1.0
Qwen2.5-VL-3B,text_only,A1,A3,Unreliable,Uncertain,0,0.0,0.0
Qwen2.5-VL-3B,text_only,A1,A3,Unreliable,Unreliable,0,0.0,0.0
Qwen2.5-VL-3B,image_representation,A2,A4,Reliable,Reliable,5744,0.9994779885157473,1.0
Qwen2.5-VL-3B,image_representation,A2,A4,Reliable,Uncertain,0,0.0,0.0
Qwen2.5-VL-3B,image_representation,A2,A4,Reliable,Unreliable,0,0.0,0.0
Qwen2.5-VL-3B,image_representation,A2,A4,Uncertain,Reliable,0,0.0,
Qwen2.5-VL-3B,image_representation,A2,A4,Uncertain,Uncertain,0,0.0,
Qwen2.5-VL-3B,image_representation,A2,A4,Uncertain,Unreliable,0,0.0,
Qwen2.5-VL-3B,image_representation,A2,A4,Unreliable,Reliable,3,0.0005220114842526536,1.0
Qwen2.5-VL-3B,image_representation,A2,A4,Unreliable,Uncertain,0,0.0,0.0
Qwen2.5-VL-3B,image_representation,A2,A4,Unreliable,Unreliable,0,0.0,0.0
Qwen2.5-VL-3B,image_representation,A2,A5,Reliable,Reliable,5744,0.9994779885157473,1.0
Qwen2.5-VL-3B,image_representation,A2,A5,Reliable,Uncertain,0,0.0,0.0
Qwen2.5-VL-3B,image_representation,A2,A5,Reliable,Unreliable,0,0.0,0.0
Qwen2.5-VL-3B,image_representation,A2,A5,Uncertain,Reliable,0,0.0,
Qwen2.5-VL-3B,image_representation,A2,A5,Uncertain,Uncertain,0,0.0,
Qwen2.5-VL-3B,image_representation,A2,A5,Uncertain,Unreliable,0,0.0,
Qwen2.5-VL-3B,image_representation,A2,A5,Unreliable,Reliable,3,0.0005220114842526536,1.0
Qwen2.5-VL-3B,image_representation,A2,A5,Unreliable,Uncertain,0,0.0,0.0
Qwen2.5-VL-3B,image_representation,A2,A5,Unreliable,Unreliable,0,0.0,0.0
Qwen2.5-VL-3B,image_representation,A4,A5,Reliable,Reliable,5747,1.0,1.0
Qwen2.5-VL-3B,image_representation,A4,A5,Reliable,Uncertain,0,0.0,0.0
Qwen2.5-VL-3B,image_representation,A4,A5,Reliable,Unreliable,0,0.0,0.0
Qwen2.5-VL-3B,image_representation,A4,A5,Uncertain,Reliable,0,0.0,
Qwen2.5-VL-3B,image_representation,A4,A5,Uncertain,Uncertain,0,0.0,
Qwen2.5-VL-3B,image_representation,A4,A5,Uncertain,Unreliable,0,0.0,
Qwen2.5-VL-3B,image_representation,A4,A5,Unreliable,Reliable,0,0.0,
Qwen2.5-VL-3B,image_representation,A4,A5,Unreliable,Uncertain,0,0.0,
Qwen2.5-VL-3B,image_representation,A4,A5,Unreliable,Unreliable,0,0.0,
Qwen2.5-VL-3B,mixed_image_and_metadata,A1,A4,Reliable,Reliable,5691,0.9902557856272838,1.0
Qwen2.5-VL-3B,mixed_image_and_metadata,A1,A4,Reliable,Uncertain,0,0.0,0.0
Qwen2.5-VL-3B,mixed_image_and_metadata,A1,A4,Reliable,Unreliable,0,0.0,0.0
Qwen2.5-VL-3B,mixed_image_and_metadata,A1,A4,Uncertain,Reliable,0,0.0,
Qwen2.5-VL-3B,mixed_image_and_metadata,A1,A4,Uncertain,Uncertain,0,0.0,
Qwen2.5-VL-3B,mixed_image_and_metadata,A1,A4,Uncertain,Unreliable,0,0.0,
Qwen2.5-VL-3B,mixed_image_and_metadata,A1,A4,Unreliable,Reliable,56,0.0097442143727162,1.0
Qwen2.5-VL-3B,mixed_image_and_metadata,A1,A4,Unreliable,Uncertain,0,0.0,0.0
Qwen2.5-VL-3B,mixed_image_and_metadata,A1,A4,Unreliable,Unreliable,0,0.0,0.0
Qwen2.5-VL-3B,mixed_image_and_metadata,A1,A5,Reliable,Reliable,5691,0.9902557856272838,1.0
Qwen2.5-VL-3B,mixed_image_and_metadata,A1,A5,Reliable,Uncertain,0,0.0,0.0
Qwen2.5-VL-3B,mixed_image_and_metadata,A1,A5,Reliable,Unreliable,0,0.0,0.0
Qwen2.5-VL-3B,mixed_image_and_metadata,A1,A5,Uncertain,Reliable,0,0.0,
Qwen2.5-VL-3B,mixed_image_and_metadata,A1,A5,Uncertain,Uncertain,0,0.0,
Qwen2.5-VL-3B,mixed_image_and_metadata,A1,A5,Uncertain,Unreliable,0,0.0,
Qwen2.5-VL-3B,mixed_image_and_metadata,A1,A5,Unreliable,Reliable,56,0.0097442143727162,1.0
Qwen2.5-VL-3B,mixed_image_and_metadata,A1,A5,Unreliable,Uncertain,0,0.0,0.0
Qwen2.5-VL-3B,mixed_image_and_metadata,A1,A5,Unreliable,Unreliable,0,0.0,0.0
Qwen2.5-VL-3B,mixed_image_and_metadata,A3,A4,Reliable,Reliable,5747,1.0,1.0
Qwen2.5-VL-3B,mixed_image_and_metadata,A3,A4,Reliable,Uncertain,0,0.0,0.0
Qwen2.5-VL-3B,mixed_image_and_metadata,A3,A4,Reliable,Unreliable,0,0.0,0.0
Qwen2.5-VL-3B,mixed_image_and_metadata,A3,A4,Uncertain,Reliable,0,0.0,
Qwen2.5-VL-3B,mixed_image_and_metadata,A3,A4,Uncertain,Uncertain,0,0.0,
Qwen2.5-VL-3B,mixed_image_and_metadata,A3,A4,Uncertain,Unreliable,0,0.0,
Qwen2.5-VL-3B,mixed_image_and_metadata,A3,A4,Unreliable,Reliable,0,0.0,
Qwen2.5-VL-3B,mixed_image_and_metadata,A3,A4,Unreliable,Uncertain,0,0.0,
Qwen2.5-VL-3B,mixed_image_and_metadata,A3,A4,Unreliable,Unreliable,0,0.0,
Qwen2.5-VL-3B,mixed_image_and_metadata,A3,A5,Reliable,Reliable,5747,1.0,1.0
Qwen2.5-VL-3B,mixed_image_and_metadata,A3,A5,Reliable,Uncertain,0,0.0,0.0
Qwen2.5-VL-3B,mixed_image_and_metadata,A3,A5,Reliable,Unreliable,0,0.0,0.0
Qwen2.5-VL-3B,mixed_image_and_metadata,A3,A5,Uncertain,Reliable,0,0.0,
Qwen2.5-VL-3B,mixed_image_and_metadata,A3,A5,Uncertain,Uncertain,0,0.0,
Qwen2.5-VL-3B,mixed_image_and_metadata,A3,A5,Uncertain,Unreliable,0,0.0,
Qwen2.5-VL-3B,mixed_image_and_metadata,A3,A5,Unreliable,Reliable,0,0.0,
Qwen2.5-VL-3B,mixed_image_and_metadata,A3,A5,Unreliable,Uncertain,0,0.0,
Qwen2.5-VL-3B,mixed_image_and_metadata,A3,A5,Unreliable,Unreliable,0,0.0,
InternVL3.5-2B,text_only,A1,A2,Reliable,Reliable,0,0.0,
InternVL3.5-2B,text_only,A1,A2,Reliable,Uncertain,0,0.0,
InternVL3.5-2B,text_only,A1,A2,Reliable,Unreliable,0,0.0,
InternVL3.5-2B,text_only,A1,A2,Uncertain,Reliable,0,0.0,0.0
InternVL3.5-2B,text_only,A1,A2,Uncertain,Uncertain,5532,1.0,1.0
InternVL3.5-2B,text_only,A1,A2,Uncertain,Unreliable,0,0.0,0.0
InternVL3.5-2B,text_only,A1,A2,Unreliable,Reliable,0,0.0,
InternVL3.5-2B,text_only,A1,A2,Unreliable,Uncertain,0,0.0,
InternVL3.5-2B,text_only,A1,A2,Unreliable,Unreliable,0,0.0,
InternVL3.5-2B,text_only,A2,A3,Reliable,Reliable,0,0.0,
InternVL3.5-2B,text_only,A2,A3,Reliable,Uncertain,0,0.0,
InternVL3.5-2B,text_only,A2,A3,Reliable,Unreliable,0,0.0,
InternVL3.5-2B,text_only,A2,A3,Uncertain,Reliable,0,0.0,0.0
InternVL3.5-2B,text_only,A2,A3,Uncertain,Uncertain,5405,1.0,1.0
InternVL3.5-2B,text_only,A2,A3,Uncertain,Unreliable,0,0.0,0.0
InternVL3.5-2B,text_only,A2,A3,Unreliable,Reliable,0,0.0,
InternVL3.5-2B,text_only,A2,A3,Unreliable,Uncertain,0,0.0,
InternVL3.5-2B,text_only,A2,A3,Unreliable,Unreliable,0,0.0,
InternVL3.5-2B,text_only,A1,A3,Reliable,Reliable,0,0.0,
InternVL3.5-2B,text_only,A1,A3,Reliable,Uncertain,0,0.0,
InternVL3.5-2B,text_only,A1,A3,Reliable,Unreliable,0,0.0,
InternVL3.5-2B,text_only,A1,A3,Uncertain,Reliable,0,0.0,0.0
InternVL3.5-2B,text_only,A1,A3,Uncertain,Uncertain,5586,1.0,1.0
InternVL3.5-2B,text_only,A1,A3,Uncertain,Unreliable,0,0.0,0.0
InternVL3.5-2B,text_only,A1,A3,Unreliable,Reliable,0,0.0,
InternVL3.5-2B,text_only,A1,A3,Unreliable,Uncertain,0,0.0,
InternVL3.5-2B,text_only,A1,A3,Unreliable,Unreliable,0,0.0,
InternVL3.5-2B,image_representation,A2,A4,Reliable,Reliable,0,0.0,
InternVL3.5-2B,image_representation,A2,A4,Reliable,Uncertain,0,0.0,
InternVL3.5-2B,image_representation,A2,A4,Reliable,Unreliable,0,0.0,
InternVL3.5-2B,image_representation,A2,A4,Uncertain,Reliable,0,0.0,0.0
InternVL3.5-2B,image_representation,A2,A4,Uncertain,Uncertain,5515,1.0,1.0
InternVL3.5-2B,image_representation,A2,A4,Uncertain,Unreliable,0,0.0,0.0
InternVL3.5-2B,image_representation,A2,A4,Unreliable,Reliable,0,0.0,
InternVL3.5-2B,image_representation,A2,A4,Unreliable,Uncertain,0,0.0,
InternVL3.5-2B,image_representation,A2,A4,Unreliable,Unreliable,0,0.0,
InternVL3.5-2B,image_representation,A2,A5,Reliable,Reliable,0,0.0,
InternVL3.5-2B,image_representation,A2,A5,Reliable,Uncertain,0,0.0,
InternVL3.5-2B,image_representation,A2,A5,Reliable,Unreliable,0,0.0,
InternVL3.5-2B,image_representation,A2,A5,Uncertain,Reliable,0,0.0,0.0
InternVL3.5-2B,image_representation,A2,A5,Uncertain,Uncertain,5444,1.0,1.0
InternVL3.5-2B,image_representation,A2,A5,Uncertain,Unreliable,0,0.0,0.0
InternVL3.5-2B,image_representation,A2,A5,Unreliable,Reliable,0,0.0,
InternVL3.5-2B,image_representation,A2,A5,Unreliable,Uncertain,0,0.0,
InternVL3.5-2B,image_representation,A2,A5,Unreliable,Unreliable,0,0.0,
InternVL3.5-2B,image_representation,A4,A5,Reliable,Reliable,0,0.0,
InternVL3.5-2B,image_representation,A4,A5,Reliable,Uncertain,0,0.0,
InternVL3.5-2B,image_representation,A4,A5,Reliable,Unreliable,0,0.0,
InternVL3.5-2B,image_representation,A4,A5,Uncertain,Reliable,0,0.0,0.0
InternVL3.5-2B,image_representation,A4,A5,Uncertain,Uncertain,5633,1.0,1.0
InternVL3.5-2B,image_representation,A4,A5,Uncertain,Unreliable,0,0.0,0.0
InternVL3.5-2B,image_representation,A4,A5,Unreliable,Reliable,0,0.0,
InternVL3.5-2B,image_representation,A4,A5,Unreliable,Uncertain,0,0.0,
InternVL3.5-2B,image_representation,A4,A5,Unreliable,Unreliable,0,0.0,
InternVL3.5-2B,mixed_image_and_metadata,A1,A4,Reliable,Reliable,0,0.0,
InternVL3.5-2B,mixed_image_and_metadata,A1,A4,Reliable,Uncertain,0,0.0,
InternVL3.5-2B,mixed_image_and_metadata,A1,A4,Reliable,Unreliable,0,0.0,
InternVL3.5-2B,mixed_image_and_metadata,A1,A4,Uncertain,Reliable,0,0.0,0.0
InternVL3.5-2B,mixed_image_and_metadata,A1,A4,Uncertain,Uncertain,5721,1.0,1.0
InternVL3.5-2B,mixed_image_and_metadata,A1,A4,Uncertain,Unreliable,0,0.0,0.0
InternVL3.5-2B,mixed_image_and_metadata,A1,A4,Unreliable,Reliable,0,0.0,
InternVL3.5-2B,mixed_image_and_metadata,A1,A4,Unreliable,Uncertain,0,0.0,
InternVL3.5-2B,mixed_image_and_metadata,A1,A4,Unreliable,Unreliable,0,0.0,
InternVL3.5-2B,mixed_image_and_metadata,A1,A5,Reliable,Reliable,0,0.0,
InternVL3.5-2B,mixed_image_and_metadata,A1,A5,Reliable,Uncertain,0,0.0,
InternVL3.5-2B,mixed_image_and_metadata,A1,A5,Reliable,Unreliable,0,0.0,
InternVL3.5-2B,mixed_image_and_metadata,A1,A5,Uncertain,Reliable,0,0.0,0.0
InternVL3.5-2B,mixed_image_and_metadata,A1,A5,Uncertain,Uncertain,5650,1.0,1.0
InternVL3.5-2B,mixed_image_and_metadata,A1,A5,Uncertain,Unreliable,0,0.0,0.0
InternVL3.5-2B,mixed_image_and_metadata,A1,A5,Unreliable,Reliable,0,0.0,
InternVL3.5-2B,mixed_image_and_metadata,A1,A5,Unreliable,Uncertain,0,0.0,
InternVL3.5-2B,mixed_image_and_metadata,A1,A5,Unreliable,Unreliable,0,0.0,
InternVL3.5-2B,mixed_image_and_metadata,A3,A4,Reliable,Reliable,0,0.0,
InternVL3.5-2B,mixed_image_and_metadata,A3,A4,Reliable,Uncertain,0,0.0,
InternVL3.5-2B,mixed_image_and_metadata,A3,A4,Reliable,Unreliable,0,0.0,
InternVL3.5-2B,mixed_image_and_metadata,A3,A4,Uncertain,Reliable,0,0.0,0.0
InternVL3.5-2B,mixed_image_and_metadata,A3,A4,Uncertain,Uncertain,5569,1.0,1.0
InternVL3.5-2B,mixed_image_and_metadata,A3,A4,Uncertain,Unreliable,0,0.0,0.0
InternVL3.5-2B,mixed_image_and_metadata,A3,A4,Unreliable,Reliable,0,0.0,
InternVL3.5-2B,mixed_image_and_metadata,A3,A4,Unreliable,Uncertain,0,0.0,
InternVL3.5-2B,mixed_image_and_metadata,A3,A4,Unreliable,Unreliable,0,0.0,
InternVL3.5-2B,mixed_image_and_metadata,A3,A5,Reliable,Reliable,0,0.0,
InternVL3.5-2B,mixed_image_and_metadata,A3,A5,Reliable,Uncertain,0,0.0,
InternVL3.5-2B,mixed_image_and_metadata,A3,A5,Reliable,Unreliable,0,0.0,
InternVL3.5-2B,mixed_image_and_metadata,A3,A5,Uncertain,Reliable,0,0.0,0.0
InternVL3.5-2B,mixed_image_and_metadata,A3,A5,Uncertain,Uncertain,5497,1.0,1.0
InternVL3.5-2B,mixed_image_and_metadata,A3,A5,Uncertain,Unreliable,0,0.0,0.0
InternVL3.5-2B,mixed_image_and_metadata,A3,A5,Unreliable,Reliable,0,0.0,
InternVL3.5-2B,mixed_image_and_metadata,A3,A5,Unreliable,Uncertain,0,0.0,
InternVL3.5-2B,mixed_image_and_metadata,A3,A5,Unreliable,Unreliable,0,0.0,
InternVL3.5-4B,text_only,A1,A2,Reliable,Reliable,1746,0.3038106838350444,0.7538860103626943
InternVL3.5-4B,text_only,A1,A2,Reliable,Uncertain,7,0.001218026796589525,0.0030224525043177895
InternVL3.5-4B,text_only,A1,A2,Reliable,Unreliable,563,0.09796415521141465,0.24309153713298792
InternVL3.5-4B,text_only,A1,A2,Uncertain,Reliable,60,0.01044022968505307,0.1284796573875803
InternVL3.5-4B,text_only,A1,A2,Uncertain,Uncertain,30,0.005220114842526535,0.06423982869379015
InternVL3.5-4B,text_only,A1,A2,Uncertain,Unreliable,377,0.06559944318775013,0.8072805139186295
InternVL3.5-4B,text_only,A1,A2,Unreliable,Reliable,16,0.002784061249347486,0.005398110661268556
InternVL3.5-4B,text_only,A1,A2,Unreliable,Uncertain,0,0.0,0.0
InternVL3.5-4B,text_only,A1,A2,Unreliable,Unreliable,2948,0.5129632851922742,0.9946018893387314
InternVL3.5-4B,text_only,A2,A3,Reliable,Reliable,1458,0.2536975813467896,0.8002195389681669
InternVL3.5-4B,text_only,A2,A3,Reliable,Uncertain,27,0.004698103358273882,0.014818880351262349
InternVL3.5-4B,text_only,A2,A3,Reliable,Unreliable,337,0.058639290064381414,0.1849615806805708
InternVL3.5-4B,text_only,A2,A3,Uncertain,Reliable,1,0.00017400382808421786,0.02702702702702703
InternVL3.5-4B,text_only,A2,A3,Uncertain,Uncertain,15,0.0026100574212632676,0.40540540540540543
InternVL3.5-4B,text_only,A2,A3,Uncertain,Unreliable,21,0.0036540803897685747,0.5675675675675675
InternVL3.5-4B,text_only,A2,A3,Unreliable,Reliable,42,0.007308160779537149,0.010802469135802469
InternVL3.5-4B,text_only,A2,A3,Unreliable,Uncertain,4,0.0006960153123368715,0.00102880658436214
InternVL3.5-4B,text_only,A2,A3,Unreliable,Unreliable,3842,0.668522707499565,0.9881687242798354
InternVL3.5-4B,text_only,A1,A3,Reliable,Reliable,1476,0.25682965025230553,0.6373056994818653
InternVL3.5-4B,text_only,A1,A3,Reliable,Uncertain,16,0.002784061249347486,0.0069084628670120895
InternVL3.5-4B,text_only,A1,A3,Reliable,Unreliable,824,0.1433791543413955,0.35578583765112265
InternVL3.5-4B,text_only,A1,A3,Uncertain,Reliable,16,0.002784061249347486,0.034261241970021415
InternVL3.5-4B,text_only,A1,A3,Uncertain,Uncertain,29,0.005046111014442318,0.06209850107066381
InternVL3.5-4B,text_only,A1,A3,Uncertain,Unreliable,422,0.07342961545153993,0.9036402569593148
InternVL3.5-4B,text_only,A1,A3,Unreliable,Reliable,9,0.0015660344527579607,0.003036437246963563
InternVL3.5-4B,text_only,A1,A3,Unreliable,Uncertain,1,0.00017400382808421786,0.00033738191632928474
InternVL3.5-4B,text_only,A1,A3,Unreliable,Unreliable,2954,0.5140073081607796,0.9966261808367072
InternVL3.5-4B,image_representation,A2,A4,Reliable,Reliable,808,0.140595093092048,0.4434687156970362
InternVL3.5-4B,image_representation,A2,A4,Reliable,Uncertain,2,0.0003480076561684357,0.0010976948408342481
InternVL3.5-4B,image_representation,A2,A4,Reliable,Unreliable,1012,0.17609187402122847,0.5554335894621295
InternVL3.5-4B,image_representation,A2,A4,Uncertain,Reliable,12,0.0020880459370106142,0.32432432432432434
InternVL3.5-4B,image_representation,A2,A4,Uncertain,Uncertain,2,0.0003480076561684357,0.05405405405405406
InternVL3.5-4B,image_representation,A2,A4,Uncertain,Unreliable,23,0.00400208804593701,0.6216216216216216
InternVL3.5-4B,image_representation,A2,A4,Unreliable,Reliable,298,0.05185314076909692,0.07664609053497942
InternVL3.5-4B,image_representation,A2,A4,Unreliable,Uncertain,13,0.002262049765094832,0.0033436213991769547
InternVL3.5-4B,image_representation,A2,A4,Unreliable,Unreliable,3577,0.6224116930572473,0.9200102880658436
InternVL3.5-4B,image_representation,A2,A5,Reliable,Reliable,251,0.04367496084913868,0.13776070252469813
InternVL3.5-4B,image_representation,A2,A5,Reliable,Uncertain,168,0.029232643118148598,0.09220636663007684
InternVL3.5-4B,image_representation,A2,A5,Reliable,Unreliable,1403,0.24412737080215766,0.7700329308452251
InternVL3.5-4B,image_representation,A2,A5,Uncertain,Reliable,4,0.0006960153123368715,0.10810810810810811
InternVL3.5-4B,image_representation,A2,A5,Uncertain,Uncertain,15,0.0026100574212632676,0.40540540540540543
InternVL3.5-4B,image_representation,A2,A5,Uncertain,Unreliable,18,0.0031320689055159214,0.4864864864864865
InternVL3.5-4B,image_representation,A2,A5,Unreliable,Reliable,146,0.025404558900295807,0.03755144032921811
InternVL3.5-4B,image_representation,A2,A5,Unreliable,Uncertain,771,0.13415695145293197,0.19830246913580246
InternVL3.5-4B,image_representation,A2,A5,Unreliable,Unreliable,2971,0.5169653732382112,0.7641460905349794
InternVL3.5-4B,image_representation,A4,A5,Reliable,Reliable,228,0.03967287280320167,0.2039355992844365
InternVL3.5-4B,image_representation,A4,A5,Reliable,Uncertain,175,0.030450669914738125,0.15652951699463327
InternVL3.5-4B,image_representation,A4,A5,Reliable,Unreliable,715,0.12441273708021576,0.6395348837209303
InternVL3.5-4B,image_representation,A4,A5,Uncertain,Reliable,1,0.00017400382808421786,0.058823529411764705
InternVL3.5-4B,image_representation,A4,A5,Uncertain,Uncertain,9,0.0015660344527579607,0.5294117647058824
InternVL3.5-4B,image_representation,A4,A5,Uncertain,Unreliable,7,0.001218026796589525,0.4117647058823529
InternVL3.5-4B,image_representation,A4,A5,Unreliable,Reliable,172,0.02992865843048547,0.0372940156114484
InternVL3.5-4B,image_representation,A4,A5,Unreliable,Uncertain,770,0.13398294762484775,0.16695576756287944
InternVL3.5-4B,image_representation,A4,A5,Unreliable,Unreliable,3670,0.6385940490690796,0.7957502168256722
InternVL3.5-4B,mixed_image_and_metadata,A1,A4,Reliable,Reliable,863,0.15016530363668001,0.37262521588946457
InternVL3.5-4B,mixed_image_and_metadata,A1,A4,Reliable,Uncertain,2,0.0003480076561684357,0.0008635578583765112
InternVL3.5-4B,mixed_image_and_metadata,A1,A4,Reliable,Unreliable,1451,0.2524795545502001,0.6265112262521589
InternVL3.5-4B,mixed_image_and_metadata,A1,A4,Uncertain,Reliable,86,0.014964329215242735,0.1841541755888651
InternVL3.5-4B,mixed_image_and_metadata,A1,A4,Uncertain,Uncertain,6,0.0010440229685053071,0.01284796573875803
InternVL3.5-4B,mixed_image_and_metadata,A1,A4,Uncertain,Unreliable,375,0.06525143553158169,0.8029978586723768
InternVL3.5-4B,mixed_image_and_metadata,A1,A4,Unreliable,Reliable,169,0.029406646946232816,0.05701754385964912
InternVL3.5-4B,mixed_image_and_metadata,A1,A4,Unreliable,Uncertain,9,0.0015660344527579607,0.003036437246963563
InternVL3.5-4B,mixed_image_and_metadata,A1,A4,Unreliable,Unreliable,2786,0.48477466504263095,0.9399460188933874
InternVL3.5-4B,mixed_image_and_metadata,A1,A5,Reliable,Reliable,274,0.047677048895075694,0.11830742659758203
InternVL3.5-4B,mixed_image_and_metadata,A1,A5,Reliable,Uncertain,233,0.04054289194362276,0.10060449050086356
InternVL3.5-4B,mixed_image_and_metadata,A1,A5,Reliable,Unreliable,1809,0.3147729250043501,0.7810880829015544
InternVL3.5-4B,mixed_image_and_metadata,A1,A5,Uncertain,Reliable,17,0.0029580650774317036,0.03640256959314775
InternVL3.5-4B,mixed_image_and_metadata,A1,A5,Uncertain,Uncertain,103,0.017922394292674438,0.22055674518201285
InternVL3.5-4B,mixed_image_and_metadata,A1,A5,Uncertain,Unreliable,347,0.060379328345223596,0.7430406852248393
InternVL3.5-4B,mixed_image_and_metadata,A1,A5,Unreliable,Reliable,110,0.019140421089263965,0.037112010796221326
InternVL3.5-4B,mixed_image_and_metadata,A1,A5,Unreliable,Uncertain,618,0.10753436575604663,0.20850202429149797
InternVL3.5-4B,mixed_image_and_metadata,A1,A5,Unreliable,Unreliable,2236,0.3890725595963111,0.7543859649122807
InternVL3.5-4B,mixed_image_and_metadata,A3,A4,Reliable,Reliable,723,0.12580476770488952,0.4816788807461692
InternVL3.5-4B,mixed_image_and_metadata,A3,A4,Reliable,Uncertain,2,0.0003480076561684357,0.0013324450366422385
InternVL3.5-4B,mixed_image_and_metadata,A3,A4,Reliable,Unreliable,776,0.13502697059335306,0.5169886742171885
InternVL3.5-4B,mixed_image_and_metadata,A3,A4,Uncertain,Reliable,21,0.0036540803897685747,0.45652173913043476
InternVL3.5-4B,mixed_image_and_metadata,A3,A4,Uncertain,Uncertain,2,0.0003480076561684357,0.043478260869565216
InternVL3.5-4B,mixed_image_and_metadata,A3,A4,Uncertain,Unreliable,23,0.00400208804593701,0.5
InternVL3.5-4B,mixed_image_and_metadata,A3,A4,Unreliable,Reliable,374,0.06507743170349747,0.08904761904761904
InternVL3.5-4B,mixed_image_and_metadata,A3,A4,Unreliable,Uncertain,13,0.002262049765094832,0.0030952380952380953
InternVL3.5-4B,mixed_image_and_metadata,A3,A4,Unreliable,Unreliable,3813,0.6634765964851227,0.9078571428571428
InternVL3.5-4B,mixed_image_and_metadata,A3,A5,Reliable,Reliable,215,0.03741082303810684,0.14323784143904064
InternVL3.5-4B,mixed_image_and_metadata,A3,A5,Reliable,Uncertain,118,0.020532451713937708,0.07861425716189208
InternVL3.5-4B,mixed_image_and_metadata,A3,A5,Reliable,Unreliable,1168,0.20323647120236646,0.7781479013990673
InternVL3.5-4B,mixed_image_and_metadata,A3,A5,Uncertain,Reliable,6,0.0010440229685053071,0.13043478260869565
InternVL3.5-4B,mixed_image_and_metadata,A3,A5,Uncertain,Uncertain,16,0.002784061249347486,0.34782608695652173
InternVL3.5-4B,mixed_image_and_metadata,A3,A5,Uncertain,Unreliable,24,0.0041760918740212285,0.5217391304347826
InternVL3.5-4B,mixed_image_and_metadata,A3,A5,Unreliable,Reliable,180,0.031320689055159216,0.04285714285714286
InternVL3.5-4B,mixed_image_and_metadata,A3,A5,Unreliable,Uncertain,820,0.14268313902905863,0.19523809523809524
InternVL3.5-4B,mixed_image_and_metadata,A3,A5,Unreliable,Unreliable,3200,0.5568122498694972,0.7619047619047619
InternVL3.5-14B,text_only,A1,A2,Reliable,Reliable,4922,0.8564468418305202,0.9951475940153659
InternVL3.5-14B,text_only,A1,A2,Reliable,Uncertain,24,0.0041760918740212285,0.004852405984634048
InternVL3.5-14B,text_only,A1,A2,Reliable,Unreliable,0,0.0,0.0
InternVL3.5-14B,text_only,A1,A2,Uncertain,Reliable,37,0.006438141639116061,0.17050691244239632
InternVL3.5-14B,text_only,A1,A2,Uncertain,Uncertain,180,0.031320689055159216,0.8294930875576036
InternVL3.5-14B,text_only,A1,A2,Uncertain,Unreliable,0,0.0,0.0
InternVL3.5-14B,text_only,A1,A2,Unreliable,Reliable,104,0.018096398120758656,0.1780821917808219
InternVL3.5-14B,text_only,A1,A2,Unreliable,Uncertain,101,0.017574386636506,0.17294520547945205
InternVL3.5-14B,text_only,A1,A2,Unreliable,Unreliable,379,0.06594745084391856,0.648972602739726
InternVL3.5-14B,text_only,A2,A3,Reliable,Reliable,4994,0.8689751174525839,0.9863717163736915
InternVL3.5-14B,text_only,A2,A3,Reliable,Uncertain,18,0.0031320689055159214,0.003555204424254395
InternVL3.5-14B,text_only,A2,A3,Reliable,Unreliable,51,0.00887419523229511,0.010073079202054119
InternVL3.5-14B,text_only,A2,A3,Uncertain,Reliable,28,0.0048721071863581,0.09180327868852459
InternVL3.5-14B,text_only,A2,A3,Uncertain,Uncertain,209,0.03636680006960153,0.6852459016393443
InternVL3.5-14B,text_only,A2,A3,Uncertain,Unreliable,68,0.011832260309726814,0.22295081967213115
InternVL3.5-14B,text_only,A2,A3,Unreliable,Reliable,5,0.0008700191404210892,0.013192612137203167
InternVL3.5-14B,text_only,A2,A3,Unreliable,Uncertain,2,0.0003480076561684357,0.005277044854881266
InternVL3.5-14B,text_only,A2,A3,Unreliable,Unreliable,372,0.06472942404732904,0.9815303430079155
InternVL3.5-14B,text_only,A1,A3,Reliable,Reliable,4909,0.8541847920654254,0.9925192074403558
InternVL3.5-14B,text_only,A1,A3,Reliable,Uncertain,20,0.003480076561684357,0.0040436716538617065
InternVL3.5-14B,text_only,A1,A3,Reliable,Unreliable,17,0.0029580650774317036,0.0034371209057824505
InternVL3.5-14B,text_only,A1,A3,Uncertain,Reliable,42,0.007308160779537149,0.1935483870967742
InternVL3.5-14B,text_only,A1,A3,Uncertain,Uncertain,167,0.029058639290064383,0.7695852534562212
InternVL3.5-14B,text_only,A1,A3,Uncertain,Unreliable,8,0.001392030624673743,0.03686635944700461
InternVL3.5-14B,text_only,A1,A3,Unreliable,Reliable,76,0.013224290934400557,0.13013698630136986
InternVL3.5-14B,text_only,A1,A3,Unreliable,Uncertain,42,0.007308160779537149,0.07191780821917808
InternVL3.5-14B,text_only,A1,A3,Unreliable,Unreliable,466,0.08108578388724552,0.797945205479452
InternVL3.5-14B,image_representation,A2,A4,Reliable,Reliable,4638,0.8070297546546024,0.9160576733162157
InternVL3.5-14B,image_representation,A2,A4,Reliable,Uncertain,129,0.022446493822864105,0.02547896504048983
InternVL3.5-14B,image_representation,A2,A4,Reliable,Unreliable,296,0.05150513311292849,0.05846336164329449
InternVL3.5-14B,image_representation,A2,A4,Uncertain,Reliable,84,0.014616321559074299,0.2754098360655738
InternVL3.5-14B,image_representation,A2,A4,Uncertain,Uncertain,85,0.014790325387158517,0.2786885245901639
InternVL3.5-14B,image_representation,A2,A4,Uncertain,Unreliable,136,0.02366452061945363,0.4459016393442623
InternVL3.5-14B,image_representation,A2,A4,Unreliable,Reliable,50,0.008700191404210893,0.13192612137203166
InternVL3.5-14B,image_representation,A2,A4,Unreliable,Uncertain,28,0.0048721071863581,0.07387862796833773
InternVL3.5-14B,image_representation,A2,A4,Unreliable,Unreliable,301,0.05237515225334957,0.7941952506596306
InternVL3.5-14B,image_representation,A2,A5,Reliable,Reliable,3310,0.5759526709587611,0.6537625913490026
InternVL3.5-14B,image_representation,A2,A5,Reliable,Uncertain,719,0.12510875239255265,0.14201066561327277
InternVL3.5-14B,image_representation,A2,A5,Reliable,Unreliable,1034,0.17991995823908127,0.20422674303772467
InternVL3.5-14B,image_representation,A2,A5,Uncertain,Reliable,35,0.0060901339829476245,0.11475409836065574
InternVL3.5-14B,image_representation,A2,A5,Uncertain,Uncertain,198,0.03445275796067514,0.6491803278688525
InternVL3.5-14B,image_representation,A2,A5,Uncertain,Unreliable,72,0.012528275622063685,0.2360655737704918
InternVL3.5-14B,image_representation,A2,A5,Unreliable,Reliable,48,0.008352183748042457,0.1266490765171504
InternVL3.5-14B,image_representation,A2,A5,Unreliable,Uncertain,195,0.03393074647642248,0.5145118733509235
InternVL3.5-14B,image_representation,A2,A5,Unreliable,Unreliable,136,0.02366452061945363,0.35883905013192613
InternVL3.5-14B,image_representation,A4,A5,Reliable,Reliable,3246,0.5648164259613712,0.6802179379715004
InternVL3.5-14B,image_representation,A4,A5,Reliable,Uncertain,563,0.09796415521141465,0.11797988264878458
InternVL3.5-14B,image_representation,A4,A5,Reliable,Unreliable,963,0.16756568644510178,0.201802179379715
InternVL3.5-14B,image_representation,A4,A5,Uncertain,Reliable,34,0.005916130154863407,0.14049586776859505
InternVL3.5-14B,image_representation,A4,A5,Uncertain,Uncertain,167,0.029058639290064383,0.6900826446280992
InternVL3.5-14B,image_representation,A4,A5,Uncertain,Unreliable,41,0.007134156951452932,0.16942148760330578
InternVL3.5-14B,image_representation,A4,A5,Unreliable,Reliable,113,0.019662432573516617,0.15416098226466576
InternVL3.5-14B,image_representation,A4,A5,Unreliable,Uncertain,382,0.06646946232817122,0.5211459754433834
InternVL3.5-14B,image_representation,A4,A5,Unreliable,Unreliable,238,0.04141291108404385,0.3246930422919509
InternVL3.5-14B,mixed_image_and_metadata,A1,A4,Reliable,Reliable,4581,0.797111536453802,0.9262029923170239
InternVL3.5-14B,mixed_image_and_metadata,A1,A4,Reliable,Uncertain,117,0.02035844788585349,0.023655479175090983
InternVL3.5-14B,mixed_image_and_metadata,A1,A4,Reliable,Unreliable,248,0.04315294936488603,0.05014152850788516
InternVL3.5-14B,mixed_image_and_metadata,A1,A4,Uncertain,Reliable,64,0.011136244997389943,0.29493087557603687
InternVL3.5-14B,mixed_image_and_metadata,A1,A4,Uncertain,Uncertain,79,0.013746302418653211,0.3640552995391705
InternVL3.5-14B,mixed_image_and_metadata,A1,A4,Uncertain,Unreliable,74,0.012876283278232122,0.34101382488479265
InternVL3.5-14B,mixed_image_and_metadata,A1,A4,Unreliable,Reliable,127,0.022098486166695668,0.21746575342465754
InternVL3.5-14B,mixed_image_and_metadata,A1,A4,Unreliable,Uncertain,46,0.00800417609187402,0.07876712328767123
InternVL3.5-14B,mixed_image_and_metadata,A1,A4,Unreliable,Unreliable,411,0.07151557334261353,0.7037671232876712
InternVL3.5-14B,mixed_image_and_metadata,A1,A5,Reliable,Reliable,3273,0.5695145293196451,0.6617468661544682
InternVL3.5-14B,mixed_image_and_metadata,A1,A5,Reliable,Uncertain,664,0.11553854184792066,0.13424989890820865
InternVL3.5-14B,mixed_image_and_metadata,A1,A5,Reliable,Unreliable,1009,0.17556986253697582,0.20400323493732309
InternVL3.5-14B,mixed_image_and_metadata,A1,A5,Uncertain,Reliable,31,0.005394118670610753,0.14285714285714285
InternVL3.5-14B,mixed_image_and_metadata,A1,A5,Uncertain,Uncertain,137,0.023838524447537847,0.631336405529954
InternVL3.5-14B,mixed_image_and_metadata,A1,A5,Uncertain,Unreliable,49,0.008526187576126675,0.22580645161290322
InternVL3.5-14B,mixed_image_and_metadata,A1,A5,Unreliable,Reliable,89,0.015486340699495388,0.1523972602739726
InternVL3.5-14B,mixed_image_and_metadata,A1,A5,Unreliable,Uncertain,311,0.054115190534191754,0.5325342465753424
InternVL3.5-14B,mixed_image_and_metadata,A1,A5,Unreliable,Unreliable,184,0.03201670436749608,0.3150684931506849
InternVL3.5-14B,mixed_image_and_metadata,A3,A4,Reliable,Reliable,4627,0.805115712545676,0.9204296797294609
InternVL3.5-14B,mixed_image_and_metadata,A3,A4,Reliable,Uncertain,130,0.02262049765094832,0.025860354087925204
InternVL3.5-14B,mixed_image_and_metadata,A3,A4,Reliable,Unreliable,270,0.04698103358273882,0.05370996618261389
InternVL3.5-14B,mixed_image_and_metadata,A3,A4,Uncertain,Reliable,62,0.010788237341221507,0.27074235807860264
InternVL3.5-14B,mixed_image_and_metadata,A3,A4,Uncertain,Uncertain,77,0.013398294762484775,0.33624454148471616
InternVL3.5-14B,mixed_image_and_metadata,A3,A4,Uncertain,Unreliable,90,0.015660344527579608,0.3930131004366812
InternVL3.5-14B,mixed_image_and_metadata,A3,A4,Unreliable,Reliable,83,0.014442317730990082,0.1690427698574338
InternVL3.5-14B,mixed_image_and_metadata,A3,A4,Unreliable,Uncertain,35,0.0060901339829476245,0.07128309572301425
InternVL3.5-14B,mixed_image_and_metadata,A3,A4,Unreliable,Unreliable,373,0.06490342787541326,0.7596741344195519
InternVL3.5-14B,mixed_image_and_metadata,A3,A5,Reliable,Reliable,3302,0.5745606403340874,0.6568529938333002
InternVL3.5-14B,mixed_image_and_metadata,A3,A5,Reliable,Uncertain,703,0.12232469114320516,0.13984483787547244
InternVL3.5-14B,mixed_image_and_metadata,A3,A5,Reliable,Unreliable,1022,0.17783191230207065,0.20330216829122738
InternVL3.5-14B,mixed_image_and_metadata,A3,A5,Uncertain,Reliable,28,0.0048721071863581,0.1222707423580786
InternVL3.5-14B,mixed_image_and_metadata,A3,A5,Uncertain,Uncertain,148,0.025752566556464244,0.6462882096069869
InternVL3.5-14B,mixed_image_and_metadata,A3,A5,Uncertain,Unreliable,53,0.009222202888463546,0.2314410480349345
InternVL3.5-14B,mixed_image_and_metadata,A3,A5,Unreliable,Reliable,63,0.010962241169305725,0.12830957230142567
InternVL3.5-14B,mixed_image_and_metadata,A3,A5,Unreliable,Uncertain,261,0.04541499912998086,0.5315682281059063
InternVL3.5-14B,mixed_image_and_metadata,A3,A5,Unreliable,Unreliable,167,0.029058639290064383,0.34012219959266804
