model,group,pair,n,n_excluded_invalid,pair_status,n_changed,changed_rate,toward_rejection_rate,toward_acceptance_rate,net_toward_rejection_rate,R->U,R->Ur,U->R,U->Ur,Ur->R,Ur->U
Qwen2.5-VL-7B,text_only,A1->A2,5747,0,full_clean,919,0.1599095180093962,0.006264137811031843,0.15364538019836435,-0.1473812423873325,20,1,623,15,73,187
Qwen2.5-VL-7B,text_only,A2->A3,5747,0,full_clean,380,0.06612145467200278,0.010614233513137289,0.05550722115886549,-0.0448929876457282,61,0,202,0,7,110
Qwen2.5-VL-7B,text_only,A1->A3,5747,0,full_clean,1151,0.20027840612493475,0.00400208804593701,0.19627631807899773,-0.1922742300330607,22,0,766,1,79,283
Qwen2.5-VL-7B,image_representation,A2->A4,5747,0,full_clean,1536,0.2672698799373586,0.2232469114320515,0.04402296850530712,0.17922394292674437,739,162,194,382,9,50
Qwen2.5-VL-7B,image_representation,A2->A5,5747,0,full_clean,2662,0.46319819036018794,0.42143727161997563,0.04176091874021228,0.37967635287976337,311,1126,221,985,13,6
Qwen2.5-VL-7B,image_representation,A4->A5,5747,0,full_clean,2292,0.3988167739690273,0.3342613537497825,0.06455542021924482,0.2697059335305377,229,612,286,1080,50,35
Qwen2.5-VL-7B,mixed_image_and_metadata,A1->A4,5747,0,full_clean,1641,0.2855402818862015,0.16112754480598573,0.12441273708021576,0.036714807725769974,457,102,487,367,49,179
Qwen2.5-VL-7B,mixed_image_and_metadata,A1->A5,5747,0,full_clean,2654,0.4618061597355142,0.37550026100574213,0.08630589872977205,0.28919436227597006,227,771,413,1160,57,26
Qwen2.5-VL-7B,mixed_image_and_metadata,A3->A4,5747,0,full_clean,1580,0.2749260483730642,0.24725943970767356,0.027666608665390637,0.21959283104228292,815,186,155,420,0,4
Qwen2.5-VL-7B,mixed_image_and_metadata,A3->A5,5747,0,full_clean,2731,0.475204454497999,0.44336175395858707,0.031842700539411864,0.4115190534191752,339,1195,183,1014,0,0
Qwen3-VL-8B,text_only,A1->A2,5747,0,full_clean,577,0.1004002088045937,0.004350095702105447,0.09605011310248826,-0.09170001740038282,19,6,64,0,288,200
Qwen3-VL-8B,text_only,A2->A3,5747,0,full_clean,630,0.10962241169305725,0.10492430833478336,0.004698103358273882,0.10022620497650948,136,306,9,161,18,0
Qwen3-VL-8B,text_only,A1->A3,5747,0,full_clean,537,0.09344005568122499,0.050809117800591615,0.04263093788063337,0.008178179919958242,107,160,27,25,152,66
Qwen3-VL-8B,image_representation,A2->A4,5747,0,full_clean,1190,0.20706455542021923,0.06490342787541326,0.14216112754480598,-0.07725769966939272,150,197,304,26,458,55
Qwen3-VL-8B,image_representation,A2->A5,5747,0,full_clean,4200,0.730816077953715,0.6399860796937533,0.09082999825996171,0.5491560814337916,3153,429,5,96,22,495
Qwen3-VL-8B,image_representation,A4->A5,5747,0,full_clean,4381,0.7623107708369584,0.7071515573342614,0.055159213502697056,0.6519923438315643,3454,544,5,66,23,289
Qwen3-VL-8B,mixed_image_and_metadata,A1->A4,5747,0,full_clean,1450,0.2523055507221159,0.05376718287802332,0.19853836784409257,-0.14477118496606925,132,170,192,7,852,97
Qwen3-VL-8B,mixed_image_and_metadata,A1->A5,5747,0,full_clean,4220,0.7342961545153993,0.5782147207238559,0.1560814337915434,0.42213328693231256,2903,369,3,51,41,853
Qwen3-VL-8B,mixed_image_and_metadata,A3->A4,5747,0,full_clean,1485,0.2583956847050635,0.04924308334783365,0.20915260135722985,-0.1599095180093962,120,155,300,8,805,97
Qwen3-VL-8B,mixed_image_and_metadata,A3->A5,5747,0,full_clean,4125,0.7177657908473987,0.5658604489298764,0.1519053419175222,0.4139551070123542,2827,362,7,63,42,824
Qwen3-VL-4B,text_only,A1->A2,5747,0,full_clean,774,0.13467896293718462,0.018270401948842874,0.11640856098834175,-0.09813815903949888,1,8,220,96,357,92
Qwen3-VL-4B,text_only,A2->A3,5747,0,full_clean,341,0.059335305376718286,0.04315294936488603,0.01618235601183226,0.026970593353053768,44,76,14,128,60,19
Qwen3-VL-4B,text_only,A1->A3,5747,0,full_clean,757,0.1317208978597529,0.03010266225856969,0.10161823560118323,-0.07151557334261355,4,13,195,156,344,45
Qwen3-VL-4B,image_representation,A2->A4,5747,0,full_clean,1705,0.2966765268835914,0.220462850182704,0.07621367670088743,0.1442491734818166,105,846,71,316,252,115
Qwen3-VL-4B,image_representation,A2->A5,5747,0,full_clean,2934,0.5105272315990952,0.345049591091004,0.1654776405080912,0.17957195058291284,514,1196,16,273,148,787
Qwen3-VL-4B,image_representation,A4->A5,5747,0,full_clean,2602,0.45275796067513485,0.23473116408560987,0.21802679658952498,0.016704367496084893,361,820,4,168,259,990
Qwen3-VL-4B,mixed_image_and_metadata,A1->A4,5747,0,full_clean,1762,0.3065947450843919,0.185314076909692,0.12128066817469985,0.06403340873499216,63,552,145,450,410,142
Qwen3-VL-4B,mixed_image_and_metadata,A1->A5,5747,0,full_clean,2741,0.47694449277884116,0.2817121976683487,0.19523229511049242,0.08647990255785629,354,870,46,395,200,876
Qwen3-VL-4B,mixed_image_and_metadata,A3->A4,5747,0,full_clean,1652,0.2874543239951279,0.20497650948320864,0.08247781451191927,0.12249869497128937,93,821,59,264,273,142
Qwen3-VL-4B,mixed_image_and_metadata,A3->A5,5747,0,full_clean,2877,0.5006090133982948,0.327475204454498,0.17313380894379676,0.15434139551070125,486,1165,8,231,143,844
InternVL3.5-8B,text_only,A1->A2,5747,0,full_clean,621,0.10805637724029929,0.011136244997389943,0.09692013224290934,-0.0857838872455194,64,0,476,0,0,81
InternVL3.5-8B,text_only,A2->A3,5747,0,full_clean,267,0.046459022098486166,0.031494692883243434,0.014964329215242735,0.0165303636680007,163,0,86,18,0,0
InternVL3.5-8B,text_only,A1->A3,5747,0,full_clean,602,0.10475030450669914,0.01774839046459022,0.08700191404210893,-0.06925352357751871,99,0,434,3,0,66
InternVL3.5-8B,image_representation,A2->A4,5747,0,full_clean,808,0.140595093092048,0.08317382982425614,0.05742126326779189,0.025752566556464247,477,0,323,1,0,7
InternVL3.5-8B,image_representation,A2->A5,5747,0,full_clean,2314,0.4026448581868801,0.374630241865321,0.028014616321559074,0.34661562554376196,1999,133,150,21,0,11
InternVL3.5-8B,image_representation,A4->A5,5747,0,full_clean,2186,0.38037236819210024,0.3520097442143727,0.02836262397772751,0.3236471202366452,1869,117,158,37,0,5
InternVL3.5-8B,mixed_image_and_metadata,A1->A4,5747,0,full_clean,1029,0.17904993909866018,0.05968331303288672,0.11936662606577345,-0.05968331303288672,343,0,599,0,2,85
InternVL3.5-8B,mixed_image_and_metadata,A1->A5,5747,0,full_clean,2186,0.38037236819210024,0.32121106664346616,0.05916130154863407,0.2620497650948321,1692,127,248,27,1,91
InternVL3.5-8B,mixed_image_and_metadata,A3->A4,5747,0,full_clean,807,0.1404210892639638,0.07482164607621368,0.06559944318775013,0.009222202888463552,430,0,353,0,0,24
InternVL3.5-8B,mixed_image_and_metadata,A3->A5,5747,0,full_clean,2263,0.393770662954585,0.36210196624325736,0.031668696711327646,0.3304332695319297,1927,131,153,23,0,29
GLM-4.6V-Flash,text_only,A1->A2,5747,0,full_clean,289,0.05028710631633896,0.01861840960501131,0.031668696711327646,-0.013050287106316335,16,86,20,5,146,16
GLM-4.6V-Flash,text_only,A2->A3,5747,0,full_clean,250,0.043500957021054464,0.027666608665390637,0.015834348355663823,0.011832260309726814,25,128,1,6,65,25
GLM-4.6V-Flash,text_only,A1->A3,5747,0,full_clean,388,0.06751348529667653,0.03340873499216983,0.0341047503045067,-0.0006960153123368729,40,150,17,2,150,29
GLM-4.6V-Flash,image_representation,A2->A4,5747,0,full_clean,1229,0.21385070471550374,0.0917000174003828,0.12215068731512094,-0.030450669914738132,30,472,21,25,658,23
GLM-4.6V-Flash,image_representation,A2->A5,5747,0,full_clean,2744,0.4774665042630938,0.33704541499913,0.1404210892639638,0.1966243257351662,539,1371,4,27,286,517
GLM-4.6V-Flash,image_representation,A4->A5,5747,0,full_clean,2732,0.47537845832608316,0.35113972507395164,0.12423873325213154,0.2269009918218201,529,1466,4,23,194,516
GLM-4.6V-Flash,mixed_image_and_metadata,A1->A4,5747,0,full_clean,1324,0.23038106838350444,0.09396206716547764,0.1364190012180268,-0.04245693405254916,35,484,24,21,736,24
GLM-4.6V-Flash,mixed_image_and_metadata,A1->A5,5747,0,full_clean,2757,0.47972855402818865,0.3313032886723508,0.14842526535583783,0.18287802331651298,537,1344,10,23,315,528
GLM-4.6V-Flash,mixed_image_and_metadata,A3->A4,5747,0,full_clean,1202,0.20915260135722985,0.08299982599617192,0.12615277536105796,-0.043152949364886034,26,413,46,38,657,22
GLM-4.6V-Flash,mixed_image_and_metadata,A3->A5,5747,0,full_clean,2720,0.47329041238907255,0.32677918914216114,0.14651122324691143,0.1802679658952497,491,1334,6,53,286,550
Phi-4-multimodal,text_only,A1->A2,5747,0,full_clean,217,0.037758830694275276,0.016530363668000696,0.021228467026274577,-0.004698103358273881,0,95,0,0,122,0
Phi-4-multimodal,text_only,A2->A3,5747,0,full_clean,882,0.15347137637028013,0.15329737254219594,0.00017400382808421786,0.15312336871411172,0,881,0,0,1,0
Phi-4-multimodal,text_only,A1->A3,5747,0,full_clean,861,0.14981729598051158,0.1491212806681747,0.0006960153123368715,0.14842526535583783,0,857,0,0,4,0
Phi-4-multimodal,image_representation,A2->A4,5747,0,full_clean,1645,0.2862362971985384,0.27631807899773797,0.009918218200800417,0.26639986079693756,0,1588,0,0,57,0
Phi-4-multimodal,image_representation,A2->A5,5747,0,full_clean,1276,0.22202888463546197,0.1851400730816078,0.036888811553854185,0.14825126152775361,0,1064,0,0,212,0
Phi-4-multimodal,image_representation,A4->A5,5747,0,full_clean,1015,0.17661388550548113,0.029232643118148598,0.14738124238733252,-0.11814859926918392,0,168,0,0,847,0
Phi-4-multimodal,mixed_image_and_metadata,A1->A4,5747,0,full_clean,1664,0.2895423699321385,0.2756220636854011,0.013920306246737428,0.2617017574386637,0,1584,0,0,80,0
Phi-4-multimodal,mixed_image_and_metadata,A1->A5,5747,0,full_clean,1323,0.23020706455542023,0.18688011136244997,0.043326953192970245,0.14355315816947972,0,1074,0,0,249,0
Phi-4-multimodal,mixed_image_and_metadata,A3->A4,5747,0,full_clean,1325,0.23055507221158866,0.17191578214720724,0.058639290064381414,0.11327649208282582,0,988,0,0,337,0
Phi-4-multimodal,mixed_image_and_metadata,A3->A5,5747,0,full_clean,1330,0.23142509135200975,0.11327649208282582,0.11814859926918392,-0.004872107186358096,0,651,0,0,679,0
Gemma-4-12B,text_only,A1->A2,5747,0,full_clean,72,0.012528275622063685,0.005220114842526535,0.007308160779537149,-0.0020880459370106142,0,30,0,0,42,0
Gemma-4-12B,text_only,A2->A3,5747,0,full_clean,181,0.031494692883243434,0.030624673742822343,0.0008700191404210892,0.029754654602401256,0,176,0,0,5,0
Gemma-4-12B,text_only,A1->A3,5747,0,full_clean,177,0.03079867757090656,0.029232643118148598,0.0015660344527579607,0.027666608665390637,0,168,0,0,9,0
Gemma-4-12B,image_representation,A2->A4,5747,0,full_clean,264,0.04593701061423351,0.027144597181137986,0.01879241343309553,0.008352183748042457,0,156,0,0,108,0
Gemma-4-12B,image_representation,A2->A5,5747,0,full_clean,496,0.08630589872977205,0.0722115886549504,0.014094310074821646,0.05811727858012876,0,415,0,0,81,0
Gemma-4-12B,image_representation,A4->A5,5747,0,full_clean,358,0.06229337045414999,0.05602923264311815,0.006264137811031843,0.049765094832086305,0,322,0,0,36,0
Gemma-4-12B,mixed_image_and_metadata,A1->A4,5747,0,full_clean,270,0.04698103358273882,0.02662258569688533,0.02035844788585349,0.006264137811031842,0,153,0,0,117,0
Gemma-4-12B,mixed_image_and_metadata,A1->A5,5747,0,full_clean,500,0.08700191404210893,0.07151557334261353,0.015486340699495388,0.05602923264311815,0,411,0,0,89,0
Gemma-4-12B,mixed_image_and_metadata,A3->A4,5747,0,full_clean,309,0.05376718287802332,0.01618235601183226,0.03758482686619106,-0.0214024708543588,0,93,0,0,216,0
Gemma-4-12B,mixed_image_and_metadata,A3->A5,5747,0,full_clean,475,0.08265181834000349,0.05550722115886549,0.027144597181137986,0.028362623977727507,0,319,0,0,156,0
Qwen3-VL-2B,text_only,A1->A2,5747,0,full_clean,16,0.002784061249347486,0.0,0.002784061249347486,-0.002784061249347486,0,0,16,0,0,0
Qwen3-VL-2B,text_only,A2->A3,5746,1,partial,2,0.0003480682213713888,0.0001740341106856944,0.0001740341106856944,0.0,1,0,1,0,0,0
Qwen3-VL-2B,text_only,A1->A3,5746,1,partial,16,0.0027845457709711106,0.0,0.0027845457709711106,-0.0027845457709711106,0,0,16,0,0,0
Qwen3-VL-2B,image_representation,A2->A4,5747,0,full_clean,42,0.007308160779537149,0.007308160779537149,0.0,0.007308160779537149,42,0,0,0,0,0
Qwen3-VL-2B,image_representation,A2->A5,5746,1,partial,1195,0.2079707622694048,0.2077967281587191,0.0001740341106856944,0.2076226940480334,1194,0,1,0,0,0
Qwen3-VL-2B,image_representation,A4->A5,5746,1,partial,1195,0.2079707622694048,0.20414201183431951,0.0038287504350852765,0.20031326139923425,1173,0,22,0,0,0
Qwen3-VL-2B,mixed_image_and_metadata,A1->A4,5747,0,full_clean,54,0.009396206716547765,0.006960153123368714,0.00243605359317905,0.004524099530189664,40,0,14,0,0,0
Qwen3-VL-2B,mixed_image_and_metadata,A1->A5,5746,1,partial,1199,0.20866689871214758,0.20675252349460493,0.0019143752175426383,0.2048381482770623,1188,0,11,0,0,0
Qwen3-VL-2B,mixed_image_and_metadata,A3->A4,5746,1,partial,42,0.007309432648799165,0.007309432648799165,0.0,0.007309432648799165,42,0,0,0,0,0
Qwen3-VL-2B,mixed_image_and_metadata,A3->A5,5745,2,partial,1196,0.2081810269799826,0.20783289817232375,0.00034812880765883376,0.20748476936466492,1194,0,2,0,0,0
Qwen2.5-VL-3B,text_only,A1->A2,5747,0,full_clean,53,0.009222202888463546,0.0,0.009222202888463546,-0.009222202888463546,0,0,0,0,53,0
Qwen2.5-VL-3B,text_only,A2->A3,5747,0,full_clean,3,0.0005220114842526536,0.0,0.0005220114842526536,-0.0005220114842526536,0,0,0,0,3,0
Qwen2.5-VL-3B,text_only,A1->A3,5747,0,full_clean,56,0.0097442143727162,0.0,0.0097442143727162,-0.0097442143727162,0,0,0,0,56,0
Qwen2.5-VL-3B,image_representation,A2->A4,5747,0,full_clean,3,0.0005220114842526536,0.0,0.0005220114842526536,-0.0005220114842526536,0,0,0,0,3,0
Qwen2.5-VL-3B,image_representation,A2->A5,5747,0,full_clean,3,0.0005220114842526536,0.0,0.0005220114842526536,-0.0005220114842526536,0,0,0,0,3,0
Qwen2.5-VL-3B,image_representation,A4->A5,5747,0,full_clean,0,0.0,0.0,0.0,0.0,0,0,0,0,0,0
Qwen2.5-VL-3B,mixed_image_and_metadata,A1->A4,5747,0,full_clean,56,0.0097442143727162,0.0,0.0097442143727162,-0.0097442143727162,0,0,0,0,56,0
Qwen2.5-VL-3B,mixed_image_and_metadata,A1->A5,5747,0,full_clean,56,0.0097442143727162,0.0,0.0097442143727162,-0.0097442143727162,0,0,0,0,56,0
Qwen2.5-VL-3B,mixed_image_and_metadata,A3->A4,5747,0,full_clean,0,0.0,0.0,0.0,0.0,0,0,0,0,0,0
Qwen2.5-VL-3B,mixed_image_and_metadata,A3->A5,5747,0,full_clean,0,0.0,0.0,0.0,0.0,0,0,0,0,0,0
InternVL3.5-2B,text_only,A1->A2,5532,215,partial,0,0.0,0.0,0.0,0.0,0,0,0,0,0,0
InternVL3.5-2B,text_only,A2->A3,5405,342,partial,0,0.0,0.0,0.0,0.0,0,0,0,0,0,0
InternVL3.5-2B,text_only,A1->A3,5586,161,partial,0,0.0,0.0,0.0,0.0,0,0,0,0,0,0
InternVL3.5-2B,image_representation,A2->A4,5515,232,partial,0,0.0,0.0,0.0,0.0,0,0,0,0,0,0
InternVL3.5-2B,image_representation,A2->A5,5444,303,partial,0,0.0,0.0,0.0,0.0,0,0,0,0,0,0
InternVL3.5-2B,image_representation,A4->A5,5633,114,partial,0,0.0,0.0,0.0,0.0,0,0,0,0,0,0
InternVL3.5-2B,mixed_image_and_metadata,A1->A4,5721,26,partial,0,0.0,0.0,0.0,0.0,0,0,0,0,0,0
InternVL3.5-2B,mixed_image_and_metadata,A1->A5,5650,97,partial,0,0.0,0.0,0.0,0.0,0,0,0,0,0,0
InternVL3.5-2B,mixed_image_and_metadata,A3->A4,5569,178,partial,0,0.0,0.0,0.0,0.0,0,0,0,0,0,0
InternVL3.5-2B,mixed_image_and_metadata,A3->A5,5497,250,partial,0,0.0,0.0,0.0,0.0,0,0,0,0,0,0
InternVL3.5-4B,text_only,A1->A2,5747,0,full_clean,1023,0.17800591613015487,0.16478162519575432,0.013224290934400557,0.15155733426135376,7,563,60,377,16,0
InternVL3.5-4B,text_only,A2->A3,5747,0,full_clean,432,0.07516965373238212,0.06699147381242387,0.008178179919958239,0.05881329389246563,27,337,1,21,42,4
InternVL3.5-4B,text_only,A1->A3,5747,0,full_clean,1288,0.2241169305724726,0.21959283104228294,0.004524099530189664,0.21506873151209327,16,824,16,422,9,1
InternVL3.5-4B,image_representation,A2->A4,5747,0,full_clean,1360,0.23664520619453627,0.1804419697233339,0.056203236471202365,0.12423873325213153,2,1012,12,23,298,13
InternVL3.5-4B,image_representation,A2->A5,5747,0,full_clean,2510,0.43674960849138683,0.27649208282582216,0.16025752566556464,0.11623455716025752,168,1403,4,18,146,771
InternVL3.5-4B,image_representation,A4->A5,5747,0,full_clean,1840,0.32016704367496085,0.1560814337915434,0.16408560988341744,-0.008004176091874038,175,715,1,7,172,770
InternVL3.5-4B,mixed_image_and_metadata,A1->A4,5747,0,full_clean,2092,0.36401600835218373,0.31807899773795023,0.04593701061423351,0.27214198712371673,2,1451,86,375,169,9
InternVL3.5-4B,mixed_image_and_metadata,A1->A5,5747,0,full_clean,3134,0.5453279972159387,0.41569514529319646,0.1296328519227423,0.2860622933704542,233,1809,17,347,110,618
InternVL3.5-4B,mixed_image_and_metadata,A3->A4,5747,0,full_clean,1209,0.21037062815381938,0.1393770662954585,0.07099356185836088,0.06838350443709763,2,776,21,23,374,13
InternVL3.5-4B,mixed_image_and_metadata,A3->A5,5747,0,full_clean,2316,0.40299286584304855,0.2279450147903254,0.17504785105272316,0.052897163737602226,118,1168,6,24,180,820
InternVL3.5-14B,text_only,A1->A2,5747,0,full_clean,266,0.04628501827040195,0.0041760918740212285,0.04210892639638072,-0.03793283452235949,24,0,37,0,104,101
InternVL3.5-14B,text_only,A2->A3,5747,0,full_clean,172,0.02992865843048547,0.023838524447537847,0.0060901339829476245,0.017748390464590223,18,51,28,68,5,2
InternVL3.5-14B,text_only,A1->A3,5747,0,full_clean,205,0.03567078475726466,0.007830172263789804,0.027840612493474855,-0.020010440229685053,20,17,42,8,76,42
InternVL3.5-14B,image_representation,A2->A4,5747,0,full_clean,723,0.12580476770488952,0.09761614755524621,0.028188620149643292,0.06942752740560292,129,296,84,136,50,28
InternVL3.5-14B,image_representation,A2->A5,5747,0,full_clean,2103,0.36593005046111016,0.3175569862536976,0.04837306420741256,0.26918392204628505,719,1034,35,72,48,195
InternVL3.5-14B,image_representation,A4->A5,5747,0,full_clean,2096,0.3647120236645206,0.27266399860796936,0.09204802505655124,0.18061597355141812,563,963,34,41,113,382
InternVL3.5-14B,mixed_image_and_metadata,A1->A4,5747,0,full_clean,676,0.11762658778493126,0.07638768052897164,0.041238907255959634,0.03514877327301201,117,248,64,74,127,46
InternVL3.5-14B,mixed_image_and_metadata,A1->A5,5747,0,full_clean,2153,0.374630241865321,0.29963459196102316,0.0749956499042979,0.22463894205672524,664,1009,31,49,89,311
InternVL3.5-14B,mixed_image_and_metadata,A3->A4,5747,0,full_clean,670,0.11658256481642597,0.08526187576126674,0.031320689055159216,0.05394118670610753,130,270,62,90,83,35
InternVL3.5-14B,mixed_image_and_metadata,A3->A5,5747,0,full_clean,2130,0.370628153819384,0.3093788063337393,0.06124934748564469,0.24812945884809462,703,1022,28,53,63,261
