ladder,model,from_A1,to_A5,count,share_of_paired
Qwen3-VL,Qwen3-VL-2B,Reliable,Reliable,4540,0.7901148625130525
Qwen3-VL,Qwen3-VL-2B,Reliable,Uncertain,1188,0.20675252349460493
Qwen3-VL,Qwen3-VL-2B,Reliable,Unreliable,0,0.0
Qwen3-VL,Qwen3-VL-2B,Uncertain,Reliable,11,0.0019143752175426383
Qwen3-VL,Qwen3-VL-2B,Uncertain,Uncertain,7,0.0012182387747998607
Qwen3-VL,Qwen3-VL-2B,Uncertain,Unreliable,0,0.0
Qwen3-VL,Qwen3-VL-2B,Unreliable,Reliable,0,0.0
Qwen3-VL,Qwen3-VL-2B,Unreliable,Uncertain,0,0.0
Qwen3-VL,Qwen3-VL-2B,Unreliable,Unreliable,0,0.0
Qwen3-VL,Qwen3-VL-4B,Reliable,Reliable,937,0.16304158691491213
Qwen3-VL,Qwen3-VL-4B,Reliable,Uncertain,354,0.06159735514181312
Qwen3-VL,Qwen3-VL-4B,Reliable,Unreliable,870,0.15138333043326954
Qwen3-VL,Qwen3-VL-4B,Uncertain,Reliable,46,0.00800417609187402
Qwen3-VL,Qwen3-VL-4B,Uncertain,Uncertain,298,0.05185314076909692
Qwen3-VL,Qwen3-VL-4B,Uncertain,Unreliable,395,0.06873151209326606
Qwen3-VL,Qwen3-VL-4B,Unreliable,Reliable,200,0.034800765616843574
Qwen3-VL,Qwen3-VL-4B,Unreliable,Uncertain,876,0.15242735340177485
Qwen3-VL,Qwen3-VL-4B,Unreliable,Unreliable,1771,0.3081607795371498
Qwen3-VL,Qwen3-VL-8B,Reliable,Reliable,1037,0.1804419697233339
Qwen3-VL,Qwen3-VL-8B,Reliable,Uncertain,2903,0.5051331129284844
Qwen3-VL,Qwen3-VL-8B,Reliable,Unreliable,369,0.06420741256307638
Qwen3-VL,Qwen3-VL-8B,Uncertain,Reliable,3,0.0005220114842526536
Qwen3-VL,Qwen3-VL-8B,Uncertain,Uncertain,192,0.03340873499216983
Qwen3-VL,Qwen3-VL-8B,Uncertain,Unreliable,51,0.00887419523229511
Qwen3-VL,Qwen3-VL-8B,Unreliable,Reliable,41,0.007134156951452932
Qwen3-VL,Qwen3-VL-8B,Unreliable,Uncertain,853,0.14842526535583783
Qwen3-VL,Qwen3-VL-8B,Unreliable,Unreliable,298,0.05185314076909692
InternVL3.5,InternVL3.5-2B,Reliable,Reliable,0,0.0
InternVL3.5,InternVL3.5-2B,Reliable,Uncertain,0,0.0
InternVL3.5,InternVL3.5-2B,Reliable,Unreliable,0,0.0
InternVL3.5,InternVL3.5-2B,Uncertain,Reliable,0,0.0
InternVL3.5,InternVL3.5-2B,Uncertain,Uncertain,5650,1.0
InternVL3.5,InternVL3.5-2B,Uncertain,Unreliable,0,0.0
InternVL3.5,InternVL3.5-2B,Unreliable,Reliable,0,0.0
InternVL3.5,InternVL3.5-2B,Unreliable,Uncertain,0,0.0
InternVL3.5,InternVL3.5-2B,Unreliable,Unreliable,0,0.0
InternVL3.5,InternVL3.5-4B,Reliable,Reliable,274,0.047677048895075694
InternVL3.5,InternVL3.5-4B,Reliable,Uncertain,233,0.04054289194362276
InternVL3.5,InternVL3.5-4B,Reliable,Unreliable,1809,0.3147729250043501
InternVL3.5,InternVL3.5-4B,Uncertain,Reliable,17,0.0029580650774317036
InternVL3.5,InternVL3.5-4B,Uncertain,Uncertain,103,0.017922394292674438
InternVL3.5,InternVL3.5-4B,Uncertain,Unreliable,347,0.060379328345223596
InternVL3.5,InternVL3.5-4B,Unreliable,Reliable,110,0.019140421089263965
InternVL3.5,InternVL3.5-4B,Unreliable,Uncertain,618,0.10753436575604663
InternVL3.5,InternVL3.5-4B,Unreliable,Unreliable,2236,0.3890725595963111
InternVL3.5,InternVL3.5-8B,Reliable,Reliable,1266,0.2202888463546198
InternVL3.5,InternVL3.5-8B,Reliable,Uncertain,1692,0.2944144771184966
InternVL3.5,InternVL3.5-8B,Reliable,Unreliable,127,0.022098486166695668
InternVL3.5,InternVL3.5-8B,Uncertain,Reliable,248,0.04315294936488603
InternVL3.5,InternVL3.5-8B,Uncertain,Uncertain,2295,0.39933878545328
InternVL3.5,InternVL3.5-8B,Uncertain,Unreliable,27,0.004698103358273882
InternVL3.5,InternVL3.5-8B,Unreliable,Reliable,1,0.00017400382808421786
InternVL3.5,InternVL3.5-8B,Unreliable,Uncertain,91,0.015834348355663823
InternVL3.5,InternVL3.5-8B,Unreliable,Unreliable,0,0.0
InternVL3.5,InternVL3.5-14B,Reliable,Reliable,3273,0.5695145293196451
InternVL3.5,InternVL3.5-14B,Reliable,Uncertain,664,0.11553854184792066
InternVL3.5,InternVL3.5-14B,Reliable,Unreliable,1009,0.17556986253697582
InternVL3.5,InternVL3.5-14B,Uncertain,Reliable,31,0.005394118670610753
InternVL3.5,InternVL3.5-14B,Uncertain,Uncertain,137,0.023838524447537847
InternVL3.5,InternVL3.5-14B,Uncertain,Unreliable,49,0.008526187576126675
InternVL3.5,InternVL3.5-14B,Unreliable,Reliable,89,0.015486340699495388
InternVL3.5,InternVL3.5-14B,Unreliable,Uncertain,311,0.054115190534191754
InternVL3.5,InternVL3.5-14B,Unreliable,Unreliable,184,0.03201670436749608
Qwen2.5-VL,Qwen2.5-VL-3B,Reliable,Reliable,5691,0.9902557856272838
Qwen2.5-VL,Qwen2.5-VL-3B,Reliable,Uncertain,0,0.0
Qwen2.5-VL,Qwen2.5-VL-3B,Reliable,Unreliable,0,0.0
Qwen2.5-VL,Qwen2.5-VL-3B,Uncertain,Reliable,0,0.0
Qwen2.5-VL,Qwen2.5-VL-3B,Uncertain,Uncertain,0,0.0
Qwen2.5-VL,Qwen2.5-VL-3B,Uncertain,Unreliable,0,0.0
Qwen2.5-VL,Qwen2.5-VL-3B,Unreliable,Reliable,56,0.0097442143727162
Qwen2.5-VL,Qwen2.5-VL-3B,Unreliable,Uncertain,0,0.0
Qwen2.5-VL,Qwen2.5-VL-3B,Unreliable,Unreliable,0,0.0
Qwen2.5-VL,Qwen2.5-VL-7B,Reliable,Reliable,2595,0.45153993387854535
Qwen2.5-VL,Qwen2.5-VL-7B,Reliable,Uncertain,227,0.03949886897511745
Qwen2.5-VL,Qwen2.5-VL-7B,Reliable,Unreliable,771,0.13415695145293197
Qwen2.5-VL,Qwen2.5-VL-7B,Uncertain,Reliable,413,0.07186358099878197
Qwen2.5-VL,Qwen2.5-VL-7B,Uncertain,Uncertain,202,0.035148773273012
Qwen2.5-VL,Qwen2.5-VL-7B,Uncertain,Unreliable,1160,0.2018444405776927
Qwen2.5-VL,Qwen2.5-VL-7B,Unreliable,Reliable,57,0.009918218200800417
Qwen2.5-VL,Qwen2.5-VL-7B,Unreliable,Uncertain,26,0.004524099530189664
Qwen2.5-VL,Qwen2.5-VL-7B,Unreliable,Unreliable,296,0.05150513311292849
