ladder,rank_in_ladder,model_key,model,nominal_b,params_billions_counted,status,single_label_A1_and_A5,n_paired_A1_A5,A1_n,A1_R,A1_U,A1_Ur,A1_entropy,A1_majority_share,A5_n,A5_R,A5_U,A5_Ur,A5_entropy,A5_majority_share,changed,toward_rejection,toward_acceptance,into_U,into_Ur,changed_Q1_confidence,changed_Q5_confidence,Q1_minus_Q5_confidence,Q1_minus_Q5_confidence_ci,verdict_confidence,changed_Q1_box_area,changed_Q5_box_area,Q1_minus_Q5_box_area,Q1_minus_Q5_box_area_ci,verdict_box_area,note,changed_ci_low,changed_ci_high,toward_rejection_ci_low,toward_rejection_ci_high,toward_acceptance_ci_low,toward_acceptance_ci_high,into_U_ci_low,into_U_ci_high,into_Ur_ci_low,into_Ur_ci_high
Qwen3-VL,1,qwen3_vl_2b,Qwen3-VL-2B,2,2.13,"five conditions usable (partial: A3,A5)",False,5746.0,5747.0,0.996867931094484,0.0031320689055159,0.0,0.030566178982438,0.996867931094484,5746.0,0.7920292377305952,0.2079707622694048,0.0,0.7375859792896375,0.7920292377305952,0.20866689871214758,0.20675252349460493,0.0019143752175426383,0.20675252349460493,0.0,0.4634782608695652,0.0234782608695652,0.44,"[0.410, 0.471]",supports,0.42,0.0739130434782608,0.3460869565217391,"[0.311, 0.380]",supports,,0.19710662384821054,0.220634149477405,0.19544285770136313,0.21832877498954142,0.0006751824838272034,0.0036396726964182547,0.19544285770136313,0.21832877498954142,0.0,0.0
Qwen3-VL,2,qwen3_vl_4b,Qwen3-VL-4B,4,4.44,five conditions usable,False,5747.0,5747.0,0.3760222724899947,0.1285888289542369,0.4953888985557682,1.4131345988572237,0.4953888985557682,5747.0,0.2058465286236297,0.2658778493126849,0.5282756220636854,1.463890507993065,0.5282756220636854,0.47694449277884116,0.2817121976683487,0.19523229511049242,0.21402470854358796,0.22011484252653557,0.4478260869565217,0.388695652173913,0.0591304347826087,"[0.017, 0.099]",supports,0.42,0.417391304347826,0.0026086956521739,"[-0.038, 0.043]",null (CI includes 0),,0.4624262444483748,0.49051832884490115,0.26660851297395116,0.2966715741001011,0.1830569151710747,0.2072192776204543,0.20200098041552458,0.22614769938997878,0.2070574154313959,0.23352820072992764
Qwen3-VL,3,qwen3_vl,Qwen3-VL-8B,8,8.77,five conditions usable,False,5747.0,5747.0,0.7497824952148947,0.0428049417087175,0.2074125630763876,0.9768034558943984,0.7497824952148947,5747.0,0.1880981381590395,0.6869671132764921,0.1249347485644684,1.2004193058207986,0.6869671132764921,0.7342961545153993,0.5782147207238559,0.1560814337915434,0.6535583782843223,0.0730816077953715,0.7539130434782608,0.4878260869565217,0.2660869565217391,"[0.226, 0.307]",supports,0.7860869565217391,0.5043478260869565,0.2817391304347826,"[0.240, 0.321]",supports,,0.7214075963013412,0.7472234466834593,0.5612429918370743,0.5947152235000178,0.14426117150316112,0.16825546270093528,0.6382967574096442,0.6684822935722585,0.06485069549156222,0.08125135939878947
Qwen3-VL,4,qwen3_vl_32b,Qwen3-VL-32B,32,33.36,pending (0 of 5 conditions usable),,,,,,,,,,,,,,,,,,,,,,,,,,,,,,"submitted 2026-10-04 (Slurm 8370171-75), pending",,,,,,,,,,
InternVL3.5,1,internvl3_5_hf_2b,InternVL3.5-2B,2,2.35,"five conditions usable (partial: A1,A2,A3,A4,A5)",True,5650.0,5743.0,0.0,1.0,0.0,0.0,1.0,5654.0,0.0,1.0,0.0,0.0,1.0,0.0,0.0,0.0,0.0,0.0,0.0,0.0,0.0,"[0.000, 0.000]",not evaluable (single label in both conditions),0.0,0.0,0.0,"[0.000, 0.000]",not evaluable (single label in both conditions),,0.0,0.0,0.0,0.0,0.0,0.0,0.0,0.0,0.0,0.0
InternVL3.5,2,internvl3_5_hf_4b,InternVL3.5-4B,4,4.73,five conditions usable,False,5747.0,5747.0,0.4029928658430485,0.0812597877153297,0.5157473464416217,1.315335608416586,0.5157473464416217,5747.0,0.0697755350617713,0.1659996519923438,0.7642248129458848,0.994546981486616,0.7642248129458848,0.5453279972159387,0.41569514529319646,0.1296328519227423,0.1480772576996694,0.3751522533495737,0.4295652173913043,0.6982608695652174,-0.268695652173913,"[-0.311, -0.227]",reverses,0.4278260869565217,0.6730434782608695,-0.2452173913043477,"[-0.287, -0.203]",reverses,,0.5286294250966125,0.5616937624669919,0.39857469427794323,0.43300514855122973,0.11976751375888027,0.1391463872590109,0.13805350274492215,0.1582240527687949,0.35878116866541887,0.39183604747333683
InternVL3.5,3,internvl3_5_hf,InternVL3.5-8B,8,8.53,five conditions usable,False,5747.0,5747.0,0.536801809639812,0.4471898381764398,0.016008352183748,1.0964962443714277,0.536801809639812,5747.0,0.26361579954759,0.7095876109274404,0.0267965895249695,0.9981977520134896,0.7095876109274404,0.38037236819210024,0.32121106664346616,0.05916130154863407,0.31024882547416044,0.02679658952496955,0.2234782608695652,0.3921739130434782,-0.168695652173913,"[-0.206, -0.131]",reverses,0.2,0.4295652173913043,-0.2295652173913043,"[-0.269, -0.189]",reverses,,0.36611544657705103,0.39436952710406964,0.3063850928918836,0.33519986847636857,0.05276518534295864,0.06644191260081272,0.29657172602972054,0.32325752017608217,0.022260050643502033,0.0317968582992756
InternVL3.5,4,internvl3_5_hf_14b,InternVL3.5-14B,14,15.12,five conditions usable,False,5747.0,5747.0,0.8606229337045415,0.0377588306942752,0.1016182356011832,0.7000677953876946,0.8606229337045415,5747.0,0.5903949886897512,0.1934922568296502,0.2161127544805985,1.3849960291559724,0.5903949886897512,0.374630241865321,0.29963459196102316,0.0749956499042979,0.1696537323821124,0.18409605011310248,0.5817391304347826,0.1460869565217391,0.4356521739130435,"[0.398, 0.471]",supports,0.6026086956521739,0.2278260869565217,0.3747826086956521,"[0.335, 0.415]",supports,,0.3603920383285193,0.38826716121155064,0.28494379276637344,0.3134104096164292,0.06774528792339411,0.08345458764320154,0.1594706251347696,0.1812112639278528,0.17213035746094132,0.1961672301086522
Qwen2.5-VL,1,qwen2_5_vl_3b,Qwen2.5-VL-3B,3,3.75,five conditions usable,False,5747.0,5747.0,0.9902557856272838,0.0,0.0097442143727162,0.0790926338155666,0.9902557856272838,5747.0,1.0,0.0,0.0,0.0,1.0,0.0097442143727162,0.0,0.0097442143727162,0.0,0.0,0.02,0.0043478260869565,0.0156521739130434,"[0.007, 0.026]",supports,0.0226086956521739,0.0026086956521739,0.02,"[0.010, 0.032]",supports,,0.006411172997751556,0.01368691297437557,0.0,0.0,0.006411172997751556,0.01368691297437557,0.0,0.0,0.0,0.0
Qwen2.5-VL,2,qwen2_5_vl,Qwen2.5-VL-7B,7,8.29,five conditions usable,False,5747.0,5747.0,0.6251957543065948,0.3088567948494867,0.0659474508439185,1.205835871871677,0.6251957543065948,5747.0,0.5333217330781277,0.0791717417783191,0.3875065251435531,1.3033559351239812,0.5333217330781277,0.4618061597355142,0.37550026100574213,0.08630589872977205,0.04402296850530712,0.3360013920306247,0.74,0.1217391304347826,0.6182608695652174,"[0.584, 0.652]",supports,0.7252173913043478,0.1234782608695652,0.6017391304347826,"[0.565, 0.635]",supports,,0.44645829993429326,0.47743931076689394,0.36132475313857504,0.39016855987596827,0.07721165248070973,0.095743512879999,0.038559970194064326,0.04957398514949798,0.3216172219642406,0.35059321214909434
Qwen2.5-VL,3,qwen2_5_vl_32b,Qwen2.5-VL-32B,32,,not run,,,,,,,,,,,,,,,,,,,,,,,,,,,,,,qualification probe only; full cohort not run,,,,,,,,,,
