submitted_utc,model,condition,job_id,partition,gres,experiment_id,results_dir,git_commit,checkpoint_revision
2026-10-02T01:32:29Z,qwen3_vl_4b,A1,8365266,yangGrp,gpu:L40S:1,20261001_qwen3_vl_4b_A1A5_5747,outputs/verification/qwen3_vl_4b/20261001_qwen3_vl_4b_A1A5_5747/A1,887b66645a3284ffc2e647634843d9c39a691b69,ebb281ec70b05090aa6165b016eac8ec08e71b17
2026-10-02T01:32:29Z,qwen3_vl_4b,A2,8365267,yangGrp,gpu:L40S:1,20261001_qwen3_vl_4b_A1A5_5747,outputs/verification/qwen3_vl_4b/20261001_qwen3_vl_4b_A1A5_5747/A2,887b66645a3284ffc2e647634843d9c39a691b69,ebb281ec70b05090aa6165b016eac8ec08e71b17
2026-10-02T01:32:29Z,qwen3_vl_4b,A3,8365268,yangGrp,gpu:L40S:1,20261001_qwen3_vl_4b_A1A5_5747,outputs/verification/qwen3_vl_4b/20261001_qwen3_vl_4b_A1A5_5747/A3,887b66645a3284ffc2e647634843d9c39a691b69,ebb281ec70b05090aa6165b016eac8ec08e71b17
2026-10-02T01:32:29Z,qwen3_vl_4b,A4,8365269,yangGrp,gpu:L40S:1,20261001_qwen3_vl_4b_A1A5_5747,outputs/verification/qwen3_vl_4b/20261001_qwen3_vl_4b_A1A5_5747/A4,887b66645a3284ffc2e647634843d9c39a691b69,ebb281ec70b05090aa6165b016eac8ec08e71b17
2026-10-02T01:32:29Z,qwen3_vl_4b,A5,8365270,yangGrp,gpu:L40S:1,20261001_qwen3_vl_4b_A1A5_5747,outputs/verification/qwen3_vl_4b/20261001_qwen3_vl_4b_A1A5_5747/A5,887b66645a3284ffc2e647634843d9c39a691b69,ebb281ec70b05090aa6165b016eac8ec08e71b17
2026-10-02T02:05:32Z,qwen3_vl_2b,A1,8365405,yangGrp,gpu:L40S:1,20261001_qwen3_vl_2b_A1A5_5747,outputs/verification/qwen3_vl_2b/20261001_qwen3_vl_2b_A1A5_5747/A1,0def2381acbed5328da78f0ac0fbf4dd7e7b8ddf,89644892e4d85e24eaac8bacfd4f463576704203
2026-10-02T02:05:32Z,qwen3_vl_2b,A2,8365406,yangGrp,gpu:L40S:1,20261001_qwen3_vl_2b_A1A5_5747,outputs/verification/qwen3_vl_2b/20261001_qwen3_vl_2b_A1A5_5747/A2,0def2381acbed5328da78f0ac0fbf4dd7e7b8ddf,89644892e4d85e24eaac8bacfd4f463576704203
2026-10-02T02:05:32Z,qwen3_vl_2b,A3,8365407,yangGrp,gpu:L40S:1,20261001_qwen3_vl_2b_A1A5_5747,outputs/verification/qwen3_vl_2b/20261001_qwen3_vl_2b_A1A5_5747/A3,0def2381acbed5328da78f0ac0fbf4dd7e7b8ddf,89644892e4d85e24eaac8bacfd4f463576704203
2026-10-02T02:05:32Z,qwen3_vl_2b,A4,8365408,yangGrp,gpu:L40S:1,20261001_qwen3_vl_2b_A1A5_5747,outputs/verification/qwen3_vl_2b/20261001_qwen3_vl_2b_A1A5_5747/A4,0def2381acbed5328da78f0ac0fbf4dd7e7b8ddf,89644892e4d85e24eaac8bacfd4f463576704203
2026-10-02T02:05:32Z,qwen3_vl_2b,A5,8365409,yangGrp,gpu:L40S:1,20261001_qwen3_vl_2b_A1A5_5747,outputs/verification/qwen3_vl_2b/20261001_qwen3_vl_2b_A1A5_5747/A5,0def2381acbed5328da78f0ac0fbf4dd7e7b8ddf,89644892e4d85e24eaac8bacfd4f463576704203
2026-10-02T02:05:48Z,qwen3_vl_2b,A1,8365410,yangGrp,gpu:L40S:1,20261001_qwen3_vl_2b_A1A5_5747,outputs/verification/qwen3_vl_2b/20261001_qwen3_vl_2b_A1A5_5747/A1,0def2381acbed5328da78f0ac0fbf4dd7e7b8ddf,89644892e4d85e24eaac8bacfd4f463576704203
2026-10-02T02:05:48Z,qwen3_vl_2b,A2,8365411,yangGrp,gpu:L40S:1,20261001_qwen3_vl_2b_A1A5_5747,outputs/verification/qwen3_vl_2b/20261001_qwen3_vl_2b_A1A5_5747/A2,0def2381acbed5328da78f0ac0fbf4dd7e7b8ddf,89644892e4d85e24eaac8bacfd4f463576704203
2026-10-02T02:05:48Z,qwen3_vl_2b,A3,8365412,yangGrp,gpu:L40S:1,20261001_qwen3_vl_2b_A1A5_5747,outputs/verification/qwen3_vl_2b/20261001_qwen3_vl_2b_A1A5_5747/A3,0def2381acbed5328da78f0ac0fbf4dd7e7b8ddf,89644892e4d85e24eaac8bacfd4f463576704203
2026-10-02T02:05:48Z,qwen3_vl_2b,A4,8365413,yangGrp,gpu:L40S:1,20261001_qwen3_vl_2b_A1A5_5747,outputs/verification/qwen3_vl_2b/20261001_qwen3_vl_2b_A1A5_5747/A4,0def2381acbed5328da78f0ac0fbf4dd7e7b8ddf,89644892e4d85e24eaac8bacfd4f463576704203
2026-10-02T02:05:48Z,qwen3_vl_2b,A5,8365414,yangGrp,gpu:L40S:1,20261001_qwen3_vl_2b_A1A5_5747,outputs/verification/qwen3_vl_2b/20261001_qwen3_vl_2b_A1A5_5747/A5,0def2381acbed5328da78f0ac0fbf4dd7e7b8ddf,89644892e4d85e24eaac8bacfd4f463576704203
2026-10-02T02:22:14Z,internvl3_5_hf_4b,A1,8365421,yangGrp,gpu:L40S:1,20261001_internvl3_5_hf_4b_A1A5_5747,outputs/verification/internvl3_5_hf_4b/20261001_internvl3_5_hf_4b_A1A5_5747/A1,316165c7dc7328ad464d6b563c5ae4de0d6df97a,6bd4487402110ef9889ba50eb7aefeb302526fed
2026-10-02T02:22:14Z,internvl3_5_hf_4b,A2,8365422,yangGrp,gpu:L40S:1,20261001_internvl3_5_hf_4b_A1A5_5747,outputs/verification/internvl3_5_hf_4b/20261001_internvl3_5_hf_4b_A1A5_5747/A2,316165c7dc7328ad464d6b563c5ae4de0d6df97a,6bd4487402110ef9889ba50eb7aefeb302526fed
2026-10-02T02:22:14Z,internvl3_5_hf_4b,A3,8365423,yangGrp,gpu:L40S:1,20261001_internvl3_5_hf_4b_A1A5_5747,outputs/verification/internvl3_5_hf_4b/20261001_internvl3_5_hf_4b_A1A5_5747/A3,316165c7dc7328ad464d6b563c5ae4de0d6df97a,6bd4487402110ef9889ba50eb7aefeb302526fed
2026-10-02T02:22:14Z,internvl3_5_hf_4b,A4,8365424,yangGrp,gpu:L40S:1,20261001_internvl3_5_hf_4b_A1A5_5747,outputs/verification/internvl3_5_hf_4b/20261001_internvl3_5_hf_4b_A1A5_5747/A4,316165c7dc7328ad464d6b563c5ae4de0d6df97a,6bd4487402110ef9889ba50eb7aefeb302526fed
2026-10-02T02:22:14Z,internvl3_5_hf_4b,A5,8365425,yangGrp,gpu:L40S:1,20261001_internvl3_5_hf_4b_A1A5_5747,outputs/verification/internvl3_5_hf_4b/20261001_internvl3_5_hf_4b_A1A5_5747/A5,316165c7dc7328ad464d6b563c5ae4de0d6df97a,6bd4487402110ef9889ba50eb7aefeb302526fed
2026-10-02T03:07:50Z,internvl3_5_hf_14b,A1,8365441,yangGrp,gpu:L40S:1,20261001_internvl3_5_hf_14b_A1A5_5747,outputs/verification/internvl3_5_hf_14b/20261001_internvl3_5_hf_14b_A1A5_5747/A1,316165c7dc7328ad464d6b563c5ae4de0d6df97a,226b96d5912e69159abc0384cefcbd51487fdce0
2026-10-02T03:07:50Z,internvl3_5_hf_14b,A2,8365442,yangGrp,gpu:L40S:1,20261001_internvl3_5_hf_14b_A1A5_5747,outputs/verification/internvl3_5_hf_14b/20261001_internvl3_5_hf_14b_A1A5_5747/A2,316165c7dc7328ad464d6b563c5ae4de0d6df97a,226b96d5912e69159abc0384cefcbd51487fdce0
2026-10-02T03:07:50Z,internvl3_5_hf_14b,A3,8365443,yangGrp,gpu:L40S:1,20261001_internvl3_5_hf_14b_A1A5_5747,outputs/verification/internvl3_5_hf_14b/20261001_internvl3_5_hf_14b_A1A5_5747/A3,316165c7dc7328ad464d6b563c5ae4de0d6df97a,226b96d5912e69159abc0384cefcbd51487fdce0
2026-10-02T03:07:50Z,internvl3_5_hf_14b,A4,8365444,yangGrp,gpu:L40S:1,20261001_internvl3_5_hf_14b_A1A5_5747,outputs/verification/internvl3_5_hf_14b/20261001_internvl3_5_hf_14b_A1A5_5747/A4,316165c7dc7328ad464d6b563c5ae4de0d6df97a,226b96d5912e69159abc0384cefcbd51487fdce0
2026-10-02T03:07:50Z,internvl3_5_hf_14b,A5,8365445,yangGrp,gpu:L40S:1,20261001_internvl3_5_hf_14b_A1A5_5747,outputs/verification/internvl3_5_hf_14b/20261001_internvl3_5_hf_14b_A1A5_5747/A5,316165c7dc7328ad464d6b563c5ae4de0d6df97a,226b96d5912e69159abc0384cefcbd51487fdce0
2026-10-02T03:43:04Z,internvl3_5_hf_2b,A1,8365453,yangGrp,gpu:L40S:1,20261001_internvl3_5_hf_2b_A1A5_5747,outputs/verification/internvl3_5_hf_2b/20261001_internvl3_5_hf_2b_A1A5_5747/A1,316165c7dc7328ad464d6b563c5ae4de0d6df97a,3f301ffcf3dcbb47893afae6650ea3e78d96fb6d
2026-10-02T03:43:04Z,internvl3_5_hf_2b,A2,8365454,yangGrp,gpu:L40S:1,20261001_internvl3_5_hf_2b_A1A5_5747,outputs/verification/internvl3_5_hf_2b/20261001_internvl3_5_hf_2b_A1A5_5747/A2,316165c7dc7328ad464d6b563c5ae4de0d6df97a,3f301ffcf3dcbb47893afae6650ea3e78d96fb6d
2026-10-02T03:43:04Z,internvl3_5_hf_2b,A3,8365455,yangGrp,gpu:L40S:1,20261001_internvl3_5_hf_2b_A1A5_5747,outputs/verification/internvl3_5_hf_2b/20261001_internvl3_5_hf_2b_A1A5_5747/A3,316165c7dc7328ad464d6b563c5ae4de0d6df97a,3f301ffcf3dcbb47893afae6650ea3e78d96fb6d
2026-10-02T03:43:04Z,internvl3_5_hf_2b,A4,8365456,yangGrp,gpu:L40S:1,20261001_internvl3_5_hf_2b_A1A5_5747,outputs/verification/internvl3_5_hf_2b/20261001_internvl3_5_hf_2b_A1A5_5747/A4,316165c7dc7328ad464d6b563c5ae4de0d6df97a,3f301ffcf3dcbb47893afae6650ea3e78d96fb6d
2026-10-02T03:43:04Z,internvl3_5_hf_2b,A5,8365457,yangGrp,gpu:L40S:1,20261001_internvl3_5_hf_2b_A1A5_5747,outputs/verification/internvl3_5_hf_2b/20261001_internvl3_5_hf_2b_A1A5_5747/A5,316165c7dc7328ad464d6b563c5ae4de0d6df97a,3f301ffcf3dcbb47893afae6650ea3e78d96fb6d
2026-10-02T17:49:20Z,qwen2_5_vl_3b,A1,8365879,yangGrp,gpu:L40S:1,20261002_qwen2_5_vl_3b_A1A5_5747,outputs/verification/qwen2_5_vl_3b/20261002_qwen2_5_vl_3b_A1A5_5747/A1,8bcde0a5007d4c3be4141091b6352a90244f23c0,66285546d2b821cf421d4f5eb2576359d3770cd3
2026-10-02T17:49:20Z,qwen2_5_vl_3b,A2,8365880,yangGrp,gpu:L40S:1,20261002_qwen2_5_vl_3b_A1A5_5747,outputs/verification/qwen2_5_vl_3b/20261002_qwen2_5_vl_3b_A1A5_5747/A2,8bcde0a5007d4c3be4141091b6352a90244f23c0,66285546d2b821cf421d4f5eb2576359d3770cd3
2026-10-02T17:49:20Z,qwen2_5_vl_3b,A3,8365881,yangGrp,gpu:L40S:1,20261002_qwen2_5_vl_3b_A1A5_5747,outputs/verification/qwen2_5_vl_3b/20261002_qwen2_5_vl_3b_A1A5_5747/A3,8bcde0a5007d4c3be4141091b6352a90244f23c0,66285546d2b821cf421d4f5eb2576359d3770cd3
2026-10-02T17:49:20Z,qwen2_5_vl_3b,A4,8365882,yangGrp,gpu:L40S:1,20261002_qwen2_5_vl_3b_A1A5_5747,outputs/verification/qwen2_5_vl_3b/20261002_qwen2_5_vl_3b_A1A5_5747/A4,8bcde0a5007d4c3be4141091b6352a90244f23c0,66285546d2b821cf421d4f5eb2576359d3770cd3
2026-10-02T17:49:20Z,qwen2_5_vl_3b,A5,8365883,yangGrp,gpu:L40S:1,20261002_qwen2_5_vl_3b_A1A5_5747,outputs/verification/qwen2_5_vl_3b/20261002_qwen2_5_vl_3b_A1A5_5747/A5,8bcde0a5007d4c3be4141091b6352a90244f23c0,66285546d2b821cf421d4f5eb2576359d3770cd3
2026-10-02T17:49:20Z,minicpm_v4_5,A2,8365884,gpu_small,gpu:H200_141:1,20260923_minicpm_A1A5_5747,outputs/verification/minicpm_v4_5/20260923_minicpm_A1A5_5747/A2,8bcde0a5007d4c3be4141091b6352a90244f23c0,
2026-10-02T17:49:20Z,minicpm_v4_5,A3,8365885,gpu_small,gpu:H200_141:1,20260923_minicpm_A1A5_5747,outputs/verification/minicpm_v4_5/20260923_minicpm_A1A5_5747/A3,8bcde0a5007d4c3be4141091b6352a90244f23c0,
2026-10-02T17:49:20Z,minicpm_v4_5,A4,8365886,gpu_small,gpu:H200_141:1,20260923_minicpm_A1A5_5747,outputs/verification/minicpm_v4_5/20260923_minicpm_A1A5_5747/A4,8bcde0a5007d4c3be4141091b6352a90244f23c0,
2026-10-02T17:49:20Z,minicpm_v4_5,A5,8365887,gpu_small,gpu:H200_141:1,20260923_minicpm_A1A5_5747,outputs/verification/minicpm_v4_5/20260923_minicpm_A1A5_5747/A5,8bcde0a5007d4c3be4141091b6352a90244f23c0,
2026-10-02T17:49:21Z,molmo2_8b,A2,8365888,gpu_small,gpu:H200_141:1,20260923_molmo2_A1A5_5747,outputs/verification/molmo2_8b/20260923_molmo2_A1A5_5747/A2,8bcde0a5007d4c3be4141091b6352a90244f23c0,
2026-10-02T17:49:21Z,molmo2_8b,A3,8365889,gpu_small,gpu:H200_141:1,20260923_molmo2_A1A5_5747,outputs/verification/molmo2_8b/20260923_molmo2_A1A5_5747/A3,8bcde0a5007d4c3be4141091b6352a90244f23c0,
2026-10-02T17:49:21Z,molmo2_8b,A4,8365890,gpu_small,gpu:H200_141:1,20260923_molmo2_A1A5_5747,outputs/verification/molmo2_8b/20260923_molmo2_A1A5_5747/A4,8bcde0a5007d4c3be4141091b6352a90244f23c0,
2026-10-02T17:49:21Z,molmo2_8b,A5,8365891,gpu_small,gpu:H200_141:1,20260923_molmo2_A1A5_5747,outputs/verification/molmo2_8b/20260923_molmo2_A1A5_5747/A5,8bcde0a5007d4c3be4141091b6352a90244f23c0,
2026-10-04T20:07:14Z,qwen3_vl_32b,A1,8370171,gpu_small,gpu:A100_80:1,20261004_qwen3_vl_32b_A1A5_5747,outputs/verification/qwen3_vl_32b/20261004_qwen3_vl_32b_A1A5_5747/A1,e637af29334cd895f27e7c82453570ca14786426,0cfaf48183f594c314753d30a4c4974bc75f3ccb
2026-10-04T20:07:14Z,qwen3_vl_32b,A2,8370172,gpu_small,gpu:A100_80:1,20261004_qwen3_vl_32b_A1A5_5747,outputs/verification/qwen3_vl_32b/20261004_qwen3_vl_32b_A1A5_5747/A2,e637af29334cd895f27e7c82453570ca14786426,0cfaf48183f594c314753d30a4c4974bc75f3ccb
2026-10-04T20:07:14Z,qwen3_vl_32b,A3,8370173,gpu_small,gpu:A100_80:1,20261004_qwen3_vl_32b_A1A5_5747,outputs/verification/qwen3_vl_32b/20261004_qwen3_vl_32b_A1A5_5747/A3,e637af29334cd895f27e7c82453570ca14786426,0cfaf48183f594c314753d30a4c4974bc75f3ccb
2026-10-04T20:07:14Z,qwen3_vl_32b,A4,8370174,gpu_small,gpu:A100_80:1,20261004_qwen3_vl_32b_A1A5_5747,outputs/verification/qwen3_vl_32b/20261004_qwen3_vl_32b_A1A5_5747/A4,e637af29334cd895f27e7c82453570ca14786426,0cfaf48183f594c314753d30a4c4974bc75f3ccb
2026-10-04T20:07:14Z,qwen3_vl_32b,A5,8370175,gpu_small,gpu:A100_80:1,20261004_qwen3_vl_32b_A1A5_5747,outputs/verification/qwen3_vl_32b/20261004_qwen3_vl_32b_A1A5_5747/A5,e637af29334cd895f27e7c82453570ca14786426,0cfaf48183f594c314753d30a4c4974bc75f3ccb
