model_key,model,family,condition,condition_status,n_valid,n_invalid_excluded,n_R,n_U,n_Ur,share_R,share_U,share_Ur,labels_used,labels_never_used,majority_label,majority_share,entropy_bits,entropy_normalised,diag_single_label,diag_majority_ge_0.99,diag_majority_ge_0.95
qwen2_5_vl,Qwen2.5-VL-7B,Qwen2.5-VL,A1,full_clean,5747,0,3593,1775,379,0.6251957543065948,0.3088567948494867,0.06594745084391856,3,,Reliable,0.6251957543065948,1.205835871871677,0.7607977294876208,False,False,False
qwen2_5_vl,Qwen2.5-VL-7B,Qwen2.5-VL,A2,full_clean,5747,0,4268,1344,135,0.7426483382634418,0.23386114494518878,0.02349051679136941,3,,Reliable,0.7426483382634418,0.9361439027208862,0.5906410418511112,False,False,False
qwen2_5_vl,Qwen2.5-VL-7B,Qwen2.5-VL,A3,full_clean,5747,0,4416,1313,18,0.7684009048199061,0.22846702627457804,0.0031320689055159214,3,,Reliable,0.7684009048199061,0.8047214566941671,0.5077227103657151,False,False,False
qwen2_5_vl,Qwen2.5-VL-7B,Qwen2.5-VL,A4,full_clean,5747,0,3570,1557,620,0.6211936662606578,0.2709239603271272,0.10788237341221507,3,,Reliable,0.6211936662606578,1.283688974991167,0.8099175686535739,False,False,False
qwen2_5_vl,Qwen2.5-VL-7B,Qwen2.5-VL,A5,full_clean,5747,0,3065,455,2227,0.5333217330781277,0.07917174177831912,0.38750652514355316,3,,Reliable,0.5333217330781277,1.3033559351239812,0.82232603896367,False,False,False
qwen3_vl,Qwen3-VL-8B,Qwen3-VL,A1,full_clean,5747,0,4309,246,1192,0.7497824952148947,0.04280494170871759,0.20741256307638767,3,,Reliable,0.7497824952148947,0.9768034558943983,0.6162943637152007,False,False,False
qwen3_vl,Qwen3-VL-8B,Qwen3-VL,A2,full_clean,5747,0,4636,401,710,0.806681746998434,0.06977553506177137,0.12354271793979467,3,,Reliable,0.806681746998434,0.8907491576577895,0.5620001465350125,False,False,False
qwen3_vl,Qwen3-VL-8B,Qwen3-VL,A3,full_clean,5747,0,4221,367,1159,0.7344701583434835,0.06385940490690795,0.2016704367496085,3,,Reliable,0.7344701583434835,1.0463034265576354,0.6601439630789805,False,False,False
qwen3_vl,Qwen3-VL-8B,Qwen3-VL,A4,full_clean,5747,0,5051,276,420,0.8788933356533843,0.04802505655124413,0.0730816077953715,3,,Reliable,0.8788933356533843,0.6498735636432129,0.4100245673620172,False,False,False
qwen3_vl,Qwen3-VL-8B,Qwen3-VL,A5,full_clean,5747,0,1081,3948,718,0.1880981381590395,0.6869671132764921,0.12493474856446841,3,,Uncertain,0.6869671132764921,1.2004193058207986,0.7573802568039365,False,False,False
qwen3_vl_4b,Qwen3-VL-4B,Qwen3-VL,A1,full_clean,5747,0,2161,739,2847,0.37602227248999476,0.12858882895423698,0.49538889855576823,3,,Unreliable,0.49538889855576823,1.4131345988572237,0.8915886642202886,False,False,False
qwen3_vl_4b,Qwen3-VL-4B,Qwen3-VL,A2,full_clean,5747,0,2729,516,2502,0.47485644684183054,0.08978597529145642,0.4353575778667131,3,,Reliable,0.47485644684183054,1.344732230807671,0.8484315750030802,False,False,False
qwen3_vl_4b,Qwen3-VL-4B,Qwen3-VL,A3,full_clean,5747,0,2683,437,2627,0.4668522707499565,0.07603967287280321,0.4571080563772403,3,,Reliable,0.4668522707499565,1.3119548344698635,0.8277513404089533,False,False,False
qwen3_vl_4b,Qwen3-VL-4B,Qwen3-VL,A4,full_clean,5747,0,2101,349,3297,0.3655820428049417,0.06072733600139203,0.5736906211936662,3,,Unreliable,0.5736906211936662,1.2360596647203046,0.7798668196616001,False,False,False
qwen3_vl_4b,Qwen3-VL-4B,Qwen3-VL,A5,full_clean,5747,0,1183,1528,3036,0.20584652862362973,0.2658778493126849,0.5282756220636854,3,,Unreliable,0.5282756220636854,1.463890507993065,0.9236120774636603,False,False,False
internvl3_5_hf,InternVL3.5-8B,InternVL3.5,A1,full_clean,5747,0,3085,2570,92,0.536801809639812,0.44718983817643987,0.01600835218374804,3,,Reliable,0.536801809639812,1.0964962443714277,0.6918121052532935,False,False,False
internvl3_5_hf,InternVL3.5-8B,InternVL3.5,A2,full_clean,5747,0,3497,2239,11,0.6084913868105098,0.3895945710805638,0.0019140421089263965,3,,Reliable,0.6084913868105098,0.9832135485592839,0.6203386819006272,False,False,False
internvl3_5_hf,InternVL3.5-8B,InternVL3.5,A3,full_clean,5747,0,3420,2298,29,0.5950930920480251,0.3998607969375326,0.005046111014442318,3,,Reliable,0.5950930920480251,1.0129062104311948,0.6390726657383525,False,False,False
internvl3_5_hf,InternVL3.5-8B,InternVL3.5,A4,full_clean,5747,0,3343,2399,5,0.5816947972855403,0.41743518357403864,0.0008700191404210892,3,,Reliable,0.5816947972855403,0.9896613025534591,0.6244067617392616,False,False,False
internvl3_5_hf,InternVL3.5-8B,InternVL3.5,A5,full_clean,5747,0,1515,4078,154,0.26361579954759007,0.7095876109274404,0.02679658952496955,3,,Uncertain,0.7095876109274404,0.9981977520134897,0.6297926616934539,False,False,False
glm_4_6v_flash,GLM-4.6V-Flash,GLM-4.6V,A1,full_clean,5747,0,3719,50,1978,0.6471202366452062,0.008700191404210893,0.3441795719505829,3,,Reliable,0.6471202366452062,0.9954856697229608,0.628081528282225,False,False,False
glm_4_6v_flash,GLM-4.6V-Flash,GLM-4.6V,A2,full_clean,5747,0,3783,57,1907,0.6582564816425961,0.009918218200800417,0.33182530015660344,3,,Reliable,0.6582564816425961,0.9912259117978927,0.6253939202642876,False,False,False
glm_4_6v_flash,GLM-4.6V-Flash,GLM-4.6V,A3,full_clean,5747,0,3696,100,1951,0.6431181485992692,0.017400382808421787,0.33948146859230904,3,,Reliable,0.6431181485992692,1.040380997624963,0.656407326451945,False,False,False
glm_4_6v_flash,GLM-4.6V-Flash,GLM-4.6V,A4,full_clean,5747,0,3960,64,1723,0.6890551592135027,0.011136244997389943,0.29980859578910735,3,,Reliable,0.6890551592135027,0.9635271064933532,0.6079179198592708,False,False,False
glm_4_6v_flash,GLM-4.6V-Flash,GLM-4.6V,A5,full_clean,5747,0,2163,1082,2502,0.3763702801461632,0.18827214198712372,0.4353575778667131,3,,Unreliable,0.4353575778667131,1.506475937031641,0.9504804917127038,False,False,False
phi4_multimodal,Phi-4-multimodal,Phi-4,A1,full_clean,5747,0,4985,0,762,0.867409082999826,0.0,0.132590917000174,2,Uncertain,Reliable,0.867409082999826,0.5645012098649166,0.3561606092308614,False,False,False
phi4_multimodal,Phi-4-multimodal,Phi-4,A2,full_clean,5747,0,5012,0,735,0.8721071863580999,0.0,0.1278928136419001,2,Uncertain,Reliable,0.8721071863580999,0.5516307675924813,0.34804026425955814,False,False,False
phi4_multimodal,Phi-4-multimodal,Phi-4,A3,full_clean,5747,0,4132,0,1615,0.7189838176439882,0.0,0.28101618235601183,2,Uncertain,Reliable,0.7189838176439882,0.8568317381047311,0.5406006373746216,False,False,False
phi4_multimodal,Phi-4-multimodal,Phi-4,A4,full_clean,5747,0,3481,0,2266,0.6057073255611624,0.0,0.39429267443883764,2,Uncertain,Reliable,0.6057073255611624,0.967513961626182,0.6104333453857516,False,False,False
phi4_multimodal,Phi-4-multimodal,Phi-4,A5,full_clean,5747,0,4160,0,1587,0.7238559248303462,0.0,0.2761440751696537,2,Uncertain,Reliable,0.7238559248303462,0.8501434922888969,0.5363808240902119,False,False,False
gemma4,Gemma-4-12B,Gemma 4,A1,full_clean,5747,0,5583,0,164,0.9714633721941883,0.0,0.02853662780581173,2,Uncertain,Reliable,0.9714633721941883,0.1869991777828904,0.11798334515662422,False,False,True
gemma4,Gemma-4-12B,Gemma 4,A2,full_clean,5747,0,5595,0,152,0.9735514181311988,0.0,0.026448581868801113,2,Uncertain,Reliable,0.9735514181311988,0.17625630602939862,0.11120534772854387,False,False,True
gemma4,Gemma-4-12B,Gemma 4,A3,full_clean,5747,0,5424,0,323,0.9437967635287976,0.0,0.056203236471202365,2,Uncertain,Reliable,0.9437967635287976,0.31218505462579227,0.19696683958374311,False,False,False
gemma4,Gemma-4-12B,Gemma 4,A4,full_clean,5747,0,5547,0,200,0.9651992343831565,0.0,0.034800765616843574,2,Uncertain,Reliable,0.9651992343831565,0.21792352034658463,0.13749443298969513,False,False,True
gemma4,Gemma-4-12B,Gemma 4,A5,full_clean,5747,0,5261,0,486,0.9154341395510701,0.0,0.08456586044892987,2,Uncertain,Reliable,0.9154341395510701,0.41806641217330054,0.2637705384090039,False,False,False
minicpm_v4_5,MiniCPM-V-4.5,MiniCPM-V,A1,full_clean,5747,0,5557,0,190,0.9669392726639986,0.0,0.03306072733600139,2,Uncertain,Reliable,0.9669392726639986,0.20951631752555228,0.13219007858559592,False,False,True
minicpm_v4_5,MiniCPM-V-4.5,MiniCPM-V,A2,full_clean,5747,0,5674,1,72,0.9872977205498521,0.00017400382808421786,0.012528275622063685,3,,Reliable,0.9872977205498521,0.09954371318975744,0.0628050904324015,False,False,True
minicpm_v4_5,MiniCPM-V-4.5,MiniCPM-V,A3,full_clean,5747,0,5663,0,84,0.9853836784409257,0.0,0.014616321559074299,2,Uncertain,Reliable,0.9853836784409257,0.11003716088315718,0.06942571879971318,False,False,True
molmo2_8b,Molmo2-8B,Molmo2,A1,full_clean,5747,0,1209,4537,1,0.21037062815381938,0.7894553680180963,0.00017400382808421786,3,,Uncertain,0.7894553680180963,0.7445553626536588,0.4697621314793801,False,False,False
qwen3_vl_2b,Qwen3-VL-2B,Qwen3-VL,A1,full_clean,5747,0,5729,18,0,0.9968679310944841,0.0031320689055159214,0.0,2,Unreliable,Reliable,0.9968679310944841,0.03056617898243803,0.019285111773010687,False,True,True
qwen3_vl_2b,Qwen3-VL-2B,Qwen3-VL,A2,full_clean,5747,0,5745,2,0,0.9996519923438316,0.0003480076561684357,0.0,2,Unreliable,Reliable,0.9996519923438316,0.004500099986475924,0.002839246975514174,False,True,True
qwen3_vl_2b,Qwen3-VL-2B,Qwen3-VL,A3,partial,5746,1,5744,2,0,0.9996519317786287,0.0003480682213713888,0.0,2,Unreliable,Reliable,0.9996519317786287,0.004500795757444145,0.0028396859581196958,False,True,True
qwen3_vl_2b,Qwen3-VL-2B,Qwen3-VL,A4,full_clean,5747,0,5703,44,0,0.9923438315642944,0.007656168435705586,0.0,2,Unreliable,Reliable,0.9923438315642944,0.06481957079739134,0.04089659582980576,False,True,True
qwen3_vl_2b,Qwen3-VL-2B,Qwen3-VL,A5,partial,5746,1,4551,1195,0,0.7920292377305952,0.2079707622694048,0.0,2,Unreliable,Reliable,0.7920292377305952,0.7375859792896375,0.4653649401509731,False,False,False
qwen2_5_vl_3b,Qwen2.5-VL-3B,Qwen2.5-VL,A1,full_clean,5747,0,5691,0,56,0.9902557856272838,0.0,0.0097442143727162,2,Uncertain,Reliable,0.9902557856272838,0.07909263381556664,0.04990189596257298,False,True,True
qwen2_5_vl_3b,Qwen2.5-VL-3B,Qwen2.5-VL,A2,full_clean,5747,0,5744,0,3,0.9994779885157473,0.0,0.0005220114842526536,2,Uncertain,Reliable,0.9994779885157473,0.006444727296037033,0.004066170204723891,False,True,True
qwen2_5_vl_3b,Qwen2.5-VL-3B,Qwen2.5-VL,A3,full_clean,5747,0,5747,0,0,1.0,0.0,0.0,1,Uncertain;Unreliable,Reliable,1.0,0.0,0.0,True,True,True
qwen2_5_vl_3b,Qwen2.5-VL-3B,Qwen2.5-VL,A4,full_clean,5747,0,5747,0,0,1.0,0.0,0.0,1,Uncertain;Unreliable,Reliable,1.0,0.0,0.0,True,True,True
qwen2_5_vl_3b,Qwen2.5-VL-3B,Qwen2.5-VL,A5,full_clean,5747,0,5747,0,0,1.0,0.0,0.0,1,Uncertain;Unreliable,Reliable,1.0,0.0,0.0,True,True,True
internvl3_5_hf_2b,InternVL3.5-2B,InternVL3.5,A1,partial,5743,4,0,5743,0,0.0,1.0,0.0,1,Reliable;Unreliable,Uncertain,1.0,0.0,0.0,True,True,True
internvl3_5_hf_2b,InternVL3.5-2B,InternVL3.5,A2,partial,5536,211,0,5536,0,0.0,1.0,0.0,1,Reliable;Unreliable,Uncertain,1.0,0.0,0.0,True,True,True
internvl3_5_hf_2b,InternVL3.5-2B,InternVL3.5,A3,partial,5590,157,0,5590,0,0.0,1.0,0.0,1,Reliable;Unreliable,Uncertain,1.0,0.0,0.0,True,True,True
internvl3_5_hf_2b,InternVL3.5-2B,InternVL3.5,A4,partial,5725,22,0,5725,0,0.0,1.0,0.0,1,Reliable;Unreliable,Uncertain,1.0,0.0,0.0,True,True,True
internvl3_5_hf_2b,InternVL3.5-2B,InternVL3.5,A5,partial,5654,93,0,5654,0,0.0,1.0,0.0,1,Reliable;Unreliable,Uncertain,1.0,0.0,0.0,True,True,True
internvl3_5_hf_4b,InternVL3.5-4B,InternVL3.5,A1,full_clean,5747,0,2316,467,2964,0.40299286584304855,0.08125978771532974,0.5157473464416217,3,,Unreliable,0.5157473464416217,1.315335608416586,0.8298843712820396,False,False,False
internvl3_5_hf_4b,InternVL3.5-4B,InternVL3.5,A2,full_clean,5747,0,1822,37,3888,0.3170349747694449,0.006438141639116061,0.676526883591439,3,,Unreliable,0.676526883591439,0.9536946759695861,0.601714346891902,False,False,False
internvl3_5_hf_4b,InternVL3.5-4B,InternVL3.5,A3,full_clean,5747,0,1501,46,4200,0.261179745954411,0.00800417609187402,0.730816077953715,3,,Unreliable,0.730816077953715,0.8922600950332664,0.5629534418809841,False,False,False
internvl3_5_hf_4b,InternVL3.5-4B,InternVL3.5,A4,full_clean,5747,0,1118,17,4612,0.19453627979815555,0.0029580650774317036,0.8025056551244127,3,,Unreliable,0.8025056551244127,0.7390527283525632,0.46629035577579603,False,False,False
internvl3_5_hf_4b,InternVL3.5-4B,InternVL3.5,A5,full_clean,5747,0,401,954,4392,0.06977553506177137,0.16599965199234384,0.7642248129458848,3,,Unreliable,0.7642248129458848,0.9945469814866159,0.6274892819445874,False,False,False
internvl3_5_hf_14b,InternVL3.5-14B,InternVL3.5,A1,full_clean,5747,0,4946,217,584,0.8606229337045415,0.037758830694275276,0.10161823560118323,3,,Reliable,0.8606229337045415,0.7000677953876946,0.44169360162727167,False,False,False
internvl3_5_hf_14b,InternVL3.5-14B,InternVL3.5,A2,full_clean,5747,0,5063,305,379,0.880981381590395,0.053071167565686445,0.06594745084391856,3,,Reliable,0.880981381590395,0.6445450967805033,0.40666267907741416,False,False,False
internvl3_5_hf_14b,InternVL3.5-14B,InternVL3.5,A3,full_clean,5747,0,5027,229,491,0.8747172437793631,0.03984687663128589,0.08543587958935096,3,,Reliable,0.8747172437793631,0.6573946313002907,0.41476983272549156,False,False,False
internvl3_5_hf_14b,InternVL3.5-14B,InternVL3.5,A4,full_clean,5747,0,4772,242,733,0.8303462676178875,0.04210892639638072,0.12754480598573167,3,,Reliable,0.8303462676178875,0.7940636758078878,0.5009983992975163,False,False,False
internvl3_5_hf_14b,InternVL3.5-14B,InternVL3.5,A5,full_clean,5747,0,3393,1112,1242,0.5903949886897512,0.19349225682965024,0.21611275448059858,3,,Reliable,0.5903949886897512,1.3849960291559724,0.8738352033728248,False,False,False
