model,condition,alignment_cell,verdict,n,n_palm,n_ambiguous,n_non_palm
Qwen2.5-VL-7B,A1,TN_alignment,Unreliable,120,116,4,0
Qwen2.5-VL-7B,A1,FP_alignment,Reliable,164,161,3,0
Qwen2.5-VL-7B,A2,TN_alignment,Unreliable,50,50,0,0
Qwen2.5-VL-7B,A2,FP_alignment,Reliable,232,227,5,0
Qwen2.5-VL-7B,A3,TN_alignment,Unreliable,10,10,0,0
Qwen2.5-VL-7B,A3,FP_alignment,Reliable,255,249,6,0
Qwen2.5-VL-7B,A4,TN_alignment,Unreliable,192,183,9,0
Qwen2.5-VL-7B,A4,FP_alignment,Reliable,110,109,1,0
Qwen2.5-VL-7B,A5,TN_alignment,Unreliable,525,507,18,0
Qwen2.5-VL-7B,A5,FP_alignment,Reliable,58,58,0,0
Qwen3-VL-8B,A1,TN_alignment,Unreliable,325,308,17,0
Qwen3-VL-8B,A1,FP_alignment,Reliable,271,269,2,0
Qwen3-VL-8B,A2,TN_alignment,Unreliable,213,199,14,0
Qwen3-VL-8B,A2,FP_alignment,Reliable,335,332,3,0
Qwen3-VL-8B,A3,TN_alignment,Unreliable,309,293,16,0
Qwen3-VL-8B,A3,FP_alignment,Reliable,263,261,2,0
Qwen3-VL-8B,A4,TN_alignment,Unreliable,73,69,4,0
Qwen3-VL-8B,A4,FP_alignment,Reliable,515,503,12,0
Qwen3-VL-8B,A5,TN_alignment,Unreliable,207,194,13,0
Qwen3-VL-8B,A5,FP_alignment,Reliable,11,11,0,0
Qwen3-VL-4B,A1,TN_alignment,Unreliable,518,499,19,0
Qwen3-VL-4B,A1,FP_alignment,Reliable,36,36,0,0
Qwen3-VL-4B,A2,TN_alignment,Unreliable,494,475,19,0
Qwen3-VL-4B,A2,FP_alignment,Reliable,68,68,0,0
Qwen3-VL-4B,A3,TN_alignment,Unreliable,525,506,19,0
Qwen3-VL-4B,A3,FP_alignment,Reliable,52,52,0,0
Qwen3-VL-4B,A4,TN_alignment,Unreliable,529,510,19,0
Qwen3-VL-4B,A4,FP_alignment,Reliable,46,46,0,0
Qwen3-VL-4B,A5,TN_alignment,Unreliable,405,388,17,0
Qwen3-VL-4B,A5,FP_alignment,Reliable,7,7,0,0
InternVL3.5-8B,A1,TN_alignment,Unreliable,49,45,4,0
InternVL3.5-8B,A1,FP_alignment,Reliable,85,84,1,0
InternVL3.5-8B,A2,TN_alignment,Unreliable,9,6,3,0
InternVL3.5-8B,A2,FP_alignment,Reliable,76,75,1,0
InternVL3.5-8B,A3,TN_alignment,Unreliable,22,19,3,0
InternVL3.5-8B,A3,FP_alignment,Reliable,69,68,1,0
InternVL3.5-8B,A4,TN_alignment,Unreliable,5,2,3,0
InternVL3.5-8B,A4,FP_alignment,Reliable,86,85,1,0
InternVL3.5-8B,A5,TN_alignment,Unreliable,3,3,0,0
InternVL3.5-8B,A5,FP_alignment,Reliable,29,29,0,0
GLM-4.6V-Flash,A1,TN_alignment,Unreliable,413,396,17,0
GLM-4.6V-Flash,A1,FP_alignment,Reliable,216,214,2,0
GLM-4.6V-Flash,A2,TN_alignment,Unreliable,422,404,18,0
GLM-4.6V-Flash,A2,FP_alignment,Reliable,200,199,1,0
GLM-4.6V-Flash,A3,TN_alignment,Unreliable,449,430,19,0
GLM-4.6V-Flash,A3,FP_alignment,Reliable,162,162,0,0
GLM-4.6V-Flash,A4,TN_alignment,Unreliable,435,417,18,0
GLM-4.6V-Flash,A4,FP_alignment,Reliable,186,185,1,0
GLM-4.6V-Flash,A5,TN_alignment,Unreliable,338,324,14,0
GLM-4.6V-Flash,A5,FP_alignment,Reliable,35,35,0,0
Phi-4-multimodal,A1,TN_alignment,Unreliable,164,156,8,0
Phi-4-multimodal,A1,FP_alignment,Reliable,474,463,11,0
Phi-4-multimodal,A2,TN_alignment,Unreliable,177,169,8,0
Phi-4-multimodal,A2,FP_alignment,Reliable,461,450,11,0
Phi-4-multimodal,A3,TN_alignment,Unreliable,328,316,12,0
Phi-4-multimodal,A3,FP_alignment,Reliable,310,303,7,0
Phi-4-multimodal,A4,TN_alignment,Unreliable,547,528,19,0
Phi-4-multimodal,A4,FP_alignment,Reliable,91,91,0,0
Phi-4-multimodal,A5,TN_alignment,Unreliable,444,426,18,0
Phi-4-multimodal,A5,FP_alignment,Reliable,194,193,1,0
Gemma-4-12B,A1,TN_alignment,Unreliable,66,57,9,0
Gemma-4-12B,A1,FP_alignment,Reliable,572,562,10,0
Gemma-4-12B,A2,TN_alignment,Unreliable,58,50,8,0
Gemma-4-12B,A2,FP_alignment,Reliable,580,569,11,0
Gemma-4-12B,A3,TN_alignment,Unreliable,148,135,13,0
Gemma-4-12B,A3,FP_alignment,Reliable,490,484,6,0
Gemma-4-12B,A4,TN_alignment,Unreliable,118,108,10,0
Gemma-4-12B,A4,FP_alignment,Reliable,520,511,9,0
Gemma-4-12B,A5,TN_alignment,Unreliable,212,198,14,0
Gemma-4-12B,A5,FP_alignment,Reliable,426,421,5,0
MiniCPM-V-4.5,A1,TN_alignment,Unreliable,72,65,7,0
MiniCPM-V-4.5,A1,FP_alignment,Reliable,566,554,12,0
MiniCPM-V-4.5,A2,TN_alignment,Unreliable,36,30,6,0
MiniCPM-V-4.5,A2,FP_alignment,Reliable,601,588,13,0
MiniCPM-V-4.5,A3,TN_alignment,Unreliable,39,34,5,0
MiniCPM-V-4.5,A3,FP_alignment,Reliable,599,585,14,0
Molmo2-8B,A1,TN_alignment,Unreliable,0,0,0,0
Molmo2-8B,A1,FP_alignment,Reliable,61,60,1,0
Qwen3-VL-2B,A1,TN_alignment,Unreliable,0,0,0,0
Qwen3-VL-2B,A1,FP_alignment,Reliable,634,615,19,0
Qwen3-VL-2B,A2,TN_alignment,Unreliable,0,0,0,0
Qwen3-VL-2B,A2,FP_alignment,Reliable,637,618,19,0
Qwen3-VL-2B,A4,TN_alignment,Unreliable,0,0,0,0
Qwen3-VL-2B,A4,FP_alignment,Reliable,618,601,17,0
Qwen2.5-VL-3B,A1,TN_alignment,Unreliable,21,21,0,0
Qwen2.5-VL-3B,A1,FP_alignment,Reliable,617,598,19,0
Qwen2.5-VL-3B,A2,TN_alignment,Unreliable,2,2,0,0
Qwen2.5-VL-3B,A2,FP_alignment,Reliable,636,617,19,0
Qwen2.5-VL-3B,A3,TN_alignment,Unreliable,0,0,0,0
Qwen2.5-VL-3B,A3,FP_alignment,Reliable,638,619,19,0
Qwen2.5-VL-3B,A4,TN_alignment,Unreliable,0,0,0,0
Qwen2.5-VL-3B,A4,FP_alignment,Reliable,638,619,19,0
Qwen2.5-VL-3B,A5,TN_alignment,Unreliable,0,0,0,0
Qwen2.5-VL-3B,A5,FP_alignment,Reliable,638,619,19,0
InternVL3.5-4B,A1,TN_alignment,Unreliable,489,471,18,0
InternVL3.5-4B,A1,FP_alignment,Reliable,97,97,0,0
InternVL3.5-4B,A2,TN_alignment,Unreliable,589,570,19,0
InternVL3.5-4B,A2,FP_alignment,Reliable,42,42,0,0
InternVL3.5-4B,A3,TN_alignment,Unreliable,605,586,19,0
InternVL3.5-4B,A3,FP_alignment,Reliable,27,27,0,0
InternVL3.5-4B,A4,TN_alignment,Unreliable,590,571,19,0
InternVL3.5-4B,A4,FP_alignment,Reliable,45,45,0,0
InternVL3.5-4B,A5,TN_alignment,Unreliable,416,402,14,0
InternVL3.5-4B,A5,FP_alignment,Reliable,20,20,0,0
InternVL3.5-14B,A1,TN_alignment,Unreliable,209,193,16,0
InternVL3.5-14B,A1,FP_alignment,Reliable,374,373,1,0
InternVL3.5-14B,A2,TN_alignment,Unreliable,159,146,13,0
InternVL3.5-14B,A2,FP_alignment,Reliable,395,393,2,0
InternVL3.5-14B,A3,TN_alignment,Unreliable,201,186,15,0
InternVL3.5-14B,A3,FP_alignment,Reliable,374,372,2,0
InternVL3.5-14B,A4,TN_alignment,Unreliable,267,250,17,0
InternVL3.5-14B,A4,FP_alignment,Reliable,308,306,2,0
InternVL3.5-14B,A5,TN_alignment,Unreliable,164,156,8,0
InternVL3.5-14B,A5,FP_alignment,Reliable,176,175,1,0
