sample_id,semantic_label,image_id,matched_gt,max_iou,yolo_confidence,unmatched_reason_geometric
sample_000019,palm,100_0003_0001_6,False,0.3914,0.5492242574691772,partial_overlap
sample_000025,palm,100_0003_0001_7,False,0.3481,0.7381212711334229,partial_overlap
sample_000032,palm,100_0003_0002_1,False,0.4767,0.744556188583374,partial_overlap
sample_000036,palm,100_0003_0002_1,False,0.0,0.6152562499046326,no_overlap
sample_000074,palm,100_0003_0003_6,False,0.4665,0.6274716258049011,partial_overlap
sample_000077,ambiguous,100_0003_0003_7,False,0.2588,0.5671615600585938,partial_overlap
sample_000088,palm,100_0003_0004_1,False,0.254,0.5538994073867798,partial_overlap
sample_000093,palm,100_0003_0004_3,False,0.4821,0.7520745396614075,partial_overlap
sample_000103,palm,100_0003_0004_6,False,0.1855,0.6207718253135681,partial_overlap
sample_000129,palm,100_0003_0005_7,False,0.0,0.6208065152168274,no_overlap
sample_000130,ambiguous,100_0003_0005_7,False,0.0,0.5422985553741455,no_overlap
sample_000140,palm,100_0003_0006_2,False,0.4422,0.7201804518699646,partial_overlap
sample_000151,palm,100_0003_0006_5,False,0.2358,0.5028887391090393,partial_overlap
sample_000162,palm,100_0003_0007_1,False,0.5186,0.7803791165351868,iou_ge_0.5_lost_greedy
sample_000196,palm,100_0003_0008_1,False,0.2255,0.6960148215293884,partial_overlap
sample_000198,palm,100_0003_0008_1,False,0.3625,0.5730746388435364,partial_overlap
sample_000204,palm,100_0003_0008_2,False,0.0,0.731200098991394,no_overlap
sample_000205,palm,100_0003_0008_2,False,0.2688,0.7120321989059448,partial_overlap
sample_000206,ambiguous,100_0003_0008_2,False,0.0,0.5587510466575623,no_overlap
sample_000207,palm,100_0003_0008_2,False,0.2563,0.5426040887832642,partial_overlap
sample_000215,palm,100_0003_0008_3,False,0.2068,0.5712981224060059,partial_overlap
sample_000220,palm,100_0003_0008_4,False,0.3459,0.7153255343437195,partial_overlap
sample_000234,palm,100_0003_0008_6,False,0.2444,0.6346584558486938,partial_overlap
sample_000235,palm,100_0003_0008_6,False,0.388,0.5114837884902954,partial_overlap
sample_000247,palm,100_0003_0009_1,False,0.0,0.8676657676696777,no_overlap
sample_000251,palm,100_0003_0009_1,False,0.3627,0.5383127331733704,partial_overlap
sample_000263,palm,100_0003_0009_3,False,0.0417,0.7331511974334717,partial_overlap
sample_000265,palm,100_0003_0009_3,False,0.0,0.5891796350479126,no_overlap
sample_000274,palm,100_0003_0009_5,False,0.0,0.5733041167259216,no_overlap
sample_000284,palm,100_0003_0009_6,False,0.0372,0.7846564650535583,partial_overlap
sample_000300,palm,100_0003_0009_8,False,0.3066,0.5019360780715942,partial_overlap
sample_000330,palm,100_0003_0010_5,False,0.2129,0.6921482682228088,partial_overlap
sample_000331,palm,100_0003_0010_5,False,0.6028,0.5458621382713318,iou_ge_0.5_lost_greedy
sample_000381,palm,100_0003_0011_4,False,0.3823,0.5340449213981628,partial_overlap
sample_000402,ambiguous,100_0003_0011_7,False,0.0382,0.540458083152771,partial_overlap
sample_000403,palm,100_0003_0011_7,False,0.0223,0.5044245719909668,partial_overlap
sample_000427,palm,100_0003_0012_4,False,0.0173,0.6419617533683777,partial_overlap
sample_000428,palm,100_0003_0012_4,False,0.3904,0.5875986814498901,partial_overlap
sample_000429,palm,100_0003_0012_4,False,0.3556,0.5126517415046692,partial_overlap
sample_000450,palm,100_0003_0012_8,False,0.2911,0.7061178088188171,partial_overlap
sample_000457,palm,100_0003_0013_1,False,0.6273,0.5537369847297668,iou_ge_0.5_lost_greedy
sample_000468,palm,100_0003_0013_3,False,0.2798,0.5019209384918213,partial_overlap
sample_000474,palm,100_0003_0013_4,False,0.4609,0.6369648575782776,partial_overlap
sample_000502,palm,100_0003_0014_2,False,0.5062,0.5620131492614746,iou_ge_0.5_lost_greedy
sample_000509,palm,100_0003_0014_3,False,0.3526,0.6875579357147217,partial_overlap
sample_000550,palm,100_0003_0015_1,False,0.0912,0.5383647680282593,partial_overlap
sample_000567,palm,100_0003_0015_4,False,0.7143,0.5180334448814392,iou_ge_0.5_lost_greedy
sample_000588,palm,100_0003_0015_8,False,0.0,0.6500169634819031,no_overlap
sample_000598,ambiguous,100_0003_0016_1,False,0.0,0.6025017499923706,no_overlap
sample_000614,ambiguous,100_0003_0016_5,False,0.331,0.5929421782493591,partial_overlap
sample_000629,palm,100_0003_0016_8,False,0.0266,0.5253401398658752,partial_overlap
sample_000666,palm,100_0003_0017_8,False,0.4551,0.5363175272941589,partial_overlap
sample_000698,palm,100_0003_0018_7,False,0.6104,0.6078987121582031,iou_ge_0.5_lost_greedy
sample_000711,palm,100_0003_0019_3,False,0.4631,0.7549940943717957,partial_overlap
sample_000734,palm,100_0003_0019_7,False,0.625,0.5641514658927917,iou_ge_0.5_lost_greedy
sample_000755,palm,100_0003_0020_2,False,0.3288,0.5420007109642029,partial_overlap
sample_000792,palm,100_0003_0021_1,False,0.4675,0.6314782500267029,partial_overlap
sample_000795,palm,100_0003_0021_1,False,0.4036,0.5044665336608887,partial_overlap
sample_000836,ambiguous,100_0003_0021_7,False,0.0,0.6986600756645203,no_overlap
sample_000865,palm,100_0003_0022_2,False,0.4885,0.6700470447540283,partial_overlap
sample_000866,palm,100_0003_0022_2,False,0.0,0.6691833138465881,no_overlap
sample_000867,palm,100_0003_0022_2,False,0.4853,0.6400592923164368,partial_overlap
sample_000868,palm,100_0003_0022_2,False,0.3926,0.5832211375236511,partial_overlap
sample_000869,palm,100_0003_0022_2,False,0.2995,0.5007755756378174,partial_overlap
sample_000876,palm,100_0003_0022_3,False,0.0599,0.6514307260513306,partial_overlap
sample_000891,palm,100_0003_0022_4,False,0.4781,0.5699868202209473,partial_overlap
sample_000906,palm,100_0003_0022_6,False,0.4745,0.6288717985153198,partial_overlap
sample_000932,palm,100_0003_0023_2,False,0.0,0.6572915315628052,no_overlap
sample_000934,palm,100_0003_0023_2,False,0.0,0.5828485488891602,no_overlap
sample_000943,palm,100_0003_0023_3,False,0.0,0.5649039149284363,no_overlap
sample_000980,palm,100_0003_0023_7,False,0.3893,0.6241926550865173,partial_overlap
sample_000992,palm,100_0003_0023_8,False,0.4988,0.6402735114097595,partial_overlap
sample_001048,palm,100_0003_0024_6,False,0.0,0.5340741276741028,no_overlap
sample_001049,palm,100_0003_0024_6,False,0.0,0.5036172270774841,no_overlap
sample_001060,palm,100_0003_0024_7,False,0.0,0.5812422633171082,no_overlap
sample_001071,palm,100_0003_0024_8,False,0.1489,0.709965169429779,partial_overlap
sample_001072,palm,100_0003_0024_8,False,0.0,0.7099649906158447,no_overlap
sample_001076,palm,100_0003_0024_8,False,0.0,0.636197030544281,no_overlap
sample_001099,palm,100_0003_0025_2,False,0.0,0.5054066181182861,no_overlap
sample_001111,ambiguous,100_0003_0025_3,False,0.0,0.553752064704895,no_overlap
sample_001128,palm,100_0003_0025_5,False,0.3872,0.7423276901245117,partial_overlap
sample_001143,palm,100_0003_0025_6,False,0.4689,0.6300490498542786,partial_overlap
sample_001144,palm,100_0003_0025_6,False,0.281,0.5611603260040283,partial_overlap
sample_001152,palm,100_0003_0025_7,False,0.0,0.6086558699607849,no_overlap
sample_001180,palm,100_0003_0026_1,False,0.1308,0.5285086631774902,partial_overlap
sample_001190,palm,100_0003_0026_2,False,0.0,0.5433195233345032,no_overlap
sample_001217,ambiguous,100_0003_0026_4,False,0.0,0.5985954999923706,no_overlap
sample_001228,ambiguous,100_0003_0026_5,False,0.0,0.6436516046524048,no_overlap
sample_001234,palm,100_0003_0026_6,False,0.0,0.6677570939064026,no_overlap
sample_001237,palm,100_0003_0026_6,False,0.2068,0.5633897185325623,partial_overlap
sample_001253,ambiguous,100_0003_0026_8,False,0.0,0.5211756825447083,no_overlap
sample_001291,ambiguous,100_0003_0027_3,False,0.0,0.5034090876579285,no_overlap
sample_001331,palm,100_0003_0027_7,False,0.0285,0.6512008905410767,partial_overlap
sample_001333,palm,100_0003_0027_7,False,0.0,0.6315681338310242,no_overlap
sample_001335,palm,100_0003_0027_7,False,0.2969,0.5432534217834473,partial_overlap
sample_001387,palm,100_0003_0028_4,False,0.0,0.7993098497390747,no_overlap
sample_001405,palm,100_0003_0028_5,False,0.1024,0.5273799896240234,partial_overlap
sample_001415,palm,100_0003_0028_6,False,0.0,0.5758039355278015,no_overlap
sample_001454,palm,100_0003_0029_2,False,0.0,0.5833591222763062,no_overlap
sample_001468,palm,100_0003_0029_3,False,0.4558,0.6616299748420715,partial_overlap
sample_001469,palm,100_0003_0029_3,False,0.2086,0.6113996505737305,partial_overlap
sample_001508,palm,100_0003_0029_6,False,0.0575,0.5346131920814514,partial_overlap
sample_001519,palm,100_0003_0029_7,False,0.0,0.6985459327697754,no_overlap
sample_001520,palm,100_0003_0029_7,False,0.0976,0.6501759886741638,partial_overlap
sample_001536,palm,100_0003_0030_1,False,0.4143,0.5960301160812378,partial_overlap
sample_001561,palm,100_0003_0030_3,False,0.6266,0.6458947062492371,iou_ge_0.5_lost_greedy
sample_001563,palm,100_0003_0030_3,False,0.0,0.5551554560661316,no_overlap
sample_001593,palm,100_0003_0030_6,False,0.3466,0.5500445365905762,partial_overlap
sample_001637,palm,100_0003_0031_2,False,0.3426,0.687096357345581,partial_overlap
sample_001640,palm,100_0003_0031_2,False,0.2934,0.5321395397186279,partial_overlap
sample_001705,palm,100_0003_0031_8,False,0.1022,0.6014840602874756,partial_overlap
sample_001727,ambiguous,100_0003_0032_2,False,0.0,0.6902490854263306,no_overlap
sample_001758,palm,100_0003_0032_5,False,0.3523,0.596259355545044,partial_overlap
sample_001770,palm,100_0003_0032_6,False,0.0419,0.5881115198135376,partial_overlap
sample_001802,palm,100_0003_0034_1,False,0.2224,0.7009472250938416,partial_overlap
sample_001822,palm,100_0003_0034_3,False,0.0,0.5681020617485046,no_overlap
sample_001823,palm,100_0003_0034_3,False,0.6072,0.5651984214782715,iou_ge_0.5_lost_greedy
sample_001834,palm,100_0003_0034_4,False,0.4521,0.7616898417472839,partial_overlap
sample_001850,palm,100_0003_0034_5,False,0.4304,0.7207158803939819,partial_overlap
sample_001854,palm,100_0003_0034_5,False,0.3981,0.602314293384552,partial_overlap
sample_001893,palm,100_0003_0034_8,False,0.4837,0.5481702089309692,partial_overlap
sample_001895,palm,100_0003_0035_2,False,0.4386,0.7858911752700806,partial_overlap
sample_001897,palm,100_0003_0035_2,False,0.0,0.7035565972328186,no_overlap
sample_001903,palm,100_0003_0035_3,False,0.0,0.7059220671653748,no_overlap
sample_001904,palm,100_0003_0035_3,False,0.0,0.6961501240730286,no_overlap
sample_001908,palm,100_0003_0035_5,False,0.0,0.8725385069847107,no_overlap
sample_001911,palm,100_0003_0035_5,False,0.0,0.7734299898147583,no_overlap
sample_001915,palm,100_0003_0035_5,False,0.0,0.5387138724327087,no_overlap
sample_001924,palm,100_0003_0035_6,False,0.0769,0.7940108776092529,partial_overlap
sample_001928,palm,100_0003_0035_6,False,0.1797,0.6479048132896423,partial_overlap
sample_001929,palm,100_0003_0035_6,False,0.0,0.546712338924408,no_overlap
sample_001930,palm,100_0003_0035_6,False,0.0,0.5276466608047485,no_overlap
sample_001931,palm,100_0003_0035_6,False,0.0,0.5244302749633789,no_overlap
sample_001939,palm,100_0003_0035_8,False,0.0,0.7792998552322388,no_overlap
sample_001941,palm,100_0003_0035_8,False,0.0,0.6471185088157654,no_overlap
sample_001942,palm,100_0003_0035_8,False,0.0,0.5551748871803284,no_overlap
sample_001946,palm,100_0003_0036_1,False,0.0,0.8394047617912292,no_overlap
sample_001953,palm,100_0003_0036_1,False,0.0,0.6570709347724915,no_overlap
sample_001954,palm,100_0003_0036_1,False,0.2194,0.5726683139801025,partial_overlap
sample_001960,palm,100_0003_0036_2,False,0.0,0.6331877112388611,no_overlap
sample_001973,palm,100_0003_0036_5,False,0.4945,0.7499549388885498,partial_overlap
sample_001974,palm,100_0003_0036_5,False,0.1132,0.5760822892189026,partial_overlap
sample_001975,palm,100_0003_0036_5,False,0.0,0.5282965898513794,no_overlap
sample_001984,palm,100_0003_0036_8,False,0.0,0.7960850596427917,no_overlap
sample_001986,palm,100_0003_0036_8,False,0.0,0.6978783011436462,no_overlap
sample_001990,palm,100_0003_0037_1,False,0.4525,0.8605064153671265,partial_overlap
sample_002000,palm,100_0003_0037_2,False,0.0,0.7273385524749756,no_overlap
sample_002001,palm,100_0003_0037_2,False,0.6932,0.6567777395248413,iou_ge_0.5_lost_greedy
sample_002002,palm,100_0003_0037_2,False,0.0,0.6397321224212646,no_overlap
sample_002005,palm,100_0003_0037_3,False,0.0,0.8464404940605164,no_overlap
sample_002009,palm,100_0003_0037_3,False,0.0,0.6086341738700867,no_overlap
sample_002010,palm,100_0003_0037_3,False,0.0,0.6012582182884216,no_overlap
sample_002011,palm,100_0003_0037_3,False,0.0,0.5518333911895752,no_overlap
sample_002015,palm,100_0003_0037_4,False,0.0218,0.7295278310775757,partial_overlap
sample_002017,palm,100_0003_0037_4,False,0.0,0.6627392172813416,no_overlap
sample_002031,palm,100_0003_0037_5,False,0.0,0.5855928063392639,no_overlap
sample_002045,palm,100_0003_0037_7,False,0.1596,0.7221477031707764,partial_overlap
sample_002047,palm,100_0003_0037_7,False,0.0,0.6720669269561768,no_overlap
sample_002052,palm,100_0003_0037_8,False,0.0,0.819475531578064,no_overlap
sample_002054,palm,100_0003_0037_8,False,0.0,0.7131121158599854,no_overlap
sample_002055,palm,100_0003_0037_8,False,0.0,0.7043320536613464,no_overlap
sample_002056,palm,100_0003_0037_8,False,0.0,0.5602846145629883,no_overlap
sample_002060,palm,100_0003_0038_1,False,0.117,0.5256109237670898,partial_overlap
sample_002069,palm,100_0003_0038_2,False,0.0,0.8190750479698181,no_overlap
sample_002071,palm,100_0003_0038_2,False,0.0836,0.6493791937828064,partial_overlap
sample_002072,palm,100_0003_0038_2,False,0.1196,0.5521699786186218,partial_overlap
sample_002073,palm,100_0003_0038_2,False,0.0,0.5167512893676758,no_overlap
sample_002078,palm,100_0003_0038_3,False,0.0,0.7773993611335754,no_overlap
sample_002079,palm,100_0003_0038_3,False,0.0,0.6404154300689697,no_overlap
sample_002080,palm,100_0003_0038_3,False,0.0,0.5888113379478455,no_overlap
sample_002081,palm,100_0003_0038_3,False,0.0,0.543819010257721,no_overlap
sample_002088,palm,100_0003_0038_6,False,0.0,0.7444913387298584,no_overlap
sample_002094,palm,100_0003_0038_7,False,0.39,0.7622225284576416,partial_overlap
sample_002102,palm,100_0003_0038_8,False,0.0,0.7332127690315247,no_overlap
sample_002103,palm,100_0003_0038_8,False,0.0,0.7117990255355835,no_overlap
sample_002105,palm,100_0003_0038_8,False,0.0,0.5846936702728271,no_overlap
sample_002125,palm,100_0003_0039_2,False,0.0,0.5682123899459839,no_overlap
sample_002134,palm,100_0003_0039_4,False,0.0809,0.7536285519599915,partial_overlap
sample_002137,palm,100_0003_0039_4,False,0.3235,0.5475245714187622,partial_overlap
sample_002142,palm,100_0003_0039_5,False,0.4543,0.8324933648109436,partial_overlap
sample_002144,palm,100_0003_0039_5,False,0.0,0.721656084060669,no_overlap
sample_002146,palm,100_0003_0039_5,False,0.1273,0.5771856307983398,partial_overlap
sample_002147,palm,100_0003_0039_5,False,0.0,0.5336962938308716,no_overlap
sample_002153,palm,100_0003_0039_7,False,0.0,0.7827788591384888,no_overlap
sample_002162,palm,100_0003_0039_8,False,0.6424,0.5244260430335999,iou_ge_0.5_lost_greedy
sample_002171,palm,100_0003_0040_1,False,0.0,0.6867437362670898,no_overlap
sample_002172,palm,100_0003_0040_1,False,0.23,0.6642371416091919,partial_overlap
sample_002174,palm,100_0003_0040_2,False,0.4881,0.8845382928848267,partial_overlap
sample_002177,palm,100_0003_0040_2,False,0.4975,0.854044497013092,partial_overlap
sample_002180,palm,100_0003_0040_2,False,0.0,0.7756660580635071,no_overlap
sample_002184,palm,100_0003_0040_5,False,0.0,0.6674789190292358,no_overlap
sample_002191,palm,100_0003_0040_7,False,0.188,0.833015501499176,partial_overlap
sample_002194,palm,100_0003_0040_7,False,0.1901,0.7333617806434631,partial_overlap
sample_002195,palm,100_0003_0040_7,False,0.0,0.6964355707168579,no_overlap
sample_002197,palm,100_0003_0040_7,False,0.0,0.5818088054656982,no_overlap
sample_002205,palm,100_0003_0041_1,False,0.0,0.7481291890144348,no_overlap
sample_002206,palm,100_0003_0041_1,False,0.0,0.7021265029907227,no_overlap
sample_002207,palm,100_0003_0041_1,False,0.0,0.6580058932304382,no_overlap
sample_002208,palm,100_0003_0041_1,False,0.0,0.5978715419769287,no_overlap
sample_002209,palm,100_0003_0041_1,False,0.0,0.5948869585990906,no_overlap
sample_002210,palm,100_0003_0041_1,False,0.0,0.5775851607322693,no_overlap
sample_002211,palm,100_0003_0041_1,False,0.0,0.5036985278129578,no_overlap
sample_002218,palm,100_0003_0041_5,False,0.2537,0.5211151242256165,partial_overlap
sample_002231,palm,100_0003_0042_1,False,0.0,0.5006330013275146,no_overlap
sample_002251,palm,100_0003_0042_5,False,0.0,0.8198933005332947,no_overlap
sample_002256,palm,100_0003_0042_6,False,0.5876,0.734785258769989,iou_ge_0.5_lost_greedy
sample_002257,palm,100_0003_0042_6,False,0.0092,0.7176270484924316,partial_overlap
sample_002258,palm,100_0003_0042_6,False,0.0,0.6355001926422119,no_overlap
sample_002271,palm,100_0003_0042_7,False,0.0,0.6940601468086243,no_overlap
sample_002274,palm,100_0003_0042_7,False,0.2715,0.5823560357093811,partial_overlap
sample_002277,palm,100_0003_0043_1,False,0.0,0.759892463684082,no_overlap
sample_002279,palm,100_0003_0043_1,False,0.0,0.5224194526672363,no_overlap
sample_002280,palm,100_0003_0043_2,False,0.0,0.8995454907417297,no_overlap
sample_002288,palm,100_0003_0043_2,False,0.0,0.7684029340744019,no_overlap
sample_002289,palm,100_0003_0043_2,False,0.0,0.6465078592300415,no_overlap
sample_002294,palm,100_0003_0043_3,False,0.0,0.7647038698196411,no_overlap
sample_002296,palm,100_0003_0043_3,False,0.0,0.6763423085212708,no_overlap
sample_002297,palm,100_0003_0043_3,False,0.0,0.5490831732749939,no_overlap
sample_002305,palm,100_0003_0043_5,False,0.0,0.5467664003372192,no_overlap
sample_002323,palm,100_0003_0043_7,False,0.3162,0.6139256358146667,partial_overlap
sample_002324,palm,100_0003_0043_7,False,0.4337,0.6072285771369934,partial_overlap
sample_002333,palm,100_0003_0044_3,False,0.0,0.741254985332489,no_overlap
sample_002334,palm,100_0003_0044_3,False,0.0,0.6931788325309753,no_overlap
sample_002335,palm,100_0003_0044_3,False,0.0,0.5572524666786194,no_overlap
sample_002336,palm,100_0003_0044_3,False,0.0,0.5447638034820557,no_overlap
sample_002337,palm,100_0003_0044_3,False,0.0,0.5383844375610352,no_overlap
sample_002342,palm,100_0003_0044_4,False,0.0,0.6912267804145813,no_overlap
sample_002346,palm,100_0003_0044_5,False,0.0,0.697953999042511,no_overlap
sample_002347,palm,100_0003_0044_5,False,0.0,0.6697345972061157,no_overlap
sample_002348,palm,100_0003_0044_5,False,0.0154,0.665219247341156,partial_overlap
sample_002354,palm,100_0003_0044_6,False,0.0,0.8281104564666748,no_overlap
sample_002356,palm,100_0003_0044_6,False,0.0,0.5981024503707886,no_overlap
sample_002358,palm,100_0003_0044_6,False,0.0,0.5211080312728882,no_overlap
sample_002372,ambiguous,100_0003_0044_7,False,0.0,0.5522063970565796,no_overlap
sample_002380,palm,100_0003_0044_8,False,0.0,0.6222174763679504,no_overlap
sample_002381,palm,100_0003_0044_8,False,0.0,0.5791391134262085,no_overlap
sample_002386,palm,100_0003_0045_1,False,0.0,0.7192099094390869,no_overlap
sample_002391,palm,100_0003_0045_2,False,0.0,0.6829919219017029,no_overlap
sample_002392,palm,100_0003_0045_2,False,0.0,0.578033983707428,no_overlap
sample_002396,palm,100_0003_0045_3,False,0.2227,0.6791261434555054,partial_overlap
sample_002397,palm,100_0003_0045_3,False,0.0,0.6203764081001282,no_overlap
sample_002398,palm,100_0003_0045_3,False,0.148,0.5785316228866577,partial_overlap
sample_002399,palm,100_0003_0045_3,False,0.0399,0.57342529296875,partial_overlap
sample_002407,palm,100_0003_0045_5,False,0.0,0.5270119905471802,no_overlap
sample_002412,palm,100_0003_0045_7,False,0.0,0.7042638659477234,no_overlap
sample_002414,palm,100_0003_0045_7,False,0.0,0.6080151200294495,no_overlap
sample_002415,palm,100_0003_0045_7,False,0.0,0.5291499495506287,no_overlap
sample_002428,palm,100_0003_0047_3,False,0.0491,0.6848228573799133,partial_overlap
sample_002429,palm,100_0003_0047_3,False,0.0,0.5942278504371643,no_overlap
sample_002431,palm,100_0003_0050_1,False,0.0,0.7659878134727478,no_overlap
sample_002437,palm,100_0003_0050_4,False,0.0,0.6822339296340942,no_overlap
sample_002439,palm,100_0003_0050_4,False,0.2796,0.5113949179649353,partial_overlap
sample_002443,palm,100_0003_0050_5,False,0.0,0.7203955054283142,no_overlap
sample_002458,palm,100_0003_0051_8,False,0.0,0.80799800157547,no_overlap
sample_002459,palm,100_0003_0051_8,False,0.0,0.6479107737541199,no_overlap
sample_002461,palm,100_0003_0051_8,False,0.0,0.5869097113609314,no_overlap
sample_002462,ambiguous,100_0003_0051_8,False,0.0,0.5681682825088501,no_overlap
sample_002465,palm,100_0003_0052_2,False,0.0,0.668197512626648,no_overlap
sample_002466,palm,100_0003_0052_2,False,0.0,0.6545264720916748,no_overlap
sample_002472,palm,100_0003_0052_4,False,0.0,0.5084935426712036,no_overlap
sample_002479,palm,100_0003_0053_2,False,0.3878,0.5885055661201477,partial_overlap
sample_002480,palm,100_0003_0053_2,False,0.0,0.5765342712402344,no_overlap
sample_002481,palm,100_0003_0053_2,False,0.2369,0.5692873001098633,partial_overlap
sample_002483,palm,100_0003_0053_3,False,0.2702,0.6352846026420593,partial_overlap
sample_002491,palm,100_0003_0053_7,False,0.0,0.5318880677223206,no_overlap
sample_002496,palm,100_0003_0054_2,False,0.0,0.690617561340332,no_overlap
sample_002498,palm,100_0003_0054_2,False,0.2696,0.5185197591781616,partial_overlap
sample_002502,palm,100_0003_0054_6,False,0.0201,0.6412659883499146,partial_overlap
sample_002506,palm,100_0003_0054_7,False,0.3414,0.5700792074203491,partial_overlap
sample_002513,palm,100_0003_0055_1,False,0.0,0.730833113193512,no_overlap
sample_002516,palm,100_0003_0055_2,False,0.0,0.7087074518203735,no_overlap
sample_002533,palm,100_0003_0055_5,False,0.2949,0.8059219717979431,partial_overlap
sample_002541,palm,100_0003_0056_3,False,0.0,0.5000569820404053,no_overlap
sample_002546,palm,100_0003_0056_6,False,0.0,0.5357145071029663,no_overlap
sample_002551,palm,100_0003_0056_7,False,0.0,0.6842890977859497,no_overlap
sample_002552,palm,100_0003_0056_7,False,0.0,0.5692241787910461,no_overlap
sample_002555,palm,100_0003_0056_8,False,0.0,0.7209495306015015,no_overlap
sample_002556,palm,100_0003_0056_8,False,0.0,0.6310973763465881,no_overlap
sample_002559,palm,100_0003_0057_4,False,0.0,0.7918038964271545,no_overlap
sample_002571,palm,100_0003_0057_8,False,0.0,0.6109910607337952,no_overlap
sample_002577,palm,100_0003_0058_3,False,0.0,0.6063969731330872,no_overlap
sample_002581,palm,100_0003_0058_6,False,0.0,0.5934610962867737,no_overlap
sample_002586,palm,100_0003_0058_7,False,0.4151,0.5889092087745667,partial_overlap
sample_002587,palm,100_0003_0058_7,False,0.0,0.5359519124031067,no_overlap
sample_002592,palm,100_0003_0058_8,False,0.0,0.51084965467453,no_overlap
sample_002594,palm,100_0003_0059_3,False,0.0,0.5959597826004028,no_overlap
sample_002600,palm,100_0003_0060_1,False,0.2388,0.649313747882843,partial_overlap
sample_002616,palm,100_0003_0060_4,False,0.1049,0.5903341174125671,partial_overlap
sample_002628,palm,100_0003_0060_5,False,0.4222,0.5208702683448792,partial_overlap
sample_002636,palm,100_0003_0060_6,False,0.0,0.68992680311203,no_overlap
sample_002637,palm,100_0003_0060_6,False,0.0,0.5921744108200073,no_overlap
sample_002672,palm,100_0003_0061_5,False,0.594,0.5056208372116089,iou_ge_0.5_lost_greedy
sample_002680,palm,100_0003_0061_6,False,0.3287,0.6855408549308777,partial_overlap
sample_002681,palm,100_0003_0061_6,False,0.0,0.6570363640785217,no_overlap
sample_002701,palm,100_0003_0062_3,False,0.0,0.6396995782852173,no_overlap
sample_002703,palm,100_0003_0062_3,False,0.1911,0.5242952704429626,partial_overlap
sample_002704,palm,100_0003_0062_3,False,0.4884,0.5230005979537964,partial_overlap
sample_002712,palm,100_0003_0062_4,False,0.0,0.5079136490821838,no_overlap
sample_002716,palm,100_0003_0062_6,False,0.0,0.8430836200714111,no_overlap
sample_002751,palm,100_0003_0063_4,False,0.0,0.8056827783584595,no_overlap
sample_002755,palm,100_0003_0063_4,False,0.4377,0.6354442834854126,partial_overlap
sample_002767,palm,100_0003_0063_7,False,0.0,0.5937923789024353,no_overlap
sample_002781,palm,100_0003_0064_1,False,0.4183,0.6421970725059509,partial_overlap
sample_002785,palm,100_0003_0064_2,False,0.0,0.7890424728393555,no_overlap
sample_002792,palm,100_0003_0064_3,False,0.2344,0.5257747769355774,partial_overlap
sample_002799,palm,100_0003_0064_4,False,0.1565,0.7317649126052856,partial_overlap
sample_002800,palm,100_0003_0064_4,False,0.2514,0.6668589115142822,partial_overlap
sample_002801,palm,100_0003_0064_4,False,0.0452,0.5527148842811584,partial_overlap
sample_002819,palm,100_0003_0064_7,False,0.0222,0.6541064977645874,partial_overlap
sample_002821,palm,100_0003_0064_7,False,0.5185,0.6388037800788879,iou_ge_0.5_lost_greedy
sample_002829,palm,100_0003_0064_8,False,0.0,0.5561409592628479,no_overlap
sample_002830,palm,100_0003_0064_8,False,0.1121,0.512785017490387,partial_overlap
sample_002850,palm,100_0003_0065_4,False,0.4797,0.5476891994476318,partial_overlap
sample_002852,palm,100_0003_0065_4,False,0.0,0.5114454030990601,no_overlap
sample_002860,palm,100_0003_0065_6,False,0.0,0.7406855821609497,no_overlap
sample_002865,palm,100_0003_0065_7,False,0.0692,0.6737397909164429,partial_overlap
sample_002867,palm,100_0003_0065_7,False,0.3776,0.5504409074783325,partial_overlap
sample_002868,palm,100_0003_0065_7,False,0.0,0.5249954462051392,no_overlap
sample_002876,palm,100_0003_0065_8,False,0.2362,0.7042995691299438,partial_overlap
sample_002877,palm,100_0003_0065_8,False,0.0,0.6339594125747681,no_overlap
sample_002885,palm,100_0003_0066_2,False,0.0,0.6248112320899963,no_overlap
sample_002908,palm,100_0003_0066_6,False,0.0,0.6309705972671509,no_overlap
sample_002910,palm,100_0003_0066_6,False,0.5965,0.5415253043174744,iou_ge_0.5_lost_greedy
sample_002915,palm,100_0003_0066_7,False,0.0104,0.5973230004310608,partial_overlap
sample_002920,palm,100_0003_0066_8,False,0.0,0.7880131602287292,no_overlap
sample_002922,palm,100_0003_0066_8,False,0.0,0.7718617916107178,no_overlap
sample_002923,palm,100_0003_0066_8,False,0.1837,0.7685928344726562,partial_overlap
sample_002924,palm,100_0003_0066_8,False,0.0,0.5610144734382629,no_overlap
sample_002937,palm,100_0003_0067_2,False,0.2845,0.5707198977470398,partial_overlap
sample_002943,palm,100_0003_0067_3,False,0.0,0.6195917725563049,no_overlap
sample_002946,palm,100_0003_0067_4,False,0.0,0.8631815314292908,no_overlap
sample_002962,palm,100_0003_0067_7,False,0.0791,0.6750788688659668,partial_overlap
sample_002995,palm,100_0003_0068_2,False,0.0,0.7613370418548584,no_overlap
sample_003005,palm,100_0003_0068_3,False,0.0,0.7635780572891235,no_overlap
sample_003006,palm,100_0003_0068_3,False,0.1677,0.5134686827659607,partial_overlap
sample_003016,palm,100_0003_0068_4,False,0.0732,0.7689906358718872,partial_overlap
sample_003025,palm,100_0003_0068_6,False,0.0,0.566586971282959,no_overlap
sample_003027,palm,100_0003_0068_7,False,0.0643,0.5820374488830566,partial_overlap
sample_003028,palm,100_0003_0068_7,False,0.0,0.5818962454795837,no_overlap
sample_003040,palm,100_0003_0068_8,False,0.0,0.5766280293464661,no_overlap
sample_003042,palm,100_0003_0069_1,False,0.0,0.794585108757019,no_overlap
sample_003056,palm,100_0003_0069_2,False,0.0,0.7192363142967224,no_overlap
sample_003057,palm,100_0003_0069_2,False,0.3022,0.6961819529533386,partial_overlap
sample_003060,palm,100_0003_0069_2,False,0.0,0.5677477121353149,no_overlap
sample_003066,palm,100_0003_0069_3,False,0.0,0.6257160305976868,no_overlap
sample_003079,palm,100_0003_0069_4,False,0.0,0.761442244052887,no_overlap
sample_003091,palm,100_0003_0069_5,False,0.2525,0.8332281112670898,partial_overlap
sample_003098,palm,100_0003_0069_6,False,0.0,0.6252686381340027,no_overlap
sample_003103,palm,100_0003_0069_8,False,0.0827,0.8333738446235657,partial_overlap
sample_003106,palm,100_0003_0070_1,False,0.0,0.6586465239524841,no_overlap
sample_003107,palm,100_0003_0070_1,False,0.0,0.557032585144043,no_overlap
sample_003116,palm,100_0003_0070_2,False,0.0,0.7470876574516296,no_overlap
sample_003118,palm,100_0003_0070_2,False,0.1012,0.6257873177528381,partial_overlap
sample_003119,palm,100_0003_0070_2,False,0.1594,0.5351631045341492,partial_overlap
sample_003127,palm,100_0003_0070_3,False,0.0,0.7129236459732056,no_overlap
sample_003128,palm,100_0003_0070_3,False,0.05,0.6496089100837708,partial_overlap
sample_003129,palm,100_0003_0070_3,False,0.1048,0.5362014770507812,partial_overlap
sample_003137,palm,100_0003_0070_4,False,0.0882,0.6590097546577454,partial_overlap
sample_003143,palm,100_0003_0070_5,False,0.0,0.8243435621261597,no_overlap
sample_003144,palm,100_0003_0070_5,False,0.0,0.8106949925422668,no_overlap
sample_003147,palm,100_0003_0070_5,False,0.0,0.7021161913871765,no_overlap
sample_003148,palm,100_0003_0070_5,False,0.0,0.538469672203064,no_overlap
sample_003153,palm,100_0003_0070_6,False,0.0,0.784022867679596,no_overlap
sample_003154,palm,100_0003_0070_6,False,0.0,0.6912470459938049,no_overlap
sample_003155,palm,100_0003_0070_6,False,0.0,0.6180415153503418,no_overlap
sample_003159,palm,100_0003_0070_7,False,0.0029,0.5533615350723267,partial_overlap
sample_003169,palm,100_0003_0070_8,False,0.0229,0.6508913040161133,partial_overlap
sample_003171,palm,100_0003_0071_1,False,0.0017,0.7085732817649841,partial_overlap
sample_003172,palm,100_0003_0071_1,False,0.1373,0.7064205408096313,partial_overlap
sample_003173,palm,100_0003_0071_1,False,0.0388,0.6962916254997253,partial_overlap
sample_003175,palm,100_0003_0071_1,False,0.0,0.6510867476463318,no_overlap
sample_003185,palm,100_0003_0071_2,False,0.0,0.6797549724578857,no_overlap
sample_003193,palm,100_0003_0071_3,False,0.087,0.7737359404563904,partial_overlap
sample_003194,palm,100_0003_0071_3,False,0.3065,0.5864880681037903,partial_overlap
sample_003202,palm,100_0003_0071_4,False,0.0,0.6078859567642212,no_overlap
sample_003204,palm,100_0003_0071_5,False,0.0,0.7594898343086243,no_overlap
sample_003206,palm,100_0003_0071_5,False,0.0,0.672702431678772,no_overlap
sample_003214,palm,100_0003_0071_6,False,0.0,0.668272078037262,no_overlap
sample_003217,palm,100_0003_0071_7,False,0.0,0.5657556653022766,no_overlap
sample_003218,palm,100_0003_0071_7,False,0.0,0.5042916536331177,no_overlap
sample_003225,palm,100_0003_0071_8,False,0.0,0.6792011260986328,no_overlap
sample_003226,palm,100_0003_0071_8,False,0.0,0.5296772718429565,no_overlap
sample_003236,palm,100_0003_0072_1,False,0.2314,0.5016806125640869,partial_overlap
sample_003248,palm,100_0003_0072_2,False,0.0319,0.5829293131828308,partial_overlap
sample_003250,palm,100_0003_0072_3,False,0.0,0.6944994926452637,no_overlap
sample_003251,palm,100_0003_0072_3,False,0.0,0.6514795422554016,no_overlap
sample_003252,palm,100_0003_0072_3,False,0.1863,0.6119515299797058,partial_overlap
sample_003253,palm,100_0003_0072_3,False,0.0,0.5226507186889648,no_overlap
sample_003266,palm,100_0003_0072_5,False,0.2281,0.5434272885322571,partial_overlap
sample_003273,palm,100_0003_0072_6,False,0.0308,0.6941429376602173,partial_overlap
sample_003274,palm,100_0003_0072_6,False,0.0,0.6819950938224792,no_overlap
sample_003275,palm,100_0003_0072_6,False,0.0667,0.6692004203796387,partial_overlap
sample_003276,palm,100_0003_0072_6,False,0.0,0.6251519918441772,no_overlap
sample_003277,palm,100_0003_0072_6,False,0.0532,0.5488147139549255,partial_overlap
sample_003284,palm,100_0003_0072_7,False,0.027,0.704051673412323,partial_overlap
sample_003291,palm,100_0003_0072_8,False,0.4952,0.5976471900939941,partial_overlap
sample_003292,palm,100_0003_0072_8,False,0.0,0.5795590877532959,no_overlap
sample_003299,palm,100_0003_0073_1,False,0.0,0.6524314880371094,no_overlap
sample_003313,palm,100_0003_0073_3,False,0.0,0.5632083415985107,no_overlap
sample_003317,palm,100_0003_0073_4,False,0.1424,0.7534663081169128,partial_overlap
sample_003333,palm,100_0003_0073_6,False,0.0638,0.5815280079841614,partial_overlap
sample_003334,palm,100_0003_0073_6,False,0.377,0.5456581115722656,partial_overlap
sample_003335,palm,100_0003_0073_6,False,0.0497,0.5165585279464722,partial_overlap
sample_003337,palm,100_0003_0073_7,False,0.0,0.6554760336875916,no_overlap
sample_003344,palm,100_0003_0073_8,False,0.047,0.6652703881263733,partial_overlap
sample_003351,palm,100_0003_0074_1,False,0.0,0.7661401033401489,no_overlap
sample_003352,palm,100_0003_0074_1,False,0.0,0.7653282880783081,no_overlap
sample_003354,palm,100_0003_0074_1,False,0.1367,0.6866678595542908,partial_overlap
sample_003356,palm,100_0003_0074_1,False,0.0,0.6434367299079895,no_overlap
sample_003363,palm,100_0003_0074_2,False,0.0441,0.7481911778450012,partial_overlap
sample_003364,palm,100_0003_0074_2,False,0.1887,0.6913707852363586,partial_overlap
sample_003365,palm,100_0003_0074_2,False,0.0305,0.5931118130683899,partial_overlap
sample_003368,palm,100_0003_0074_3,False,0.0,0.7730740308761597,no_overlap
sample_003375,palm,100_0003_0074_4,False,0.1119,0.5899311900138855,partial_overlap
sample_003376,palm,100_0003_0074_4,False,0.0,0.5741375684738159,no_overlap
sample_003377,palm,100_0003_0074_4,False,0.1322,0.5338797569274902,partial_overlap
sample_003385,palm,100_0003_0074_5,False,0.0,0.7650514245033264,no_overlap
sample_003394,palm,100_0003_0074_6,False,0.1214,0.7877659201622009,partial_overlap
sample_003397,palm,100_0003_0074_6,False,0.0487,0.7074609994888306,partial_overlap
sample_003398,palm,100_0003_0074_6,False,0.2631,0.6212722659111023,partial_overlap
sample_003399,palm,100_0003_0074_6,False,0.5443,0.6202707290649414,iou_ge_0.5_lost_greedy
sample_003400,palm,100_0003_0074_6,False,0.3935,0.5001226663589478,partial_overlap
sample_003402,palm,100_0003_0074_7,False,0.0,0.7619380950927734,no_overlap
sample_003403,palm,100_0003_0074_7,False,0.0,0.5046709179878235,no_overlap
sample_003435,palm,100_0003_0094_4,False,0.0,0.6097522377967834,no_overlap
sample_003451,palm,100_0003_0095_2,False,0.0,0.7813374400138855,no_overlap
sample_003454,palm,100_0003_0095_2,False,0.0,0.6608096957206726,no_overlap
sample_003455,palm,100_0003_0095_2,False,0.0408,0.6539666652679443,partial_overlap
sample_003456,palm,100_0003_0095_2,False,0.0,0.651652991771698,no_overlap
sample_003462,palm,100_0003_0095_4,False,0.0,0.5765541791915894,no_overlap
sample_003463,palm,100_0003_0095_4,False,0.0,0.510546863079071,no_overlap
sample_003467,palm,100_0003_0095_7,False,0.0995,0.6653991341590881,partial_overlap
sample_003468,palm,100_0003_0095_7,False,0.0569,0.6357188820838928,partial_overlap
sample_003486,palm,100_0003_0097_2,False,0.4325,0.6048423647880554,partial_overlap
sample_003487,palm,100_0003_0097_2,False,0.0,0.5204396843910217,no_overlap
sample_003522,palm,100_0003_0106_5,False,0.0123,0.6914570927619934,partial_overlap
sample_003523,palm,100_0003_0106_5,False,0.1264,0.5542586445808411,partial_overlap
sample_003566,palm,100_0003_0109_4,False,0.0,0.816597044467926,no_overlap
sample_003593,palm,100_0003_0112_4,False,0.0,0.6758279204368591,no_overlap
sample_003611,palm,100_0003_0114_3,False,0.0452,0.8071277141571045,partial_overlap
sample_003614,palm,100_0003_0114_3,False,0.0,0.6280286312103271,no_overlap
sample_003624,palm,100_0003_0116_5,False,0.49,0.7695357799530029,partial_overlap
sample_003625,palm,100_0003_0116_5,False,0.4974,0.6631726026535034,partial_overlap
sample_003636,palm,100_0003_0117_2,False,0.0,0.697941780090332,no_overlap
sample_003637,palm,100_0003_0117_2,False,0.0,0.6114605665206909,no_overlap
sample_003638,palm,100_0003_0117_2,False,0.0,0.5745474696159363,no_overlap
sample_003652,palm,100_0003_0119_3,False,0.0,0.7694211602210999,no_overlap
sample_003655,palm,100_0003_0119_3,False,0.0511,0.6371877789497375,partial_overlap
sample_003656,palm,100_0003_0119_3,False,0.0,0.5025796890258789,no_overlap
sample_003676,palm,100_0003_0120_8,False,0.0013,0.5369368195533752,partial_overlap
sample_003682,palm,100_0003_0123_5,False,0.4648,0.507012128829956,partial_overlap
sample_003689,palm,100_0003_0124_1,False,0.4292,0.5861205458641052,partial_overlap
sample_003697,palm,100_0003_0128_6,False,0.0776,0.52402263879776,partial_overlap
sample_003703,palm,100_0003_0130_5,False,0.4251,0.5982674956321716,partial_overlap
sample_003704,palm,100_0003_0130_5,False,0.0,0.5450887084007263,no_overlap
sample_003709,palm,100_0003_0131_5,False,0.259,0.6124932169914246,partial_overlap
sample_003716,palm,100_0003_0132_5,False,0.0,0.5677576065063477,no_overlap
sample_003723,palm,100_0003_0133_2,False,0.0529,0.6280569434165955,partial_overlap
sample_003768,palm,100_0003_0135_6,False,0.0,0.5912895798683167,no_overlap
sample_003778,palm,100_0003_0135_7,False,0.1125,0.7290483117103577,partial_overlap
sample_003779,palm,100_0003_0135_7,False,0.0,0.6632808446884155,no_overlap
sample_003780,palm,100_0003_0135_7,False,0.0,0.6010133028030396,no_overlap
sample_003781,palm,100_0003_0135_7,False,0.0165,0.5654224753379822,partial_overlap
sample_003785,palm,100_0003_0136_4,False,0.3328,0.7489557862281799,partial_overlap
sample_003788,palm,100_0003_0136_4,False,0.4278,0.5465369820594788,partial_overlap
sample_003806,palm,100_0003_0137_1,False,0.0,0.5069676041603088,no_overlap
sample_003840,palm,100_0003_0140_4,False,0.1537,0.5459367632865906,partial_overlap
sample_003851,palm,100_0003_0141_7,False,0.4396,0.5839252471923828,partial_overlap
sample_003852,palm,100_0003_0141_7,False,0.401,0.5789517760276794,partial_overlap
sample_003853,palm,100_0003_0141_7,False,0.0,0.556159496307373,no_overlap
sample_003858,palm,100_0003_0142_1,False,0.0,0.821919322013855,no_overlap
sample_003859,palm,100_0003_0142_1,False,0.1546,0.596187949180603,partial_overlap
sample_003868,palm,100_0003_0143_7,False,0.6622,0.7449246048927307,iou_ge_0.5_lost_greedy
sample_003870,palm,100_0003_0143_7,False,0.0,0.6890602707862854,no_overlap
sample_003898,palm,100_0003_0145_3,False,0.0,0.6678333282470703,no_overlap
sample_003903,palm,100_0003_0145_4,False,0.0,0.5937811136245728,no_overlap
sample_003904,palm,100_0003_0145_4,False,0.0,0.5784510970115662,no_overlap
sample_003914,palm,100_0003_0145_5,False,0.4905,0.5245435833930969,partial_overlap
sample_003928,palm,100_0003_0145_7,False,0.2203,0.5445986986160278,partial_overlap
sample_003949,palm,100_0003_0151_4,False,0.3019,0.6582536697387695,partial_overlap
sample_003950,palm,100_0003_0151_4,False,0.2568,0.576373815536499,partial_overlap
sample_003958,palm,100_0003_0152_8,False,0.2605,0.6059277653694153,partial_overlap
sample_003973,palm,100_0003_0157_4,False,0.0,0.5150620937347412,no_overlap
sample_003981,palm,100_0003_0159_4,False,0.0,0.7934480309486389,no_overlap
sample_003983,palm,100_0003_0159_4,False,0.5626,0.7594544887542725,iou_ge_0.5_lost_greedy
sample_003989,palm,100_0003_0159_8,False,0.0374,0.5350682735443115,partial_overlap
sample_003990,palm,100_0003_0159_8,False,0.0,0.5054997205734253,no_overlap
sample_004012,palm,100_0003_0161_4,False,0.0,0.5910627841949463,no_overlap
sample_004013,palm,100_0003_0161_4,False,0.0,0.5770024657249451,no_overlap
sample_004018,palm,100_0003_0162_1,False,0.0,0.6020743250846863,no_overlap
sample_004022,palm,100_0003_0165_1,False,0.2532,0.725314736366272,partial_overlap
sample_004033,palm,100_0003_0165_5,False,0.0,0.5635126233100891,no_overlap
sample_004045,palm,100_0003_0165_6,False,0.3613,0.5168276429176331,partial_overlap
sample_004053,palm,100_0003_0167_1,False,0.0,0.6080787181854248,no_overlap
sample_004054,palm,100_0003_0167_1,False,0.0,0.5205212831497192,no_overlap
sample_004074,palm,100_0003_0167_4,False,0.0,0.5542175769805908,no_overlap
sample_004075,palm,100_0003_0167_4,False,0.0,0.5407251715660095,no_overlap
sample_004088,palm,100_0003_0168_6,False,0.0,0.5860424041748047,no_overlap
sample_004096,palm,100_0003_0168_7,False,0.0,0.7338426113128662,no_overlap
sample_004098,palm,100_0003_0168_7,False,0.0062,0.6331522464752197,partial_overlap
sample_004106,palm,100_0003_0169_1,False,0.4476,0.756752610206604,partial_overlap
sample_004111,palm,100_0003_0169_1,False,0.0,0.5982475280761719,no_overlap
sample_004112,palm,100_0003_0169_1,False,0.0,0.5576590299606323,no_overlap
sample_004113,palm,100_0003_0169_1,False,0.021,0.505033552646637,partial_overlap
sample_004124,palm,100_0003_0169_5,False,0.1986,0.5140835046768188,partial_overlap
sample_004196,palm,100_0003_0176_3,False,0.4422,0.7310982942581177,partial_overlap
sample_004198,palm,100_0003_0176_3,False,0.4471,0.610333263874054,partial_overlap
sample_004199,palm,100_0003_0176_3,False,0.1926,0.5792251825332642,partial_overlap
sample_004200,palm,100_0003_0176_3,False,0.2655,0.5385900735855103,partial_overlap
sample_004212,palm,100_0003_0176_4,False,0.0,0.7503101229667664,no_overlap
sample_004226,palm,100_0003_0177_6,False,0.6002,0.6303387880325317,iou_ge_0.5_lost_greedy
sample_004241,palm,100_0003_0181_4,False,0.0,0.6141278147697449,no_overlap
sample_004265,palm,100_0003_0189_5,False,0.0,0.6327962279319763,no_overlap
sample_004272,palm,100_0003_0190_5,False,0.3148,0.6498026251792908,partial_overlap
sample_004273,palm,100_0003_0190_5,False,0.0,0.546684741973877,no_overlap
sample_004276,palm,100_0003_0191_2,False,0.0,0.5533808469772339,no_overlap
sample_004279,palm,100_0003_0192_5,False,0.4619,0.5877987146377563,partial_overlap
sample_004283,palm,100_0003_0194_6,False,0.2915,0.6794256567955017,partial_overlap
sample_004284,palm,100_0003_0194_6,False,0.0,0.5170609354972839,no_overlap
sample_004307,palm,100_0003_0197_6,False,0.0,0.6106213331222534,no_overlap
sample_004379,ambiguous,100_0003_0200_3,False,0.0,0.5199733972549438,no_overlap
sample_004411,palm,100_0003_0201_1,False,0.2327,0.7448234558105469,partial_overlap
sample_004414,palm,100_0003_0201_2,False,0.0,0.8878025412559509,no_overlap
sample_004422,palm,100_0003_0201_3,False,0.0,0.7120843529701233,no_overlap
sample_004429,palm,100_0003_0201_4,False,0.4586,0.6720046997070312,partial_overlap
sample_004431,palm,100_0003_0201_4,False,0.3982,0.5455580949783325,partial_overlap
sample_004491,palm,100_0003_0202_4,False,0.2486,0.6592079997062683,partial_overlap
sample_004492,palm,100_0003_0202_4,False,0.4345,0.6074494123458862,partial_overlap
sample_004545,palm,100_0003_0203_2,False,0.341,0.7733889222145081,partial_overlap
sample_004546,palm,100_0003_0203_2,False,0.5973,0.7327274084091187,iou_ge_0.5_lost_greedy
sample_004559,palm,100_0003_0203_3,False,0.2647,0.5399812459945679,partial_overlap
sample_004611,palm,100_0003_0204_1,False,0.3371,0.6906535029411316,partial_overlap
sample_004613,palm,100_0003_0204_1,False,0.36,0.5077295899391174,partial_overlap
sample_004694,palm,100_0003_0205_1,False,0.0,0.670197606086731,no_overlap
sample_004729,palm,100_0003_0205_5,False,0.2405,0.6348333358764648,partial_overlap
sample_004739,ambiguous,100_0003_0209_7,False,0.0,0.5258845686912537,no_overlap
sample_004740,palm,100_0003_0209_7,False,0.4132,0.507792055606842,partial_overlap
sample_004749,palm,100_0003_0211_8,False,0.0,0.8521749377250671,no_overlap
sample_004790,palm,100_0003_0216_4,False,0.0,0.8142681121826172,no_overlap
sample_004792,palm,100_0003_0216_4,False,0.0,0.7833152413368225,no_overlap
sample_004794,palm,100_0003_0216_4,False,0.0,0.5684555768966675,no_overlap
sample_004812,palm,100_0003_0217_8,False,0.4033,0.5370113849639893,partial_overlap
sample_004822,palm,100_0003_0219_2,False,0.0,0.8170508742332458,no_overlap
sample_004824,palm,100_0003_0219_2,False,0.0,0.6713905930519104,no_overlap
sample_004825,palm,100_0003_0219_2,False,0.0,0.6479257345199585,no_overlap
sample_004832,palm,100_0003_0219_4,False,0.3931,0.6382363438606262,partial_overlap
sample_004833,palm,100_0003_0219_4,False,0.1812,0.5972775816917419,partial_overlap
sample_004834,palm,100_0003_0219_4,False,0.2798,0.5083536505699158,partial_overlap
sample_004842,palm,100_0003_0221_6,False,0.0,0.7198789119720459,no_overlap
sample_004844,palm,100_0003_0221_6,False,0.0,0.7046759724617004,no_overlap
sample_004845,palm,100_0003_0221_6,False,0.1461,0.5674965977668762,partial_overlap
sample_004846,palm,100_0003_0221_6,False,0.0,0.5559402704238892,no_overlap
sample_004866,palm,100_0003_0222_6,False,0.0,0.678678572177887,no_overlap
sample_004873,palm,100_0003_0226_1,False,0.0,0.8050333857536316,no_overlap
sample_004874,palm,100_0003_0226_1,False,0.0,0.7090909481048584,no_overlap
sample_004898,palm,100_0003_0238_1,False,0.0,0.7470699548721313,no_overlap
sample_004899,palm,100_0003_0238_1,False,0.4572,0.7267856597900391,partial_overlap
sample_004915,palm,100_0003_0240_5,False,0.0,0.7772926092147827,no_overlap
sample_004916,palm,100_0003_0240_5,False,0.0,0.7276255488395691,no_overlap
sample_004977,palm,100_0003_0245_8,False,0.5193,0.5333333611488342,iou_ge_0.5_lost_greedy
sample_004986,palm,100_0003_0246_2,False,0.0347,0.5097441077232361,partial_overlap
sample_004994,palm,100_0003_0246_6,False,0.015,0.7619630098342896,partial_overlap
sample_005002,palm,100_0003_0249_7,False,0.0,0.5140964388847351,no_overlap
sample_005007,palm,100_0003_0251_5,False,0.0,0.646865725517273,no_overlap
sample_005008,palm,100_0003_0251_5,False,0.0,0.6064159870147705,no_overlap
sample_005019,palm,100_0003_0252_3,False,0.0,0.6340929269790649,no_overlap
sample_005027,palm,100_0003_0253_7,False,0.1625,0.623175323009491,partial_overlap
sample_005041,ambiguous,100_0003_0256_1,False,0.0,0.5749632716178894,no_overlap
sample_005053,palm,100_0003_0263_5,False,0.0,0.5718889832496643,no_overlap
sample_005064,palm,100_0003_0268_7,False,0.0,0.6560119390487671,no_overlap
sample_005072,palm,100_0003_0269_8,False,0.0,0.6712464690208435,no_overlap
sample_005076,palm,100_0003_0269_8,False,0.0974,0.5313280820846558,partial_overlap
sample_005077,palm,100_0003_0269_8,False,0.0,0.5288684368133545,no_overlap
sample_005078,palm,100_0003_0269_8,False,0.0,0.508141040802002,no_overlap
sample_005090,palm,100_0003_0274_1,False,0.0,0.8701775074005127,no_overlap
sample_005092,palm,100_0003_0274_1,False,0.0,0.854284405708313,no_overlap
sample_005094,palm,100_0003_0274_1,False,0.0,0.8376094102859497,no_overlap
sample_005096,palm,100_0003_0274_1,False,0.0,0.8232063055038452,no_overlap
sample_005097,palm,100_0003_0274_1,False,0.0947,0.7762981653213501,partial_overlap
sample_005109,palm,100_0003_0274_2,False,0.0884,0.5787899494171143,partial_overlap
sample_005135,palm,100_0003_0277_5,False,0.0,0.8142256736755371,no_overlap
sample_005137,palm,100_0003_0277_5,False,0.0,0.6834596991539001,no_overlap
sample_005144,palm,100_0003_0277_7,False,0.0,0.6954942345619202,no_overlap
sample_005145,palm,100_0003_0277_7,False,0.0,0.6332614421844482,no_overlap
sample_005146,palm,100_0003_0277_7,False,0.0817,0.6230303049087524,partial_overlap
sample_005159,palm,100_0003_0279_6,False,0.5701,0.5937451124191284,iou_ge_0.5_lost_greedy
sample_005177,palm,100_0003_0280_7,False,0.3288,0.5859929323196411,partial_overlap
sample_005178,palm,100_0003_0280_7,False,0.6501,0.562190592288971,iou_ge_0.5_lost_greedy
sample_005201,palm,100_0003_0281_4,False,0.0,0.7964518666267395,no_overlap
sample_005240,palm,100_0003_0289_4,False,0.0,0.6337820291519165,no_overlap
sample_005244,palm,100_0003_0290_1,False,0.0417,0.7056971192359924,partial_overlap
sample_005245,palm,100_0003_0290_1,False,0.0,0.6214292049407959,no_overlap
sample_005263,palm,100_0003_0291_7,False,0.0093,0.7007456421852112,partial_overlap
sample_005272,palm,100_0003_0292_6,False,0.5741,0.6922086477279663,iou_ge_0.5_lost_greedy
sample_005277,palm,100_0003_0292_6,False,0.2264,0.5002312660217285,partial_overlap
sample_005312,palm,100_0003_0296_2,False,0.2972,0.5788026452064514,partial_overlap
sample_005345,palm,100_0003_0300_6,False,0.3317,0.5407867431640625,partial_overlap
sample_005348,palm,100_0003_0300_6,False,0.2729,0.5237959623336792,partial_overlap
sample_005351,palm,100_0003_0301_3,False,0.0,0.5328472256660461,no_overlap
sample_005373,ambiguous,100_0003_0312_8,False,0.0,0.6684033870697021,no_overlap
sample_005386,palm,100_0003_0316_4,False,0.0348,0.6585779190063477,partial_overlap
sample_005392,palm,100_0003_0317_3,False,0.2455,0.7045894265174866,partial_overlap
sample_005394,palm,100_0003_0317_3,False,0.0,0.6219744682312012,no_overlap
sample_005395,palm,100_0003_0317_3,False,0.0,0.6121038794517517,no_overlap
sample_005414,palm,100_0003_0319_3,False,0.0,0.6612551808357239,no_overlap
sample_005415,palm,100_0003_0319_3,False,0.1343,0.5696511268615723,partial_overlap
sample_005432,palm,100_0003_0322_4,False,0.2469,0.598385751247406,partial_overlap
sample_005444,palm,100_0003_0325_1,False,0.3554,0.7003595232963562,partial_overlap
sample_005452,palm,100_0003_0335_8,False,0.0,0.5536232590675354,no_overlap
sample_005455,palm,100_0003_0336_2,False,0.2909,0.5139614939689636,partial_overlap
sample_005461,palm,100_0003_0337_5,False,0.0,0.6554995179176331,no_overlap
sample_005496,palm,100_0003_0343_4,False,0.0,0.7546770572662354,no_overlap
sample_005510,palm,100_0003_0345_1,False,0.0,0.6277434229850769,no_overlap
sample_005511,palm,100_0003_0345_1,False,0.0,0.6002309322357178,no_overlap
sample_005512,palm,100_0003_0345_1,False,0.0,0.5878898501396179,no_overlap
sample_005557,palm,100_0003_0350_8,False,0.4686,0.5363478064537048,partial_overlap
sample_005577,palm,100_0003_0358_7,False,0.4491,0.7547674775123596,partial_overlap
sample_005591,palm,100_0003_0361_6,False,0.0,0.6051953434944153,no_overlap
sample_005597,palm,100_0003_0362_7,False,0.2965,0.6850979328155518,partial_overlap
sample_005598,palm,100_0003_0362_7,False,0.0,0.5756747722625732,no_overlap
sample_005600,palm,100_0003_0363_5,False,0.047,0.5866065621376038,partial_overlap
sample_005615,palm,100_0003_0366_4,False,0.4888,0.7626544833183289,partial_overlap
sample_005617,palm,100_0003_0366_4,False,0.337,0.6404638886451721,partial_overlap
sample_005638,palm,100_0003_0369_6,False,0.4701,0.6903757452964783,partial_overlap
sample_005642,palm,100_0003_0370_2,False,0.5681,0.7925170660018921,iou_ge_0.5_lost_greedy
sample_005643,palm,100_0003_0370_2,False,0.1086,0.6437181830406189,partial_overlap
sample_005655,palm,100_0003_0376_5,False,0.0961,0.5196453332901001,partial_overlap
sample_005662,palm,100_0003_0377_6,False,0.0,0.5084323883056641,no_overlap
sample_005664,palm,100_0003_0378_2,False,0.2651,0.6835589408874512,partial_overlap
sample_005668,palm,100_0003_0381_2,False,0.0,0.5065735578536987,no_overlap
sample_005675,palm,100_0003_0383_8,False,0.0,0.533121645450592,no_overlap
sample_005680,palm,100_0003_0384_4,False,0.0,0.6076765060424805,no_overlap
sample_005697,palm,100_0003_0386_2,False,0.4031,0.695184588432312,partial_overlap
sample_005698,palm,100_0003_0386_2,False,0.4281,0.5838680267333984,partial_overlap
sample_005699,palm,100_0003_0386_2,False,0.0,0.5679992437362671,no_overlap
sample_005701,palm,100_0003_0386_3,False,0.0,0.512309193611145,no_overlap
sample_005704,palm,100_0003_0386_6,False,0.0241,0.6931491494178772,partial_overlap
sample_005711,palm,100_0003_0387_1,False,0.2464,0.5014312267303467,partial_overlap
