model,condition,semantic_label,n,n_R,n_U,n_Ur,rate_R,rate_U,rate_Ur
Qwen2.5-VL-7B,A1,ambiguous,19,3,12,4,0.15789473684210525,0.631578947368421,0.21052631578947367
Qwen2.5-VL-7B,A1,palm,619,161,342,116,0.26009693053311794,0.5525040387722132,0.18739903069466882
Qwen2.5-VL-7B,A2,ambiguous,19,5,14,0,0.2631578947368421,0.7368421052631579,0.0
Qwen2.5-VL-7B,A2,palm,619,227,342,50,0.3667205169628433,0.5525040387722132,0.08077544426494346
Qwen2.5-VL-7B,A3,ambiguous,19,6,13,0,0.3157894736842105,0.6842105263157895,0.0
Qwen2.5-VL-7B,A3,palm,619,249,360,10,0.40226171243941844,0.5815831987075929,0.01615508885298869
Qwen2.5-VL-7B,A4,ambiguous,19,1,9,9,0.05263157894736842,0.47368421052631576,0.47368421052631576
Qwen2.5-VL-7B,A4,palm,619,109,327,183,0.17609046849757673,0.5282714054927302,0.2956381260096931
Qwen2.5-VL-7B,A5,ambiguous,19,0,1,18,0.0,0.05263157894736842,0.9473684210526315
Qwen2.5-VL-7B,A5,palm,619,58,54,507,0.09369951534733441,0.08723747980613894,0.8190630048465266
Qwen3-VL-8B,A1,ambiguous,19,2,0,17,0.10526315789473684,0.0,0.8947368421052632
Qwen3-VL-8B,A1,palm,619,269,42,308,0.4345718901453958,0.06785137318255251,0.4975767366720517
Qwen3-VL-8B,A2,ambiguous,19,3,2,14,0.15789473684210525,0.10526315789473684,0.7368421052631579
Qwen3-VL-8B,A2,palm,619,332,88,199,0.5363489499192245,0.1421647819063005,0.32148626817447495
Qwen3-VL-8B,A3,ambiguous,19,2,1,16,0.10526315789473684,0.05263157894736842,0.8421052631578947
Qwen3-VL-8B,A3,palm,619,261,65,293,0.42164781906300486,0.1050080775444265,0.47334410339256866
Qwen3-VL-8B,A4,ambiguous,19,12,3,4,0.631578947368421,0.15789473684210525,0.21052631578947367
Qwen3-VL-8B,A4,palm,619,503,47,69,0.8126009693053312,0.07592891760904685,0.11147011308562198
Qwen3-VL-8B,A5,ambiguous,19,0,6,13,0.0,0.3157894736842105,0.6842105263157895
Qwen3-VL-8B,A5,palm,619,11,414,194,0.017770597738287562,0.6688206785137318,0.3134087237479806
Qwen3-VL-4B,A1,ambiguous,19,0,0,19,0.0,0.0,1.0
Qwen3-VL-4B,A1,palm,619,36,84,499,0.05815831987075929,0.13570274636510501,0.8061389337641357
Qwen3-VL-4B,A2,ambiguous,19,0,0,19,0.0,0.0,1.0
Qwen3-VL-4B,A2,palm,619,68,76,475,0.1098546042003231,0.12277867528271405,0.7673667205169629
Qwen3-VL-4B,A3,ambiguous,19,0,0,19,0.0,0.0,1.0
Qwen3-VL-4B,A3,palm,619,52,61,506,0.0840064620355412,0.09854604200323101,0.8174474959612278
Qwen3-VL-4B,A4,ambiguous,19,0,0,19,0.0,0.0,1.0
Qwen3-VL-4B,A4,palm,619,46,63,510,0.07431340872374798,0.10177705977382875,0.8239095315024233
Qwen3-VL-4B,A5,ambiguous,19,0,2,17,0.0,0.10526315789473684,0.8947368421052632
Qwen3-VL-4B,A5,palm,619,7,224,388,0.011308562197092083,0.36187399030694667,0.6268174474959612
InternVL3.5-8B,A1,ambiguous,19,1,14,4,0.05263157894736842,0.7368421052631579,0.21052631578947367
InternVL3.5-8B,A1,palm,619,84,490,45,0.13570274636510501,0.7915993537964459,0.07269789983844911
InternVL3.5-8B,A2,ambiguous,19,1,15,3,0.05263157894736842,0.7894736842105263,0.15789473684210525
InternVL3.5-8B,A2,palm,619,75,538,6,0.12116316639741519,0.8691437802907916,0.009693053311793215
InternVL3.5-8B,A3,ambiguous,19,1,15,3,0.05263157894736842,0.7894736842105263,0.15789473684210525
InternVL3.5-8B,A3,palm,619,68,532,19,0.1098546042003231,0.8594507269789984,0.030694668820678513
InternVL3.5-8B,A4,ambiguous,19,1,15,3,0.05263157894736842,0.7894736842105263,0.15789473684210525
InternVL3.5-8B,A4,palm,619,85,532,2,0.13731825525040386,0.8594507269789984,0.0032310177705977385
InternVL3.5-8B,A5,ambiguous,19,0,19,0,0.0,1.0,0.0
InternVL3.5-8B,A5,palm,619,29,587,3,0.046849757673667204,0.9483037156704361,0.004846526655896607
GLM-4.6V-Flash,A1,ambiguous,19,2,0,17,0.10526315789473684,0.0,0.8947368421052632
GLM-4.6V-Flash,A1,palm,619,214,9,396,0.345718901453958,0.014539579967689823,0.6397415185783522
GLM-4.6V-Flash,A2,ambiguous,19,1,0,18,0.05263157894736842,0.0,0.9473684210526315
GLM-4.6V-Flash,A2,palm,619,199,16,404,0.32148626817447495,0.025848142164781908,0.6526655896607432
GLM-4.6V-Flash,A3,ambiguous,19,0,0,19,0.0,0.0,1.0
GLM-4.6V-Flash,A3,palm,619,162,27,430,0.2617124394184168,0.04361873990306947,0.6946688206785138
GLM-4.6V-Flash,A4,ambiguous,19,1,0,18,0.05263157894736842,0.0,0.9473684210526315
GLM-4.6V-Flash,A4,palm,619,185,17,417,0.2988691437802908,0.027463651050080775,0.6736672051696284
GLM-4.6V-Flash,A5,ambiguous,19,0,5,14,0.0,0.2631578947368421,0.7368421052631579
GLM-4.6V-Flash,A5,palm,619,35,260,324,0.05654281098546042,0.420032310177706,0.5234248788368336
Phi-4-multimodal,A1,ambiguous,19,11,0,8,0.5789473684210527,0.0,0.42105263157894735
Phi-4-multimodal,A1,palm,619,463,0,156,0.7479806138933764,0.0,0.2520193861066236
Phi-4-multimodal,A2,ambiguous,19,11,0,8,0.5789473684210527,0.0,0.42105263157894735
Phi-4-multimodal,A2,palm,619,450,0,169,0.7269789983844911,0.0,0.2730210016155089
Phi-4-multimodal,A3,ambiguous,19,7,0,12,0.3684210526315789,0.0,0.631578947368421
Phi-4-multimodal,A3,palm,619,303,0,316,0.4894991922455573,0.0,0.5105008077544426
Phi-4-multimodal,A4,ambiguous,19,0,0,19,0.0,0.0,1.0
Phi-4-multimodal,A4,palm,619,91,0,528,0.1470113085621971,0.0,0.8529886914378029
Phi-4-multimodal,A5,ambiguous,19,1,0,18,0.05263157894736842,0.0,0.9473684210526315
Phi-4-multimodal,A5,palm,619,193,0,426,0.31179321486268174,0.0,0.6882067851373183
Gemma-4-12B,A1,ambiguous,19,10,0,9,0.5263157894736842,0.0,0.47368421052631576
Gemma-4-12B,A1,palm,619,562,0,57,0.9079159935379645,0.0,0.09208400646203554
Gemma-4-12B,A2,ambiguous,19,11,0,8,0.5789473684210527,0.0,0.42105263157894735
Gemma-4-12B,A2,palm,619,569,0,50,0.9192245557350566,0.0,0.08077544426494346
Gemma-4-12B,A3,ambiguous,19,6,0,13,0.3157894736842105,0.0,0.6842105263157895
Gemma-4-12B,A3,palm,619,484,0,135,0.7819063004846527,0.0,0.21809369951534732
Gemma-4-12B,A4,ambiguous,19,9,0,10,0.47368421052631576,0.0,0.5263157894736842
Gemma-4-12B,A4,palm,619,511,0,108,0.8255250403877221,0.0,0.17447495961227788
Gemma-4-12B,A5,ambiguous,19,5,0,14,0.2631578947368421,0.0,0.7368421052631579
Gemma-4-12B,A5,palm,619,421,0,198,0.6801292407108239,0.0,0.3198707592891761
MiniCPM-V-4.5,A1,ambiguous,19,12,0,7,0.631578947368421,0.0,0.3684210526315789
MiniCPM-V-4.5,A1,palm,619,554,0,65,0.8949919224555735,0.0,0.1050080775444265
MiniCPM-V-4.5,A2,ambiguous,19,13,0,6,0.6842105263157895,0.0,0.3157894736842105
MiniCPM-V-4.5,A2,palm,619,588,1,30,0.9499192245557351,0.0016155088852988692,0.048465266558966075
MiniCPM-V-4.5,A3,ambiguous,19,14,0,5,0.7368421052631579,0.0,0.2631578947368421
MiniCPM-V-4.5,A3,palm,619,585,0,34,0.9450726978998385,0.0,0.05492730210016155
Molmo2-8B,A1,ambiguous,19,1,18,0,0.05263157894736842,0.9473684210526315,0.0
Molmo2-8B,A1,palm,619,60,559,0,0.09693053311793215,0.9030694668820679,0.0
Qwen3-VL-2B,A1,ambiguous,19,19,0,0,1.0,0.0,0.0
Qwen3-VL-2B,A1,palm,619,615,4,0,0.9935379644588045,0.006462035541195477,0.0
Qwen3-VL-2B,A2,ambiguous,19,19,0,0,1.0,0.0,0.0
Qwen3-VL-2B,A2,palm,619,618,1,0,0.9983844911147012,0.0016155088852988692,0.0
Qwen3-VL-2B,A4,ambiguous,19,17,2,0,0.8947368421052632,0.10526315789473684,0.0
Qwen3-VL-2B,A4,palm,619,601,18,0,0.9709208400646203,0.029079159935379646,0.0
Qwen2.5-VL-3B,A1,ambiguous,19,19,0,0,1.0,0.0,0.0
Qwen2.5-VL-3B,A1,palm,619,598,0,21,0.9660743134087237,0.0,0.033925686591276254
Qwen2.5-VL-3B,A2,ambiguous,19,19,0,0,1.0,0.0,0.0
Qwen2.5-VL-3B,A2,palm,619,617,0,2,0.9967689822294022,0.0,0.0032310177705977385
Qwen2.5-VL-3B,A3,ambiguous,19,19,0,0,1.0,0.0,0.0
Qwen2.5-VL-3B,A3,palm,619,619,0,0,1.0,0.0,0.0
Qwen2.5-VL-3B,A4,ambiguous,19,19,0,0,1.0,0.0,0.0
Qwen2.5-VL-3B,A4,palm,619,619,0,0,1.0,0.0,0.0
Qwen2.5-VL-3B,A5,ambiguous,19,19,0,0,1.0,0.0,0.0
Qwen2.5-VL-3B,A5,palm,619,619,0,0,1.0,0.0,0.0
InternVL3.5-4B,A1,ambiguous,19,0,1,18,0.0,0.05263157894736842,0.9473684210526315
InternVL3.5-4B,A1,palm,619,97,51,471,0.1567043618739903,0.08239095315024232,0.7609046849757674
InternVL3.5-4B,A2,ambiguous,19,0,0,19,0.0,0.0,1.0
InternVL3.5-4B,A2,palm,619,42,7,570,0.06785137318255251,0.011308562197092083,0.9208400646203554
InternVL3.5-4B,A3,ambiguous,19,0,0,19,0.0,0.0,1.0
InternVL3.5-4B,A3,palm,619,27,6,586,0.04361873990306947,0.009693053311793215,0.9466882067851373
InternVL3.5-4B,A4,ambiguous,19,0,0,19,0.0,0.0,1.0
InternVL3.5-4B,A4,palm,619,45,3,571,0.07269789983844911,0.004846526655896607,0.9224555735056543
InternVL3.5-4B,A5,ambiguous,19,0,5,14,0.0,0.2631578947368421,0.7368421052631579
InternVL3.5-4B,A5,palm,619,20,197,402,0.03231017770597738,0.3182552504038772,0.6494345718901454
InternVL3.5-14B,A1,ambiguous,19,1,2,16,0.05263157894736842,0.10526315789473684,0.8421052631578947
InternVL3.5-14B,A1,palm,619,373,53,193,0.6025848142164781,0.08562197092084006,0.31179321486268174
InternVL3.5-14B,A2,ambiguous,19,2,4,13,0.10526315789473684,0.21052631578947367,0.6842105263157895
InternVL3.5-14B,A2,palm,619,393,80,146,0.6348949919224556,0.12924071082390953,0.2358642972536349
InternVL3.5-14B,A3,ambiguous,19,2,2,15,0.10526315789473684,0.10526315789473684,0.7894736842105263
InternVL3.5-14B,A3,palm,619,372,61,186,0.6009693053311793,0.09854604200323101,0.30048465266558966
InternVL3.5-14B,A4,ambiguous,19,2,0,17,0.10526315789473684,0.0,0.8947368421052632
InternVL3.5-14B,A4,palm,619,306,63,250,0.49434571890145396,0.10177705977382875,0.40387722132471726
InternVL3.5-14B,A5,ambiguous,19,1,10,8,0.05263157894736842,0.5263157894736842,0.42105263157894735
InternVL3.5-14B,A5,palm,619,175,288,156,0.2827140549273021,0.46526655896607433,0.2520193861066236
