model,pair,confidence_half,area_half,n,changed_rate
Qwen2.5-VL-7B,A1->A5,low_conf,small_box,2198,0.7183803457688808
Qwen2.5-VL-7B,A1->A5,low_conf,large_box,676,0.47928994082840237
Qwen2.5-VL-7B,A1->A5,high_conf,small_box,676,0.5281065088757396
Qwen2.5-VL-7B,A1->A5,high_conf,large_box,2197,0.17933545744196633
Qwen3-VL-8B,A1->A5,low_conf,small_box,2198,0.8080072793448589
Qwen3-VL-8B,A1->A5,low_conf,large_box,676,0.8002958579881657
Qwen3-VL-8B,A1->A5,high_conf,small_box,676,0.9053254437869822
Qwen3-VL-8B,A1->A5,high_conf,large_box,2197,0.5876194811106054
Qwen3-VL-4B,A1->A5,low_conf,small_box,2198,0.45950864422202004
Qwen3-VL-4B,A1->A5,low_conf,large_box,676,0.5547337278106509
Qwen3-VL-4B,A1->A5,high_conf,small_box,676,0.5384615384615384
Qwen3-VL-4B,A1->A5,high_conf,large_box,2197,0.45152480655439237
InternVL3.5-8B,A1->A5,low_conf,small_box,2198,0.2588717015468608
InternVL3.5-8B,A1->A5,low_conf,large_box,676,0.47041420118343197
InternVL3.5-8B,A1->A5,high_conf,small_box,676,0.4437869822485207
InternVL3.5-8B,A1->A5,high_conf,large_box,2197,0.4547109695038689
GLM-4.6V-Flash,A1->A5,low_conf,small_box,2198,0.6041856232939036
GLM-4.6V-Flash,A1->A5,low_conf,large_box,676,0.5532544378698225
GLM-4.6V-Flash,A1->A5,high_conf,small_box,676,0.5399408284023669
GLM-4.6V-Flash,A1->A5,high_conf,large_box,2197,0.3140646335912608
Phi-4-multimodal,A1->A5,low_conf,small_box,2198,0.4267515923566879
Phi-4-multimodal,A1->A5,low_conf,large_box,676,0.17159763313609466
Phi-4-multimodal,A1->A5,high_conf,small_box,676,0.22337278106508876
Phi-4-multimodal,A1->A5,high_conf,large_box,2197,0.05370960400546199
Gemma-4-12B,A1->A5,low_conf,small_box,2198,0.2083712465878071
Gemma-4-12B,A1->A5,low_conf,large_box,676,0.028106508875739646
Gemma-4-12B,A1->A5,high_conf,small_box,676,0.019230769230769232
Gemma-4-12B,A1->A5,high_conf,large_box,2197,0.004551661356395084
Qwen3-VL-2B,A1->A5,low_conf,small_box,2197,0.3782430587164315
Qwen3-VL-2B,A1->A5,low_conf,large_box,676,0.2603550295857988
Qwen3-VL-2B,A1->A5,high_conf,small_box,676,0.08727810650887574
Qwen3-VL-2B,A1->A5,high_conf,large_box,2197,0.06053709604005462
Qwen2.5-VL-3B,A1->A5,low_conf,small_box,2198,0.01683348498635123
Qwen2.5-VL-3B,A1->A5,low_conf,large_box,676,0.005917159763313609
Qwen2.5-VL-3B,A1->A5,high_conf,small_box,676,0.013313609467455622
Qwen2.5-VL-3B,A1->A5,high_conf,large_box,2197,0.0027309968138370506
InternVL3.5-2B,A1->A5,low_conf,small_box,2126,0.0
InternVL3.5-2B,A1->A5,low_conf,large_box,658,0.0
InternVL3.5-2B,A1->A5,high_conf,small_box,674,0.0
InternVL3.5-2B,A1->A5,high_conf,large_box,2192,0.0
InternVL3.5-4B,A1->A5,low_conf,small_box,2198,0.4467697907188353
InternVL3.5-4B,A1->A5,low_conf,large_box,676,0.5133136094674556
InternVL3.5-4B,A1->A5,high_conf,small_box,676,0.5355029585798816
InternVL3.5-4B,A1->A5,high_conf,large_box,2197,0.6568047337278107
InternVL3.5-14B,A1->A5,low_conf,small_box,2198,0.5559599636032757
InternVL3.5-14B,A1->A5,low_conf,large_box,676,0.40236686390532544
InternVL3.5-14B,A1->A5,high_conf,small_box,676,0.3254437869822485
InternVL3.5-14B,A1->A5,high_conf,large_box,2197,0.1998179335457442
