model,pair,property,quintile,event,n_at_risk,n_event,rate,ci_low,ci_high
Qwen2.5-VL-7B,A1->A5,confidence,Q1,changed,1150,851,0.74,0.7119191267257828,0.7664740216149927
Qwen2.5-VL-7B,A1->A5,confidence,Q1,toward_rejection,1150,802,0.697391304347826,0.6661190251808874,0.7260887633611016
Qwen2.5-VL-7B,A1->A5,confidence,Q1,into_U,1150,44,0.03826086956521739,0.027554542848953856,0.05022899115539894
Qwen2.5-VL-7B,A1->A5,confidence,Q1,into_Ur,1150,763,0.6634782608695652,0.6333302919708029,0.6923092209856916
Qwen2.5-VL-7B,A1->A5,confidence,Q2,changed,1149,740,0.6440382941688425,0.6149425287356322,0.6731153389119667
Qwen2.5-VL-7B,A1->A5,confidence,Q2,toward_rejection,1149,623,0.5422106179286336,0.5103690805634153,0.5722985367073832
Qwen2.5-VL-7B,A1->A5,confidence,Q2,into_U,1149,62,0.053959965187119235,0.040627192778713635,0.06828097563783954
Qwen2.5-VL-7B,A1->A5,confidence,Q2,into_Ur,1149,570,0.4960835509138381,0.46647405317028373,0.5272793772492567
Qwen2.5-VL-7B,A1->A5,confidence,Q3,changed,1149,563,0.4899912967798085,0.4607012536148852,0.5200102040816326
Qwen2.5-VL-7B,A1->A5,confidence,Q3,toward_rejection,1149,421,0.36640557006092256,0.3367497921862012,0.3952961100394966
Qwen2.5-VL-7B,A1->A5,confidence,Q3,into_U,1149,70,0.060922541340295906,0.04757855220657312,0.07478751694077138
Qwen2.5-VL-7B,A1->A5,confidence,Q3,into_Ur,1149,355,0.308964316797215,0.2812096835976404,0.3372222445151129
Qwen2.5-VL-7B,A1->A5,confidence,Q4,changed,1149,360,0.3133159268929504,0.28401650252861327,0.3437822133145354
Qwen2.5-VL-7B,A1->A5,confidence,Q4,toward_rejection,1149,224,0.19495213228894692,0.1706402160530601,0.22013111608570513
Qwen2.5-VL-7B,A1->A5,confidence,Q4,into_U,1149,53,0.04612706701479547,0.03397099872034707,0.05892411095522752
Qwen2.5-VL-7B,A1->A5,confidence,Q4,into_Ur,1149,177,0.15404699738903394,0.13280674555892547,0.17791541021108453
Qwen2.5-VL-7B,A1->A5,confidence,Q5,changed,1150,140,0.12173913043478261,0.10247264245638177,0.14138781678737122
Qwen2.5-VL-7B,A1->A5,confidence,Q5,toward_rejection,1150,88,0.07652173913043478,0.06187205157301905,0.09206989364406679
Qwen2.5-VL-7B,A1->A5,confidence,Q5,into_U,1150,24,0.020869565217391306,0.012855241861158034,0.029562061268120905
Qwen2.5-VL-7B,A1->A5,confidence,Q5,into_Ur,1150,66,0.057391304347826085,0.04471135372698681,0.07130432699122456
Qwen2.5-VL-7B,A1->A5,box_area,Q1,changed,1150,834,0.7252173913043478,0.6961445857869514,0.7517163565179701
Qwen2.5-VL-7B,A1->A5,box_area,Q1,toward_rejection,1150,772,0.671304347826087,0.640062717418405,0.7002521080125267
Qwen2.5-VL-7B,A1->A5,box_area,Q1,into_U,1150,29,0.025217391304347827,0.01599272449427729,0.03524249507572352
Qwen2.5-VL-7B,A1->A5,box_area,Q1,into_Ur,1150,753,0.6547826086956522,0.6229656225836793,0.6852345991561182
Qwen2.5-VL-7B,A1->A5,box_area,Q2,changed,1149,797,0.6936466492602262,0.665492723421273,0.7207380912168955
Qwen2.5-VL-7B,A1->A5,box_area,Q2,toward_rejection,1149,654,0.5691906005221932,0.537146605389975,0.5996457819276463
Qwen2.5-VL-7B,A1->A5,box_area,Q2,into_U,1149,65,0.05657093124456049,0.042916257063162856,0.07105307164231649
Qwen2.5-VL-7B,A1->A5,box_area,Q2,into_Ur,1149,598,0.5204525674499565,0.4878796585828362,0.5510087135656789
Qwen2.5-VL-7B,A1->A5,box_area,Q3,changed,1149,560,0.48738033072236725,0.45604268949826365,0.5200727717071
Qwen2.5-VL-7B,A1->A5,box_area,Q3,toward_rejection,1149,420,0.36553524804177545,0.33625180775825775,0.394939834349117
Qwen2.5-VL-7B,A1->A5,box_area,Q3,into_U,1149,71,0.06179286335944299,0.04737284101727186,0.07656837079993407
Qwen2.5-VL-7B,A1->A5,box_area,Q3,into_Ur,1149,352,0.3063533507397737,0.2789502200666406,0.3353934533517961
Qwen2.5-VL-7B,A1->A5,box_area,Q4,changed,1149,321,0.2793733681462141,0.2525124694610847,0.3092873332415875
Qwen2.5-VL-7B,A1->A5,box_area,Q4,toward_rejection,1149,225,0.195822454308094,0.17267686186312034,0.22232883079951873
Qwen2.5-VL-7B,A1->A5,box_area,Q4,into_U,1149,57,0.04960835509138381,0.03700288960349483,0.06343684119056076
Qwen2.5-VL-7B,A1->A5,box_area,Q4,into_Ur,1149,170,0.14795474325500435,0.12744728544684206,0.17077843204888143
Qwen2.5-VL-7B,A1->A5,box_area,Q5,changed,1150,142,0.12347826086956522,0.10285099233434843,0.14562309993135236
Qwen2.5-VL-7B,A1->A5,box_area,Q5,toward_rejection,1150,87,0.07565217391304348,0.05923216067296816,0.09281055900621117
Qwen2.5-VL-7B,A1->A5,box_area,Q5,into_U,1150,31,0.026956521739130435,0.017856384913897648,0.03626484998520286
Qwen2.5-VL-7B,A1->A5,box_area,Q5,into_Ur,1150,58,0.050434782608695654,0.03753321963795273,0.06435493602244596
Qwen2.5-VL-7B,A2->A5,confidence,Q1,changed,1150,955,0.8304347826086956,0.8071845739439584,0.8536266397200546
Qwen2.5-VL-7B,A2->A5,confidence,Q1,toward_rejection,1150,911,0.7921739130434783,0.7662409194716366,0.8169017356929682
Qwen2.5-VL-7B,A2->A5,confidence,Q1,into_U,1150,51,0.04434782608695652,0.03275676536718748,0.05691785566022435
Qwen2.5-VL-7B,A2->A5,confidence,Q1,into_Ur,1150,861,0.7486956521739131,0.7219254238040295,0.7754065339911328
Qwen2.5-VL-7B,A2->A5,confidence,Q2,changed,1149,779,0.6779808529155787,0.6493037201290345,0.7072564637197665
Qwen2.5-VL-7B,A2->A5,confidence,Q2,toward_rejection,1149,710,0.61792863359443,0.5881813434853734,0.6477494268046967
Qwen2.5-VL-7B,A2->A5,confidence,Q2,into_U,1149,92,0.08006962576153177,0.0640385626131475,0.09634590026282859
Qwen2.5-VL-7B,A2->A5,confidence,Q2,into_Ur,1149,618,0.5378590078328982,0.5077679619261438,0.5676419583225842
Qwen2.5-VL-7B,A2->A5,confidence,Q3,changed,1149,526,0.4577893820713664,0.42698284897801814,0.4902151588488161
Qwen2.5-VL-7B,A2->A5,confidence,Q3,toward_rejection,1149,466,0.40557006092254133,0.3749948175787728,0.435366392736734
Qwen2.5-VL-7B,A2->A5,confidence,Q3,into_U,1149,85,0.07397737162750218,0.0593705752372448,0.0886207748024583
Qwen2.5-VL-7B,A2->A5,confidence,Q3,into_Ur,1149,382,0.33246301131418626,0.302677099464447,0.36097196599906434
Qwen2.5-VL-7B,A2->A5,confidence,Q4,changed,1149,291,0.25326370757180156,0.22580645161290322,0.2803503717796213
Qwen2.5-VL-7B,A2->A5,confidence,Q4,toward_rejection,1149,243,0.21148825065274152,0.18652815712820886,0.2367980830788929
Qwen2.5-VL-7B,A2->A5,confidence,Q4,into_U,1149,64,0.0557006092254134,0.04225230799092574,0.0697887201420856
Qwen2.5-VL-7B,A2->A5,confidence,Q4,into_Ur,1149,182,0.15839860748476936,0.1369141713973156,0.1818201045992924
Qwen2.5-VL-7B,A2->A5,confidence,Q5,changed,1150,111,0.09652173913043478,0.07965911090258636,0.11472636744489717
Qwen2.5-VL-7B,A2->A5,confidence,Q5,toward_rejection,1150,92,0.08,0.06448608595381615,0.09585291541303272
Qwen2.5-VL-7B,A2->A5,confidence,Q5,into_U,1150,25,0.021739130434782608,0.013574480071358152,0.03010070474063234
Qwen2.5-VL-7B,A2->A5,confidence,Q5,into_Ur,1150,68,0.059130434782608696,0.04636777821297209,0.07300872747390152
Qwen2.5-VL-7B,A2->A5,box_area,Q1,changed,1150,949,0.8252173913043478,0.799492222671695,0.8489493078077351
Qwen2.5-VL-7B,A2->A5,box_area,Q1,toward_rejection,1150,916,0.7965217391304348,0.7704976768857499,0.822440651248977
Qwen2.5-VL-7B,A2->A5,box_area,Q1,into_U,1150,43,0.03739130434782609,0.026314597635392827,0.0500822460976391
Qwen2.5-VL-7B,A2->A5,box_area,Q1,into_Ur,1150,873,0.7591304347826087,0.7297726652870595,0.7861970564009191
Qwen2.5-VL-7B,A2->A5,box_area,Q2,changed,1149,801,0.6971279373368147,0.6689360257197559,0.7245408781011043
Qwen2.5-VL-7B,A2->A5,box_area,Q2,toward_rejection,1149,727,0.6327241079199304,0.6028760376722431,0.6631244022160865
Qwen2.5-VL-7B,A2->A5,box_area,Q2,into_U,1149,89,0.07745865970409051,0.06222201890820372,0.09281184614575581
Qwen2.5-VL-7B,A2->A5,box_area,Q2,into_Ur,1149,639,0.556135770234987,0.524234220643631,0.5862406640829386
Qwen2.5-VL-7B,A2->A5,box_area,Q3,changed,1149,529,0.46040034812880765,0.42927847559234944,0.49264840060111637
Qwen2.5-VL-7B,A2->A5,box_area,Q3,toward_rejection,1149,451,0.39251523063533506,0.3630981921304502,0.4217706709682097
Qwen2.5-VL-7B,A2->A5,box_area,Q3,into_U,1149,85,0.07397737162750218,0.05801958564217029,0.08978002936857561
Qwen2.5-VL-7B,A2->A5,box_area,Q3,into_Ur,1149,368,0.3202785030461271,0.29289335231492947,0.348798236021985
Qwen2.5-VL-7B,A2->A5,box_area,Q4,changed,1149,269,0.23411662315056572,0.2081480202419798,0.2612165316619905
Qwen2.5-VL-7B,A2->A5,box_area,Q4,toward_rejection,1149,232,0.20191470844212359,0.17814444378023203,0.22813150915228508
Qwen2.5-VL-7B,A2->A5,box_area,Q4,into_U,1149,62,0.053959965187119235,0.04114455670472888,0.06796281619443893
Qwen2.5-VL-7B,A2->A5,box_area,Q4,into_Ur,1149,172,0.1496953872932985,0.1288696494468153,0.17282838136966294
Qwen2.5-VL-7B,A2->A5,box_area,Q5,changed,1150,114,0.09913043478260869,0.08112867479589334,0.11814097848441701
Qwen2.5-VL-7B,A2->A5,box_area,Q5,toward_rejection,1150,96,0.08347826086956522,0.0664892405921792,0.10124472330511407
Qwen2.5-VL-7B,A2->A5,box_area,Q5,into_U,1150,38,0.03304347826086956,0.02258287996413799,0.044203631968579765
Qwen2.5-VL-7B,A2->A5,box_area,Q5,into_Ur,1150,59,0.051304347826086956,0.03808680248007086,0.06551999943424514
Qwen3-VL-8B,A1->A5,confidence,Q1,changed,1150,867,0.7539130434782608,0.7264793930710275,0.7786533797096501
Qwen3-VL-8B,A1->A5,confidence,Q1,toward_rejection,1150,520,0.45217391304347826,0.41912025053157065,0.48416122379635484
Qwen3-VL-8B,A1->A5,confidence,Q1,into_U,1150,754,0.6556521739130434,0.6267117502776749,0.6834820592248405
Qwen3-VL-8B,A1->A5,confidence,Q1,into_Ur,1150,108,0.09391304347826086,0.07525846724361593,0.11234991423670669
Qwen3-VL-8B,A1->A5,confidence,Q2,changed,1149,965,0.8398607484769365,0.8164866686136699,0.8615805194209883
Qwen3-VL-8B,A1->A5,confidence,Q2,toward_rejection,1149,736,0.6405570060922542,0.6101973530592993,0.6704658979801715
Qwen3-VL-8B,A1->A5,confidence,Q2,into_U,1149,857,0.7458659704090513,0.7179919705438736,0.7715291627995761
Qwen3-VL-8B,A1->A5,confidence,Q2,into_Ur,1149,102,0.08877284595300261,0.07168614942747124,0.10741294228643364
Qwen3-VL-8B,A1->A5,confidence,Q3,changed,1149,970,0.8442123585726719,0.8232692833279144,0.8634859313840358
Qwen3-VL-8B,A1->A5,confidence,Q3,toward_rejection,1149,800,0.6962576153176675,0.6669579663416169,0.7222711632519434
Qwen3-VL-8B,A1->A5,confidence,Q3,into_U,1149,870,0.7571801566579635,0.7317016711833785,0.7808346878457381
Qwen3-VL-8B,A1->A5,confidence,Q3,into_Ur,1149,92,0.08006962576153177,0.06375514320174047,0.09620559621132971
Qwen3-VL-8B,A1->A5,confidence,Q4,changed,1149,857,0.7458659704090513,0.7178806678921569,0.7715070820370067
Qwen3-VL-8B,A1->A5,confidence,Q4,toward_rejection,1149,754,0.6562228024369017,0.6252119565217391,0.684742247974966
Qwen3-VL-8B,A1->A5,confidence,Q4,into_U,1149,767,0.6675369886858138,0.6364435695829047,0.6966026703668684
Qwen3-VL-8B,A1->A5,confidence,Q4,into_Ur,1149,76,0.06614447345517842,0.05094991364421416,0.08142521490354407
Qwen3-VL-8B,A1->A5,confidence,Q5,changed,1150,561,0.48782608695652174,0.45783989132471425,0.5188433167541779
Qwen3-VL-8B,A1->A5,confidence,Q5,toward_rejection,1150,513,0.44608695652173913,0.41533172868250534,0.4784495575291037
Qwen3-VL-8B,A1->A5,confidence,Q5,into_U,1150,508,0.44173913043478263,0.411969720864217,0.4730820584364782
Qwen3-VL-8B,A1->A5,confidence,Q5,into_Ur,1150,42,0.036521739130434785,0.025817412626597744,0.04795222303877936
Qwen3-VL-8B,A1->A5,box_area,Q1,changed,1150,904,0.7860869565217391,0.7614319336625273,0.8092256755174522
Qwen3-VL-8B,A1->A5,box_area,Q1,toward_rejection,1150,574,0.4991304347826087,0.46531938957174906,0.5312260648030526
Qwen3-VL-8B,A1->A5,box_area,Q1,into_U,1150,785,0.6826086956521739,0.6552315608919382,0.7089052253549623
Qwen3-VL-8B,A1->A5,box_area,Q1,into_Ur,1150,117,0.10173913043478261,0.08461053089643168,0.11945131638052874
Qwen3-VL-8B,A1->A5,box_area,Q2,changed,1149,996,0.8668407310704961,0.8454879649973627,0.8862651138784725
Qwen3-VL-8B,A1->A5,box_area,Q2,toward_rejection,1149,733,0.6379460400348129,0.6066708010999388,0.6679033260896039
Qwen3-VL-8B,A1->A5,box_area,Q2,into_U,1149,897,0.7806788511749347,0.7554232919864897,0.8043304283435863
Qwen3-VL-8B,A1->A5,box_area,Q2,into_Ur,1149,88,0.07658833768494343,0.06070382349075309,0.09271089687024009
Qwen3-VL-8B,A1->A5,box_area,Q3,changed,1149,953,0.8294168842471714,0.8059272288828878,0.8524609978732116
Qwen3-VL-8B,A1->A5,box_area,Q3,toward_rejection,1149,772,0.6718885987815492,0.6416277461125561,0.7003334479277271
Qwen3-VL-8B,A1->A5,box_area,Q3,into_U,1149,869,0.7563098346388164,0.7288124577739916,0.7826850042210683
Qwen3-VL-8B,A1->A5,box_area,Q3,into_Ur,1149,69,0.06005221932114883,0.045603490280555985,0.07485326986185761
Qwen3-VL-8B,A1->A5,box_area,Q4,changed,1149,787,0.6849434290687555,0.6543971551009508,0.7153090243331962
Qwen3-VL-8B,A1->A5,box_area,Q4,toward_rejection,1149,714,0.6214099216710183,0.5916080817094347,0.6532246189137191
Qwen3-VL-8B,A1->A5,box_area,Q4,into_U,1149,700,0.6092254134029591,0.577462558154356,0.6408209647495362
Qwen3-VL-8B,A1->A5,box_area,Q4,into_Ur,1149,78,0.06788511749347259,0.052308266203676054,0.08505426279098068
Qwen3-VL-8B,A1->A5,box_area,Q5,changed,1150,580,0.5043478260869565,0.4719086061993554,0.5390626714771729
Qwen3-VL-8B,A1->A5,box_area,Q5,toward_rejection,1150,530,0.4608695652173913,0.42625531125839794,0.4960282436010591
Qwen3-VL-8B,A1->A5,box_area,Q5,into_U,1150,505,0.4391304347826087,0.40401370355725574,0.4771592096381977
Qwen3-VL-8B,A1->A5,box_area,Q5,into_Ur,1150,68,0.059130434782608696,0.04387079987050311,0.07436606581202142
Qwen3-VL-8B,A2->A5,confidence,Q1,changed,1150,854,0.7426086956521739,0.7151971887799429,0.7680032229185317
Qwen3-VL-8B,A2->A5,confidence,Q1,toward_rejection,1150,630,0.5478260869565217,0.5161805691445278,0.5774801957129543
Qwen3-VL-8B,A2->A5,confidence,Q1,into_U,1150,680,0.591304347826087,0.5619533782099226,0.6197765957897292
Qwen3-VL-8B,A2->A5,confidence,Q1,into_Ur,1150,169,0.14695652173913043,0.12532614967622693,0.1679619691247598
Qwen3-VL-8B,A2->A5,confidence,Q2,changed,1149,966,0.8407310704960835,0.8187995437696036,0.8627166484417715
Qwen3-VL-8B,A2->A5,confidence,Q2,toward_rejection,1149,834,0.7258485639686684,0.6978348965848966,0.75418537088658
Qwen3-VL-8B,A2->A5,confidence,Q2,into_U,1149,836,0.7275892080069626,0.7011049821495422,0.7550847457627119
Qwen3-VL-8B,A2->A5,confidence,Q2,into_Ur,1149,128,0.1114012184508268,0.09274301456119638,0.13178419202871458
Qwen3-VL-8B,A2->A5,confidence,Q3,changed,1149,970,0.8442123585726719,0.8231412773074108,0.8636002577608024
Qwen3-VL-8B,A2->A5,confidence,Q3,toward_rejection,1149,879,0.7650130548302873,0.7381609107218733,0.7898524445553288
Qwen3-VL-8B,A2->A5,confidence,Q3,into_U,1149,858,0.7467362924281984,0.720259427096915,0.7706276427291235
Qwen3-VL-8B,A2->A5,confidence,Q3,into_Ur,1149,108,0.09399477806788512,0.07685508373855425,0.11179954360666924
Qwen3-VL-8B,A2->A5,confidence,Q4,changed,1149,851,0.7406440382941688,0.7135273704942633,0.7668506890303005
Qwen3-VL-8B,A2->A5,confidence,Q4,toward_rejection,1149,797,0.6936466492602262,0.6625216474245115,0.7223199809985797
Qwen3-VL-8B,A2->A5,confidence,Q4,into_U,1149,767,0.6675369886858138,0.6370607377534154,0.6963573169630767
Qwen3-VL-8B,A2->A5,confidence,Q4,into_Ur,1149,76,0.06614447345517842,0.05084530671943561,0.0815974236929586
Qwen3-VL-8B,A2->A5,confidence,Q5,changed,1150,559,0.4860869565217391,0.4557614826243108,0.5167139345812063
Qwen3-VL-8B,A2->A5,confidence,Q5,toward_rejection,1150,538,0.4678260869565217,0.43786923463411553,0.49874075832255976
Qwen3-VL-8B,A2->A5,confidence,Q5,into_U,1150,507,0.4408695652173913,0.41038366536574583,0.4716325258678069
Qwen3-VL-8B,A2->A5,confidence,Q5,into_Ur,1150,44,0.03826086956521739,0.027280083766901275,0.04983728645583347
Qwen3-VL-8B,A2->A5,box_area,Q1,changed,1150,899,0.7817391304347826,0.7579126687877346,0.8046682601412576
Qwen3-VL-8B,A2->A5,box_area,Q1,toward_rejection,1150,683,0.5939130434782609,0.5605536332179931,0.6253333870504953
Qwen3-VL-8B,A2->A5,box_area,Q1,into_U,1150,728,0.6330434782608696,0.6044808929615909,0.6609337421232749
Qwen3-VL-8B,A2->A5,box_area,Q1,into_Ur,1150,169,0.14695652173913043,0.1259398112892343,0.16796773878295615
Qwen3-VL-8B,A2->A5,box_area,Q2,changed,1149,980,0.8529155787641427,0.8306414004656882,0.8731616837857666
Qwen3-VL-8B,A2->A5,box_area,Q2,toward_rejection,1149,824,0.7171453437771975,0.6879285258164568,0.7448316688650211
Qwen3-VL-8B,A2->A5,box_area,Q2,into_U,1149,862,0.7502175805047868,0.7228537026150367,0.7757373221795337
Qwen3-VL-8B,A2->A5,box_area,Q2,into_Ur,1149,111,0.09660574412532637,0.07896993924345075,0.11548416713371286
Qwen3-VL-8B,A2->A5,box_area,Q3,changed,1149,944,0.8215839860748477,0.7959481128336372,0.8454563932002956
Qwen3-VL-8B,A2->A5,box_area,Q3,toward_rejection,1149,861,0.7493472584856397,0.7189865144369983,0.775926208466531
Qwen3-VL-8B,A2->A5,box_area,Q3,into_U,1149,851,0.7406440382941688,0.7115555225029748,0.7677203122475593
Qwen3-VL-8B,A2->A5,box_area,Q3,into_Ur,1149,87,0.07571801566579635,0.060193745167110575,0.09207218446004957
Qwen3-VL-8B,A2->A5,box_area,Q4,changed,1149,794,0.6910356832027851,0.6612744993471745,0.721213875172023
Qwen3-VL-8B,A2->A5,box_area,Q4,toward_rejection,1149,755,0.6570931244560487,0.6258860630910166,0.6887571608375006
Qwen3-VL-8B,A2->A5,box_area,Q4,into_U,1149,704,0.6127067014795474,0.5806956041910435,0.644765306122449
Qwen3-VL-8B,A2->A5,box_area,Q4,into_Ur,1149,84,0.0731070496083551,0.05706927500771755,0.09068182070373615
Qwen3-VL-8B,A2->A5,box_area,Q5,changed,1150,583,0.5069565217391304,0.4739177821002447,0.5422941033138401
Qwen3-VL-8B,A2->A5,box_area,Q5,toward_rejection,1150,555,0.4826086956521739,0.4486123782921363,0.5174579523919646
Qwen3-VL-8B,A2->A5,box_area,Q5,into_U,1150,503,0.4373913043478261,0.40335516559565004,0.4753309593632174
Qwen3-VL-8B,A2->A5,box_area,Q5,into_Ur,1150,74,0.06434782608695652,0.04952100840336135,0.08007057175440324
Qwen3-VL-4B,A1->A5,confidence,Q1,changed,1150,515,0.44782608695652176,0.4195031170130655,0.47663012348166484
Qwen3-VL-4B,A1->A5,confidence,Q1,toward_rejection,1150,194,0.16869565217391305,0.1457966515949548,0.19168745506438045
Qwen3-VL-4B,A1->A5,confidence,Q1,into_U,1150,361,0.3139130434782609,0.28717379518883684,0.3403717066432533
Qwen3-VL-4B,A1->A5,confidence,Q1,into_Ur,1150,150,0.13043478260869565,0.11092422410905436,0.15066079295154186
Qwen3-VL-4B,A1->A5,confidence,Q2,changed,1149,554,0.4821583986074848,0.45183887915936954,0.5115899859411457
Qwen3-VL-4B,A1->A5,confidence,Q2,toward_rejection,1149,274,0.23846823324630112,0.21209271665168344,0.26511190706787335
Qwen3-VL-4B,A1->A5,confidence,Q2,into_U,1149,331,0.28807658833768496,0.2617274513722356,0.31530027792507
Qwen3-VL-4B,A1->A5,confidence,Q2,into_Ur,1149,209,0.18189730200174065,0.157750678417924,0.2064466979737289
Qwen3-VL-4B,A1->A5,confidence,Q3,changed,1149,640,0.557006092254134,0.5259164978658758,0.585695852761947
Qwen3-VL-4B,A1->A5,confidence,Q3,toward_rejection,1149,427,0.37162750217580504,0.3413006935103629,0.3996598382051653
Qwen3-VL-4B,A1->A5,confidence,Q3,into_U,1149,280,0.24369016536118362,0.21656319690048986,0.271454231097267
Qwen3-VL-4B,A1->A5,confidence,Q3,into_Ur,1149,319,0.27763272410791995,0.2508832372450561,0.3045429292704824
Qwen3-VL-4B,A1->A5,confidence,Q4,changed,1149,585,0.5091383812010444,0.4802456976789793,0.538956546222045
Qwen3-VL-4B,A1->A5,confidence,Q4,toward_rejection,1149,402,0.34986945169712796,0.3214270451770452,0.3793999786929656
Qwen3-VL-4B,A1->A5,confidence,Q4,into_U,1149,204,0.17754569190600522,0.154487481542604,0.20256410256410257
Qwen3-VL-4B,A1->A5,confidence,Q4,into_Ur,1149,302,0.2628372497824195,0.23659834819933256,0.28997652374529187
Qwen3-VL-4B,A1->A5,confidence,Q5,changed,1150,447,0.38869565217391305,0.35996468254864217,0.41965270483193273
Qwen3-VL-4B,A1->A5,confidence,Q5,toward_rejection,1150,322,0.28,0.2527832304124287,0.30715432039607815
Qwen3-VL-4B,A1->A5,confidence,Q5,into_U,1150,54,0.04695652173913043,0.035299081773276966,0.05965140123034859
Qwen3-VL-4B,A1->A5,confidence,Q5,into_Ur,1150,285,0.24782608695652175,0.22290763994630167,0.27353164343836467
Qwen3-VL-4B,A1->A5,box_area,Q1,changed,1150,483,0.42,0.39119401558088873,0.44913687036593913
Qwen3-VL-4B,A1->A5,box_area,Q1,toward_rejection,1150,109,0.09478260869565218,0.076262491592459,0.11370377700808176
Qwen3-VL-4B,A1->A5,box_area,Q1,into_U,1150,395,0.34347826086956523,0.3155581550802139,0.36969805015472407
Qwen3-VL-4B,A1->A5,box_area,Q1,into_Ur,1150,84,0.07304347826086957,0.05698976941622597,0.09034226491405459
Qwen3-VL-4B,A1->A5,box_area,Q2,changed,1149,598,0.5204525674499565,0.4906157612288369,0.5492358342848938
Qwen3-VL-4B,A1->A5,box_area,Q2,toward_rejection,1149,267,0.23237597911227154,0.20413126930381242,0.26063449328939964
Qwen3-VL-4B,A1->A5,box_area,Q2,into_U,1149,369,0.32114882506527415,0.29438367153880396,0.34877593703758686
Qwen3-VL-4B,A1->A5,box_area,Q2,into_Ur,1149,204,0.17754569190600522,0.15377559602803192,0.20182807277691472
Qwen3-VL-4B,A1->A5,box_area,Q3,changed,1149,595,0.5178416013925152,0.4889055346938083,0.5489862901368436
Qwen3-VL-4B,A1->A5,box_area,Q3,toward_rejection,1149,399,0.3472584856396867,0.3163849952322845,0.3796147691546588
Qwen3-VL-4B,A1->A5,box_area,Q3,into_U,1149,241,0.20974760661444736,0.18652559980425068,0.23258606590797884
Qwen3-VL-4B,A1->A5,box_area,Q3,into_Ur,1149,294,0.2558746736292428,0.22819224578928676,0.28507214210869314
Qwen3-VL-4B,A1->A5,box_area,Q4,changed,1149,585,0.5091383812010444,0.47916094322344327,0.5401121616357385
Qwen3-VL-4B,A1->A5,box_area,Q4,toward_rejection,1149,443,0.3855526544821584,0.35471522822760476,0.41625691172783297
Qwen3-VL-4B,A1->A5,box_area,Q4,into_U,1149,139,0.12097476066144473,0.10212343445231496,0.14173929953778514
Qwen3-VL-4B,A1->A5,box_area,Q4,into_Ur,1149,354,0.30809399477806787,0.28027263342004904,0.3367197211428347
Qwen3-VL-4B,A1->A5,box_area,Q5,changed,1150,480,0.41739130434782606,0.3848142815106562,0.4482470727858439
Qwen3-VL-4B,A1->A5,box_area,Q5,toward_rejection,1150,401,0.348695652173913,0.31766548110990045,0.37708315306740503
Qwen3-VL-4B,A1->A5,box_area,Q5,into_U,1150,86,0.07478260869565218,0.05972814525305497,0.09267533887060665
Qwen3-VL-4B,A1->A5,box_area,Q5,into_Ur,1150,329,0.28608695652173916,0.2575582506722462,0.3143210831458227
Qwen3-VL-4B,A2->A5,confidence,Q1,changed,1150,548,0.4765217391304348,0.4495632444907683,0.5031450801929402
Qwen3-VL-4B,A2->A5,confidence,Q1,toward_rejection,1150,253,0.22,0.19662179608287675,0.24336293306560655
Qwen3-VL-4B,A2->A5,confidence,Q1,into_U,1150,356,0.3095652173913043,0.2842850996701563,0.33618742993161854
Qwen3-VL-4B,A2->A5,confidence,Q1,into_Ur,1150,188,0.1634782608695652,0.14259915343458465,0.18391866916688326
Qwen3-VL-4B,A2->A5,confidence,Q2,changed,1149,611,0.5317667536988686,0.5030029031587501,0.5617205858520379
Qwen3-VL-4B,A2->A5,confidence,Q2,toward_rejection,1149,363,0.31592689295039167,0.28652794296526557,0.3468672026985344
Qwen3-VL-4B,A2->A5,confidence,Q2,into_U,1149,346,0.30113141862489123,0.27430349253503966,0.3284630375485115
Qwen3-VL-4B,A2->A5,confidence,Q2,into_Ur,1149,256,0.2228024369016536,0.19681544992224603,0.24955912163732902
Qwen3-VL-4B,A2->A5,confidence,Q3,changed,1149,708,0.6161879895561357,0.5854447286728753,0.6446368556021386
Qwen3-VL-4B,A2->A5,confidence,Q3,toward_rejection,1149,522,0.45430809399477806,0.4236285608291926,0.484775511214314
Qwen3-VL-4B,A2->A5,confidence,Q3,into_U,1149,315,0.2741514360313316,0.24702625163737055,0.3026554598609355
Qwen3-VL-4B,A2->A5,confidence,Q3,into_Ur,1149,366,0.3185378590078329,0.2914123842973014,0.3469230913808047
Qwen3-VL-4B,A2->A5,confidence,Q4,changed,1149,618,0.5378590078328982,0.5094145336044341,0.5665549896496987
Qwen3-VL-4B,A2->A5,confidence,Q4,toward_rejection,1149,482,0.4194952132288947,0.3896630797611333,0.4507801887585563
Qwen3-VL-4B,A2->A5,confidence,Q4,into_U,1149,226,0.19669277632724108,0.17277250769147728,0.22212393234867872
Qwen3-VL-4B,A2->A5,confidence,Q4,into_Ur,1149,340,0.2959094865100087,0.2687284451518856,0.32493698782294195
Qwen3-VL-4B,A2->A5,confidence,Q5,changed,1150,449,0.39043478260869563,0.3601654003463377,0.4206608869209604
Qwen3-VL-4B,A2->A5,confidence,Q5,toward_rejection,1150,363,0.31565217391304345,0.2873500646196561,0.343445233257343
Qwen3-VL-4B,A2->A5,confidence,Q5,into_U,1150,58,0.050434782608695654,0.037890565858803994,0.06400922118108812
Qwen3-VL-4B,A2->A5,confidence,Q5,into_Ur,1150,319,0.2773913043478261,0.2499943642921551,0.30389819325467077
Qwen3-VL-4B,A2->A5,box_area,Q1,changed,1150,524,0.45565217391304347,0.425528265391774,0.4851663529776701
Qwen3-VL-4B,A2->A5,box_area,Q1,toward_rejection,1150,174,0.15130434782608695,0.129777882191831,0.1741472172351885
Qwen3-VL-4B,A2->A5,box_area,Q1,into_U,1150,391,0.34,0.31216233586457837,0.36766163349347974
Qwen3-VL-4B,A2->A5,box_area,Q1,into_Ur,1150,130,0.11304347826086956,0.09380527165552222,0.13245873849910608
Qwen3-VL-4B,A2->A5,box_area,Q2,changed,1149,670,0.5831157528285466,0.5524278263547622,0.6117657581816269
Qwen3-VL-4B,A2->A5,box_area,Q2,toward_rejection,1149,383,0.3333333333333333,0.3003371275068647,0.36457425505842966
Qwen3-VL-4B,A2->A5,box_area,Q2,into_U,1149,382,0.33246301131418626,0.3052760056574107,0.36147234852745064
Qwen3-VL-4B,A2->A5,box_area,Q2,into_Ur,1149,267,0.23237597911227154,0.20442477876106194,0.2585466442545482
Qwen3-VL-4B,A2->A5,box_area,Q3,changed,1149,641,0.5578764142732812,0.5284972902697348,0.5890715490321444
Qwen3-VL-4B,A2->A5,box_area,Q3,toward_rejection,1149,481,0.4186248912097476,0.3868092691622103,0.45234224982513044
Qwen3-VL-4B,A2->A5,box_area,Q3,into_U,1149,273,0.23759791122715404,0.21298285048285048,0.2618414390129352
Qwen3-VL-4B,A2->A5,box_area,Q3,into_Ur,1149,331,0.28807658833768496,0.2591310855026928,0.3179775507214532
Qwen3-VL-4B,A2->A5,box_area,Q4,changed,1149,619,0.5387293298520452,0.5095287653081648,0.5685796943984547
Qwen3-VL-4B,A2->A5,box_area,Q4,toward_rejection,1149,518,0.45082680591818974,0.4203597670843389,0.48230193302996344
Qwen3-VL-4B,A2->A5,box_area,Q4,into_U,1149,156,0.13577023498694518,0.11584148439911734,0.15780413588200112
Qwen3-VL-4B,A2->A5,box_area,Q4,into_Ur,1149,398,0.3463881636205396,0.3173485597880759,0.37561793919709485
Qwen3-VL-4B,A2->A5,box_area,Q5,changed,1150,480,0.41739130434782606,0.3850746704354198,0.4483066372482007
Qwen3-VL-4B,A2->A5,box_area,Q5,toward_rejection,1150,427,0.37130434782608696,0.3390272359577127,0.4012129506981492
Qwen3-VL-4B,A2->A5,box_area,Q5,into_U,1150,99,0.08608695652173913,0.06940482378995792,0.10557445119475699
Qwen3-VL-4B,A2->A5,box_area,Q5,into_Ur,1150,343,0.2982608695652174,0.26936150630456157,0.3272586327877925
InternVL3.5-8B,A1->A5,confidence,Q1,changed,1150,257,0.2234782608695652,0.19767614601018677,0.24899852116045407
InternVL3.5-8B,A1->A5,confidence,Q1,toward_rejection,1150,166,0.1443478260869565,0.12435933813541145,0.16518746120326722
InternVL3.5-8B,A1->A5,confidence,Q1,into_U,1150,211,0.18347826086956523,0.16025040294153073,0.2061683253480819
InternVL3.5-8B,A1->A5,confidence,Q1,into_Ur,1150,16,0.01391304347826087,0.007901494847742711,0.020628014760033776
InternVL3.5-8B,A1->A5,confidence,Q2,changed,1149,377,0.32811140121845084,0.30016528965975237,0.35649556032625757
InternVL3.5-8B,A1->A5,confidence,Q2,toward_rejection,1149,310,0.26979982593559615,0.24415513597141114,0.2973217425911186
InternVL3.5-8B,A1->A5,confidence,Q2,into_U,1149,302,0.2628372497824195,0.23731728288907997,0.29099147108183254
InternVL3.5-8B,A1->A5,confidence,Q2,into_Ur,1149,28,0.024369016536118365,0.015557140362112126,0.03466903799514954
InternVL3.5-8B,A1->A5,confidence,Q3,changed,1149,523,0.45517841601392517,0.42360430863145937,0.4867733292892528
InternVL3.5-8B,A1->A5,confidence,Q3,toward_rejection,1149,461,0.4012184508268059,0.36841768744110914,0.4331884828205463
InternVL3.5-8B,A1->A5,confidence,Q3,into_U,1149,430,0.3742384682332463,0.34307777075811585,0.4054296686675077
InternVL3.5-8B,A1->A5,confidence,Q3,into_Ur,1149,38,0.03307223672758921,0.02247165773241669,0.044239835243260875
InternVL3.5-8B,A1->A5,confidence,Q4,changed,1149,578,0.5030461270670148,0.47331676938167416,0.533273420668019
InternVL3.5-8B,A1->A5,confidence,Q4,toward_rejection,1149,504,0.4386422976501306,0.4076254299959612,0.46883011600959384
InternVL3.5-8B,A1->A5,confidence,Q4,into_U,1149,462,0.402088772845953,0.37203006208706413,0.4320003442340792
InternVL3.5-8B,A1->A5,confidence,Q4,into_Ur,1149,45,0.0391644908616188,0.029108593501115002,0.05078493773377124
InternVL3.5-8B,A1->A5,confidence,Q5,changed,1150,451,0.39217391304347826,0.3615255259509184,0.4216975602693791
InternVL3.5-8B,A1->A5,confidence,Q5,toward_rejection,1150,405,0.3521739130434783,0.3215484714826059,0.3819157353105932
InternVL3.5-8B,A1->A5,confidence,Q5,into_U,1150,378,0.32869565217391306,0.2985206000902577,0.3563991535318155
InternVL3.5-8B,A1->A5,confidence,Q5,into_Ur,1150,27,0.023478260869565216,0.014872815832461502,0.03321450545716686
InternVL3.5-8B,A1->A5,box_area,Q1,changed,1150,230,0.2,0.17609664021245713,0.22531734712069887
InternVL3.5-8B,A1->A5,box_area,Q1,toward_rejection,1150,106,0.09217391304347826,0.07434224228761854,0.11158308696379761
InternVL3.5-8B,A1->A5,box_area,Q1,into_U,1150,179,0.15565217391304348,0.13545383204239708,0.17776198268856563
InternVL3.5-8B,A1->A5,box_area,Q1,into_Ur,1150,7,0.00608695652173913,0.001785634708428826,0.010909181096681098
InternVL3.5-8B,A1->A5,box_area,Q2,changed,1149,368,0.3202785030461271,0.29000918006000836,0.3497873230659663
InternVL3.5-8B,A1->A5,box_area,Q2,toward_rejection,1149,304,0.26457789382071367,0.23641146491011664,0.2924623136297664
InternVL3.5-8B,A1->A5,box_area,Q2,into_U,1149,291,0.25326370757180156,0.2259049569915532,0.2794002779518296
InternVL3.5-8B,A1->A5,box_area,Q2,into_Ur,1149,22,0.019147084421235857,0.012079378774805867,0.02718968966163994
InternVL3.5-8B,A1->A5,box_area,Q3,changed,1149,550,0.47867711053089645,0.4458220498964135,0.5114513561799577
InternVL3.5-8B,A1->A5,box_area,Q3,toward_rejection,1149,477,0.4151436031331593,0.384613676731794,0.4485161019635631
InternVL3.5-8B,A1->A5,box_area,Q3,into_U,1149,431,0.3751087902523934,0.34650626267181,0.4051658974045103
InternVL3.5-8B,A1->A5,box_area,Q3,into_Ur,1149,48,0.04177545691906005,0.03035870585991825,0.05550857665992097
InternVL3.5-8B,A1->A5,box_area,Q4,changed,1149,544,0.4734551784160139,0.4455576739330455,0.5028161567742845
InternVL3.5-8B,A1->A5,box_area,Q4,toward_rejection,1149,490,0.42645778938207135,0.39717427599241595,0.45577816534946497
InternVL3.5-8B,A1->A5,box_area,Q4,into_U,1149,448,0.38990426457789384,0.36180324862567875,0.4178970231866498
InternVL3.5-8B,A1->A5,box_area,Q4,into_Ur,1149,42,0.03655352480417755,0.025483164116284016,0.04855376933382048
InternVL3.5-8B,A1->A5,box_area,Q5,changed,1150,494,0.4295652173913043,0.3998309203529916,0.4602335030619213
InternVL3.5-8B,A1->A5,box_area,Q5,toward_rejection,1150,469,0.4078260869565217,0.3767850855130785,0.43709202239546596
InternVL3.5-8B,A1->A5,box_area,Q5,into_U,1150,434,0.3773913043478261,0.3477101602064353,0.40614373723325653
InternVL3.5-8B,A1->A5,box_area,Q5,into_Ur,1150,35,0.030434782608695653,0.020608104713094162,0.04074402125775022
InternVL3.5-8B,A2->A5,confidence,Q1,changed,1150,182,0.1582608695652174,0.13605287990082707,0.18138725008194034
InternVL3.5-8B,A2->A5,confidence,Q1,toward_rejection,1150,139,0.1208695652173913,0.10175400457665904,0.1419362039170507
InternVL3.5-8B,A2->A5,confidence,Q1,into_U,1150,132,0.11478260869565217,0.09584099954328962,0.13388448569149014
InternVL3.5-8B,A2->A5,confidence,Q1,into_Ur,1150,16,0.01391304347826087,0.007901494847742711,0.020628014760033776
InternVL3.5-8B,A2->A5,confidence,Q2,changed,1149,422,0.3672758920800696,0.33852746736467665,0.39807086644789025
InternVL3.5-8B,A2->A5,confidence,Q2,toward_rejection,1149,381,0.33159268929503916,0.3028082810640122,0.3603536488311521
InternVL3.5-8B,A2->A5,confidence,Q2,into_U,1149,354,0.30809399477806787,0.2787874912810974,0.3381010745382344
InternVL3.5-8B,A2->A5,confidence,Q2,into_Ur,1149,28,0.024369016536118365,0.015557140362112126,0.03466903799514954
InternVL3.5-8B,A2->A5,confidence,Q3,changed,1149,623,0.5422106179286336,0.5104841220423413,0.5743572497679089
InternVL3.5-8B,A2->A5,confidence,Q3,toward_rejection,1149,595,0.5178416013925152,0.4856003678732407,0.5503135634754637
InternVL3.5-8B,A2->A5,confidence,Q3,into_U,1149,558,0.4856396866840731,0.45293490123322055,0.5169652003674181
InternVL3.5-8B,A2->A5,confidence,Q3,into_Ur,1149,38,0.03307223672758921,0.02247165773241669,0.044239835243260875
InternVL3.5-8B,A2->A5,confidence,Q4,changed,1149,627,0.5456919060052219,0.5155147728998937,0.5761252827040815
InternVL3.5-8B,A2->A5,confidence,Q4,toward_rejection,1149,595,0.5178416013925152,0.487246016017438,0.5474267492888787
InternVL3.5-8B,A2->A5,confidence,Q4,into_U,1149,550,0.47867711053089645,0.4483340525869536,0.5090617043582447
InternVL3.5-8B,A2->A5,confidence,Q4,into_Ur,1149,45,0.0391644908616188,0.029108593501115002,0.05078493773377124
InternVL3.5-8B,A2->A5,confidence,Q5,changed,1150,460,0.4,0.36943959158170747,0.4305079043385536
InternVL3.5-8B,A2->A5,confidence,Q5,toward_rejection,1150,443,0.38521739130434784,0.3544382335547266,0.41553837782472314
InternVL3.5-8B,A2->A5,confidence,Q5,into_U,1150,416,0.3617391304347826,0.3309817868686154,0.3908789271423478
InternVL3.5-8B,A2->A5,confidence,Q5,into_Ur,1150,27,0.023478260869565216,0.014872815832461502,0.03321450545716686
InternVL3.5-8B,A2->A5,box_area,Q1,changed,1150,172,0.14956521739130435,0.12838356510653262,0.1721530340012488
InternVL3.5-8B,A2->A5,box_area,Q1,toward_rejection,1150,124,0.10782608695652174,0.08868212039009453,0.1273588101447052
InternVL3.5-8B,A2->A5,box_area,Q1,into_U,1150,127,0.11043478260869566,0.09139251595584161,0.13024104747948909
InternVL3.5-8B,A2->A5,box_area,Q1,into_Ur,1150,7,0.00608695652173913,0.001785634708428826,0.010909181096681098
InternVL3.5-8B,A2->A5,box_area,Q2,changed,1149,436,0.37946040034812883,0.3481884967476894,0.4115262688050965
InternVL3.5-8B,A2->A5,box_area,Q2,toward_rejection,1149,400,0.34812880765883375,0.31707054473645513,0.3805245236568036
InternVL3.5-8B,A2->A5,box_area,Q2,into_U,1149,379,0.329852045256745,0.2986204984054083,0.3616049991541587
InternVL3.5-8B,A2->A5,box_area,Q2,into_Ur,1149,22,0.019147084421235857,0.012079378774805867,0.02718968966163994
InternVL3.5-8B,A2->A5,box_area,Q3,changed,1149,617,0.5369886858137511,0.5049846182764206,0.5689509375841134
InternVL3.5-8B,A2->A5,box_area,Q3,toward_rejection,1149,572,0.4978241949521323,0.46660808435852374,0.5308462478243406
InternVL3.5-8B,A2->A5,box_area,Q3,into_U,1149,524,0.4560487380330722,0.4259984947094437,0.4869036404469838
InternVL3.5-8B,A2->A5,box_area,Q3,into_Ur,1149,48,0.04177545691906005,0.03035870585991825,0.05550857665992097
InternVL3.5-8B,A2->A5,box_area,Q4,changed,1149,583,0.5073977371627503,0.4771660379846688,0.5379878871736588
InternVL3.5-8B,A2->A5,box_area,Q4,toward_rejection,1149,560,0.48738033072236725,0.4565005310187219,0.5185193174192311
InternVL3.5-8B,A2->A5,box_area,Q4,into_U,1149,518,0.45082680591818974,0.421135375291056,0.4801454025187576
InternVL3.5-8B,A2->A5,box_area,Q4,into_Ur,1149,42,0.03655352480417755,0.025483164116284016,0.04855376933382048
InternVL3.5-8B,A2->A5,box_area,Q5,changed,1150,506,0.44,0.40834039241239506,0.47088667647584603
InternVL3.5-8B,A2->A5,box_area,Q5,toward_rejection,1150,497,0.43217391304347824,0.40017226148409896,0.4623175548524515
InternVL3.5-8B,A2->A5,box_area,Q5,into_U,1150,462,0.4017391304347826,0.3708173092739415,0.4312104744663946
InternVL3.5-8B,A2->A5,box_area,Q5,into_Ur,1150,35,0.030434782608695653,0.020608104713094162,0.04074402125775022
GLM-4.6V-Flash,A1->A5,confidence,Q1,changed,1150,697,0.6060869565217392,0.577438931231066,0.6347040371190407
GLM-4.6V-Flash,A1->A5,confidence,Q1,toward_rejection,1150,407,0.35391304347826086,0.3279365712113084,0.3805846650534788
GLM-4.6V-Flash,A1->A5,confidence,Q1,into_U,1150,440,0.3826086956521739,0.3534593723590772,0.41090021544981153
GLM-4.6V-Flash,A1->A5,confidence,Q1,into_Ur,1150,226,0.19652173913043477,0.1739103055525134,0.22046639570623036
GLM-4.6V-Flash,A1->A5,confidence,Q2,changed,1149,669,0.5822454308093995,0.5522398036636342,0.6121356071573707
GLM-4.6V-Flash,A1->A5,confidence,Q2,toward_rejection,1149,475,0.4134029590948651,0.3830357142857143,0.4442524503944537
GLM-4.6V-Flash,A1->A5,confidence,Q2,into_U,1149,327,0.2845953002610966,0.25608600060800835,0.31467383177570085
GLM-4.6V-Flash,A1->A5,confidence,Q2,into_Ur,1149,298,0.25935596170583114,0.2330171340474957,0.2862223822382238
GLM-4.6V-Flash,A1->A5,confidence,Q3,changed,1149,629,0.5474325500435161,0.517646318594552,0.5763165443396665
GLM-4.6V-Flash,A1->A5,confidence,Q3,toward_rejection,1149,472,0.41079199303742386,0.3800537692357073,0.4403040559285357
GLM-4.6V-Flash,A1->A5,confidence,Q3,into_U,1149,182,0.15839860748476936,0.13814049565990374,0.179652590799725
GLM-4.6V-Flash,A1->A5,confidence,Q3,into_Ur,1149,373,0.32463011314186246,0.29719888761028,0.35167942359660975
GLM-4.6V-Flash,A1->A5,confidence,Q4,changed,1149,485,0.4221061792863359,0.39194718263705564,0.4532762655523586
GLM-4.6V-Flash,A1->A5,confidence,Q4,toward_rejection,1149,363,0.31592689295039167,0.2860977963498869,0.3440033274956217
GLM-4.6V-Flash,A1->A5,confidence,Q4,into_U,1149,88,0.07658833768494343,0.06202140303709692,0.0924605058262131
GLM-4.6V-Flash,A1->A5,confidence,Q4,into_Ur,1149,302,0.2628372497824195,0.2362965311910928,0.29000022104332446
GLM-4.6V-Flash,A1->A5,confidence,Q5,changed,1150,277,0.2408695652173913,0.21473342464549397,0.2657230696799195
GLM-4.6V-Flash,A1->A5,confidence,Q5,toward_rejection,1150,187,0.16260869565217392,0.14003262487294904,0.18405997227911208
GLM-4.6V-Flash,A1->A5,confidence,Q5,into_U,1150,28,0.02434782608695652,0.015596032407959015,0.033274880095923255
GLM-4.6V-Flash,A1->A5,confidence,Q5,into_Ur,1150,168,0.14608695652173914,0.12442650380070792,0.16681536344471423
GLM-4.6V-Flash,A1->A5,box_area,Q1,changed,1150,691,0.6008695652173913,0.5719650738321125,0.6302640029582344
GLM-4.6V-Flash,A1->A5,box_area,Q1,toward_rejection,1150,382,0.33217391304347826,0.3030289762776628,0.3625112873186975
GLM-4.6V-Flash,A1->A5,box_area,Q1,into_U,1150,473,0.41130434782608694,0.3814523008212683,0.4401472979595473
GLM-4.6V-Flash,A1->A5,box_area,Q1,into_Ur,1150,185,0.1608695652173913,0.13982913747970926,0.1841906152978806
GLM-4.6V-Flash,A1->A5,box_area,Q2,changed,1149,677,0.5892080069625761,0.5620108920379822,0.6175802314079293
GLM-4.6V-Flash,A1->A5,box_area,Q2,toward_rejection,1149,466,0.40557006092254133,0.3763152324602664,0.43328235428676726
GLM-4.6V-Flash,A1->A5,box_area,Q2,into_U,1149,293,0.2550043516100957,0.229093596985372,0.28059304960584397
GLM-4.6V-Flash,A1->A5,box_area,Q2,into_Ur,1149,320,0.278503046127067,0.2510632107674077,0.3059896643659303
GLM-4.6V-Flash,A1->A5,box_area,Q3,changed,1149,605,0.5265448215839861,0.498268426069786,0.5543117662425472
GLM-4.6V-Flash,A1->A5,box_area,Q3,toward_rejection,1149,444,0.38642297650130547,0.35926531106269666,0.4149785242290749
GLM-4.6V-Flash,A1->A5,box_area,Q3,into_U,1149,173,0.15056570931244562,0.128859591056193,0.17262451734592496
GLM-4.6V-Flash,A1->A5,box_area,Q3,into_Ur,1149,343,0.29852045256744997,0.2719230951928558,0.3261429745828476
GLM-4.6V-Flash,A1->A5,box_area,Q4,changed,1149,482,0.4194952132288947,0.3897953102100635,0.4475527749404154
GLM-4.6V-Flash,A1->A5,box_area,Q4,toward_rejection,1149,370,0.32201914708442125,0.2915527246340592,0.3509238464201828
GLM-4.6V-Flash,A1->A5,box_area,Q4,into_U,1149,76,0.06614447345517842,0.05154597672526852,0.08166989007668189
GLM-4.6V-Flash,A1->A5,box_area,Q4,into_Ur,1149,314,0.2732811140121845,0.24303345388788425,0.30187517413108583
GLM-4.6V-Flash,A1->A5,box_area,Q5,changed,1150,302,0.26260869565217393,0.2340919253316392,0.29123137577399383
GLM-4.6V-Flash,A1->A5,box_area,Q5,toward_rejection,1150,242,0.21043478260869566,0.18464280691885812,0.23636401737407603
GLM-4.6V-Flash,A1->A5,box_area,Q5,into_U,1150,50,0.043478260869565216,0.03214192971806286,0.05569215936304544
GLM-4.6V-Flash,A1->A5,box_area,Q5,into_Ur,1150,205,0.1782608695652174,0.15411522394903054,0.20242537313432835
GLM-4.6V-Flash,A2->A5,confidence,Q1,changed,1150,663,0.5765217391304348,0.5469377985983306,0.606941578248519
GLM-4.6V-Flash,A2->A5,confidence,Q1,toward_rejection,1150,353,0.30695652173913046,0.2786694937818298,0.3345736802356057
GLM-4.6V-Flash,A2->A5,confidence,Q1,into_U,1150,426,0.37043478260869567,0.3431268911287991,0.39825496561950074
GLM-4.6V-Flash,A2->A5,confidence,Q1,into_Ur,1150,202,0.17565217391304347,0.15351600965540965,0.1978579331430212
GLM-4.6V-Flash,A2->A5,confidence,Q2,changed,1149,683,0.5944299390774587,0.5639532302036433,0.6240594174927198
GLM-4.6V-Flash,A2->A5,confidence,Q2,toward_rejection,1149,509,0.44299390774586594,0.4123736493091332,0.47408026755852845
GLM-4.6V-Flash,A2->A5,confidence,Q2,into_U,1149,329,0.2863359442993908,0.2576202757605241,0.3165359145686672
GLM-4.6V-Flash,A2->A5,confidence,Q2,into_Ur,1149,315,0.2741514360313316,0.247477710282663,0.30179105768782866
GLM-4.6V-Flash,A2->A5,confidence,Q3,changed,1149,638,0.5552654482158399,0.5253045064349757,0.5834102409466184
GLM-4.6V-Flash,A2->A5,confidence,Q3,toward_rejection,1149,495,0.4308093994778068,0.3993138240373991,0.4593575204438544
GLM-4.6V-Flash,A2->A5,confidence,Q3,into_U,1149,184,0.16013925152306355,0.13944918812440651,0.18182019843510527
GLM-4.6V-Flash,A2->A5,confidence,Q3,into_Ur,1149,388,0.33768494342906874,0.31030863653127655,0.36417119565217393
GLM-4.6V-Flash,A2->A5,confidence,Q4,changed,1149,492,0.4281984334203655,0.39717301862822335,0.46063657596002383
GLM-4.6V-Flash,A2->A5,confidence,Q4,toward_rejection,1149,388,0.33768494342906874,0.3062320279691347,0.36718366557972226
GLM-4.6V-Flash,A2->A5,confidence,Q4,into_U,1149,89,0.07745865970409051,0.0625,0.09302818289318089
GLM-4.6V-Flash,A2->A5,confidence,Q4,into_Ur,1149,321,0.2793733681462141,0.252647481583518,0.30709162098367704
GLM-4.6V-Flash,A2->A5,confidence,Q5,changed,1150,268,0.23304347826086957,0.20754716981132076,0.2574855748012619
GLM-4.6V-Flash,A2->A5,confidence,Q5,toward_rejection,1150,192,0.16695652173913045,0.1444804333884216,0.18795432838159498
GLM-4.6V-Flash,A2->A5,confidence,Q5,into_U,1150,28,0.02434782608695652,0.015596032407959015,0.033274880095923255
GLM-4.6V-Flash,A2->A5,confidence,Q5,into_Ur,1150,172,0.14956521739130435,0.1278293529870314,0.17049490675053244
GLM-4.6V-Flash,A2->A5,box_area,Q1,changed,1150,689,0.5991304347826087,0.5694933313277176,0.628967695841577
GLM-4.6V-Flash,A2->A5,box_area,Q1,toward_rejection,1150,377,0.3278260869565217,0.2976388825143206,0.35844354223424446
GLM-4.6V-Flash,A2->A5,box_area,Q1,into_U,1150,463,0.4026086956521739,0.3729096989966555,0.4313769932270279
GLM-4.6V-Flash,A2->A5,box_area,Q1,into_Ur,1150,192,0.16695652173913045,0.14530534969746275,0.19039977935514057
GLM-4.6V-Flash,A2->A5,box_area,Q2,changed,1149,669,0.5822454308093995,0.5554536149917697,0.6110166990149046
GLM-4.6V-Flash,A2->A5,box_area,Q2,toward_rejection,1149,469,0.4081810269799826,0.37839925529503654,0.4379164728257895
GLM-4.6V-Flash,A2->A5,box_area,Q2,into_U,1149,293,0.2550043516100957,0.22971287246768132,0.28079418212626206
GLM-4.6V-Flash,A2->A5,box_area,Q2,into_Ur,1149,319,0.27763272410791995,0.25167088785704234,0.30468872023421034
GLM-4.6V-Flash,A2->A5,box_area,Q3,changed,1149,615,0.5352480417754569,0.5055401759365954,0.5630027012807525
GLM-4.6V-Flash,A2->A5,box_area,Q3,toward_rejection,1149,467,0.40644038294168844,0.37737513873473916,0.43552648474872047
GLM-4.6V-Flash,A2->A5,box_area,Q3,into_U,1149,174,0.1514360313315927,0.13043378448516788,0.17341750755184987
GLM-4.6V-Flash,A2->A5,box_area,Q3,into_Ur,1149,360,0.3133159268929504,0.28546385925807993,0.3412829344935943
GLM-4.6V-Flash,A2->A5,box_area,Q4,changed,1149,467,0.40644038294168844,0.37601545884936594,0.435327110829833
GLM-4.6V-Flash,A2->A5,box_area,Q4,toward_rejection,1149,372,0.3237597911227154,0.29366301576880305,0.3523191766285389
GLM-4.6V-Flash,A2->A5,box_area,Q4,into_U,1149,75,0.06527415143603134,0.050377068464875455,0.08047109255894282
GLM-4.6V-Flash,A2->A5,box_area,Q4,into_Ur,1149,314,0.2732811140121845,0.24323165674699973,0.3012245255370099
GLM-4.6V-Flash,A2->A5,box_area,Q5,changed,1150,304,0.2643478260869565,0.23638983887391982,0.29357187355791414
GLM-4.6V-Flash,A2->A5,box_area,Q5,toward_rejection,1150,252,0.21913043478260869,0.19349065999734405,0.24562908163148492
GLM-4.6V-Flash,A2->A5,box_area,Q5,into_U,1150,51,0.04434782608695652,0.03297391224695429,0.05662140865559462
GLM-4.6V-Flash,A2->A5,box_area,Q5,into_Ur,1150,213,0.18521739130434783,0.1614033628163587,0.20953319518298405
Phi-4-multimodal,A1->A5,confidence,Q1,changed,1150,543,0.4721739130434783,0.44122615758277994,0.5021246834023572
Phi-4-multimodal,A1->A5,confidence,Q1,toward_rejection,1150,492,0.42782608695652175,0.39671667337663397,0.46009031350368074
Phi-4-multimodal,A1->A5,confidence,Q1,into_U,1150,0,0.0,0.0,0.0
Phi-4-multimodal,A1->A5,confidence,Q1,into_Ur,1150,492,0.42782608695652175,0.39671667337663397,0.46009031350368074
Phi-4-multimodal,A1->A5,confidence,Q2,changed,1149,373,0.32463011314186246,0.29768709966825935,0.35218520725048313
Phi-4-multimodal,A1->A5,confidence,Q2,toward_rejection,1149,320,0.278503046127067,0.2527918388668534,0.30458021566901405
Phi-4-multimodal,A1->A5,confidence,Q2,into_U,1149,0,0.0,0.0,0.0
Phi-4-multimodal,A1->A5,confidence,Q2,into_Ur,1149,320,0.278503046127067,0.2527918388668534,0.30458021566901405
Phi-4-multimodal,A1->A5,confidence,Q3,changed,1149,247,0.21496953872932986,0.19010433798077028,0.24153614955857333
Phi-4-multimodal,A1->A5,confidence,Q3,toward_rejection,1149,176,0.15317667536988686,0.13280649829894645,0.17425569176882663
Phi-4-multimodal,A1->A5,confidence,Q3,into_U,1149,0,0.0,0.0,0.0
Phi-4-multimodal,A1->A5,confidence,Q3,into_Ur,1149,176,0.15317667536988686,0.13280649829894645,0.17425569176882663
Phi-4-multimodal,A1->A5,confidence,Q4,changed,1149,122,0.1061792863359443,0.08791184881263212,0.12449692521284907
Phi-4-multimodal,A1->A5,confidence,Q4,toward_rejection,1149,74,0.06440382941688425,0.05125669213282875,0.07803849564345744
Phi-4-multimodal,A1->A5,confidence,Q4,into_U,1149,0,0.0,0.0,0.0
Phi-4-multimodal,A1->A5,confidence,Q4,into_Ur,1149,74,0.06440382941688425,0.05125669213282875,0.07803849564345744
Phi-4-multimodal,A1->A5,confidence,Q5,changed,1150,38,0.03304347826086956,0.022533503917889542,0.0451275129263621
Phi-4-multimodal,A1->A5,confidence,Q5,toward_rejection,1150,12,0.010434782608695653,0.0050889507051365,0.016551244747675595
Phi-4-multimodal,A1->A5,confidence,Q5,into_U,1150,0,0.0,0.0,0.0
Phi-4-multimodal,A1->A5,confidence,Q5,into_Ur,1150,12,0.010434782608695653,0.0050889507051365,0.016551244747675595
Phi-4-multimodal,A1->A5,box_area,Q1,changed,1150,558,0.4852173913043478,0.45535008616591394,0.5155234699195625
Phi-4-multimodal,A1->A5,box_area,Q1,toward_rejection,1150,481,0.4182608695652174,0.3860340949904112,0.4492144290778221
Phi-4-multimodal,A1->A5,box_area,Q1,into_U,1150,0,0.0,0.0,0.0
Phi-4-multimodal,A1->A5,box_area,Q1,into_Ur,1150,481,0.4182608695652174,0.3860340949904112,0.4492144290778221
Phi-4-multimodal,A1->A5,box_area,Q2,changed,1149,404,0.3516100957354221,0.3221994284259076,0.38009560758121025
Phi-4-multimodal,A1->A5,box_area,Q2,toward_rejection,1149,330,0.28720626631853785,0.2584179050380573,0.31494905993134503
Phi-4-multimodal,A1->A5,box_area,Q2,into_U,1149,0,0.0,0.0,0.0
Phi-4-multimodal,A1->A5,box_area,Q2,into_Ur,1149,330,0.28720626631853785,0.2584179050380573,0.31494905993134503
Phi-4-multimodal,A1->A5,box_area,Q3,changed,1149,227,0.19756309834638816,0.17406906906906908,0.2235753569272871
Phi-4-multimodal,A1->A5,box_area,Q3,toward_rejection,1149,174,0.1514360313315927,0.13050343023853317,0.17420449815259045
Phi-4-multimodal,A1->A5,box_area,Q3,into_U,1149,0,0.0,0.0,0.0
Phi-4-multimodal,A1->A5,box_area,Q3,into_Ur,1149,174,0.1514360313315927,0.13050343023853317,0.17420449815259045
Phi-4-multimodal,A1->A5,box_area,Q4,changed,1149,90,0.0783289817232376,0.06280098166993218,0.09438991505693184
Phi-4-multimodal,A1->A5,box_area,Q4,toward_rejection,1149,64,0.0557006092254134,0.042362902221005284,0.06942156153538201
Phi-4-multimodal,A1->A5,box_area,Q4,into_U,1149,0,0.0,0.0,0.0
Phi-4-multimodal,A1->A5,box_area,Q4,into_Ur,1149,64,0.0557006092254134,0.042362902221005284,0.06942156153538201
Phi-4-multimodal,A1->A5,box_area,Q5,changed,1150,44,0.03826086956521739,0.027453672391400865,0.05114178607714676
Phi-4-multimodal,A1->A5,box_area,Q5,toward_rejection,1150,25,0.021739130434782608,0.013238896127245643,0.03139845482739895
Phi-4-multimodal,A1->A5,box_area,Q5,into_U,1150,0,0.0,0.0,0.0
Phi-4-multimodal,A1->A5,box_area,Q5,into_Ur,1150,25,0.021739130434782608,0.013238896127245643,0.03139845482739895
Phi-4-multimodal,A2->A5,confidence,Q1,changed,1150,528,0.4591304347826087,0.42857142857142855,0.48826820312702907
Phi-4-multimodal,A2->A5,confidence,Q1,toward_rejection,1150,467,0.40608695652173915,0.37359819175283726,0.43880235319945143
Phi-4-multimodal,A2->A5,confidence,Q1,into_U,1150,0,0.0,0.0,0.0
Phi-4-multimodal,A2->A5,confidence,Q1,into_Ur,1150,467,0.40608695652173915,0.37359819175283726,0.43880235319945143
Phi-4-multimodal,A2->A5,confidence,Q2,changed,1149,372,0.3237597911227154,0.2961545927386186,0.3505635334775979
Phi-4-multimodal,A2->A5,confidence,Q2,toward_rejection,1149,325,0.2828546562228024,0.25658543855438476,0.3103847876743442
Phi-4-multimodal,A2->A5,confidence,Q2,into_U,1149,0,0.0,0.0,0.0
Phi-4-multimodal,A2->A5,confidence,Q2,into_Ur,1149,325,0.2828546562228024,0.25658543855438476,0.3103847876743442
Phi-4-multimodal,A2->A5,confidence,Q3,changed,1149,232,0.20191470844212359,0.17838288465349267,0.22718824219463649
Phi-4-multimodal,A2->A5,confidence,Q3,toward_rejection,1149,176,0.15317667536988686,0.1321995319620643,0.1750037748058671
Phi-4-multimodal,A2->A5,confidence,Q3,into_U,1149,0,0.0,0.0,0.0
Phi-4-multimodal,A2->A5,confidence,Q3,into_Ur,1149,176,0.15317667536988686,0.1321995319620643,0.1750037748058671
Phi-4-multimodal,A2->A5,confidence,Q4,changed,1149,118,0.10269799825935597,0.08503055452266708,0.12144149444405124
Phi-4-multimodal,A2->A5,confidence,Q4,toward_rejection,1149,82,0.07136640557006092,0.05729563927922101,0.08518315306309644
Phi-4-multimodal,A2->A5,confidence,Q4,into_U,1149,0,0.0,0.0,0.0
Phi-4-multimodal,A2->A5,confidence,Q4,into_Ur,1149,82,0.07136640557006092,0.05729563927922101,0.08518315306309644
Phi-4-multimodal,A2->A5,confidence,Q5,changed,1150,26,0.022608695652173914,0.01409558408485278,0.03222918531781558
Phi-4-multimodal,A2->A5,confidence,Q5,toward_rejection,1150,14,0.01217391304347826,0.006334412826502442,0.018771636332553864
Phi-4-multimodal,A2->A5,confidence,Q5,into_U,1150,0,0.0,0.0,0.0
Phi-4-multimodal,A2->A5,confidence,Q5,into_Ur,1150,14,0.01217391304347826,0.006334412826502442,0.018771636332553864
Phi-4-multimodal,A2->A5,box_area,Q1,changed,1150,544,0.47304347826086957,0.4427119462267033,0.5029249669474278
Phi-4-multimodal,A2->A5,box_area,Q1,toward_rejection,1150,467,0.40608695652173915,0.37421254126507775,0.4372311771829457
Phi-4-multimodal,A2->A5,box_area,Q1,into_U,1150,0,0.0,0.0,0.0
Phi-4-multimodal,A2->A5,box_area,Q1,into_Ur,1150,467,0.40608695652173915,0.37421254126507775,0.4372311771829457
Phi-4-multimodal,A2->A5,box_area,Q2,changed,1149,395,0.3437771975630983,0.3139427790381969,0.3715807623431838
Phi-4-multimodal,A2->A5,box_area,Q2,toward_rejection,1149,327,0.2845953002610966,0.25706231994765577,0.3116031175976159
Phi-4-multimodal,A2->A5,box_area,Q2,into_U,1149,0,0.0,0.0,0.0
Phi-4-multimodal,A2->A5,box_area,Q2,into_Ur,1149,327,0.2845953002610966,0.25706231994765577,0.3116031175976159
Phi-4-multimodal,A2->A5,box_area,Q3,changed,1149,213,0.185378590078329,0.16172655295953933,0.21144008257155075
Phi-4-multimodal,A2->A5,box_area,Q3,toward_rejection,1149,178,0.15491731940818101,0.13259930797733216,0.1782283789581258
Phi-4-multimodal,A2->A5,box_area,Q3,into_U,1149,0,0.0,0.0,0.0
Phi-4-multimodal,A2->A5,box_area,Q3,into_Ur,1149,178,0.15491731940818101,0.13259930797733216,0.1782283789581258
Phi-4-multimodal,A2->A5,box_area,Q4,changed,1149,82,0.07136640557006092,0.056423277243589746,0.08691838647418158
Phi-4-multimodal,A2->A5,box_area,Q4,toward_rejection,1149,63,0.05483028720626632,0.041765463243067846,0.06845963303311169
Phi-4-multimodal,A2->A5,box_area,Q4,into_U,1149,0,0.0,0.0,0.0
Phi-4-multimodal,A2->A5,box_area,Q4,into_Ur,1149,63,0.05483028720626632,0.041765463243067846,0.06845963303311169
Phi-4-multimodal,A2->A5,box_area,Q5,changed,1150,42,0.036521739130434785,0.02605030409954037,0.0490371920506645
Phi-4-multimodal,A2->A5,box_area,Q5,toward_rejection,1150,29,0.025217391304347827,0.01629224974504779,0.03513615374168138
Phi-4-multimodal,A2->A5,box_area,Q5,into_U,1150,0,0.0,0.0,0.0
Phi-4-multimodal,A2->A5,box_area,Q5,into_Ur,1150,29,0.025217391304347827,0.01629224974504779,0.03513615374168138
Gemma-4-12B,A1->A5,confidence,Q1,changed,1150,318,0.27652173913043476,0.25175219298245616,0.3031403290122232
Gemma-4-12B,A1->A5,confidence,Q1,toward_rejection,1150,265,0.23043478260869565,0.20662384248664856,0.25552167871121817
Gemma-4-12B,A1->A5,confidence,Q1,into_U,1150,0,0.0,0.0,0.0
Gemma-4-12B,A1->A5,confidence,Q1,into_Ur,1150,265,0.23043478260869565,0.20662384248664856,0.25552167871121817
Gemma-4-12B,A1->A5,confidence,Q2,changed,1149,126,0.10966057441253264,0.09154285773949672,0.1295298913043478
Gemma-4-12B,A1->A5,confidence,Q2,toward_rejection,1149,102,0.08877284595300261,0.07303840570279407,0.10637029284073657
Gemma-4-12B,A1->A5,confidence,Q2,into_U,1149,0,0.0,0.0,0.0
Gemma-4-12B,A1->A5,confidence,Q2,into_Ur,1149,102,0.08877284595300261,0.07303840570279407,0.10637029284073657
Gemma-4-12B,A1->A5,confidence,Q3,changed,1149,45,0.0391644908616188,0.02854440366920958,0.05056329454966371
Gemma-4-12B,A1->A5,confidence,Q3,toward_rejection,1149,36,0.031331592689295036,0.021810256784359498,0.0415967903910519
Gemma-4-12B,A1->A5,confidence,Q3,into_U,1149,0,0.0,0.0,0.0
Gemma-4-12B,A1->A5,confidence,Q3,into_Ur,1149,36,0.031331592689295036,0.021810256784359498,0.0415967903910519
Gemma-4-12B,A1->A5,confidence,Q4,changed,1149,10,0.008703220191470844,0.0036662771997327454,0.014048337434616474
Gemma-4-12B,A1->A5,confidence,Q4,toward_rejection,1149,7,0.006092254134029591,0.001782491511945181,0.010943414953926834
Gemma-4-12B,A1->A5,confidence,Q4,into_U,1149,0,0.0,0.0,0.0
Gemma-4-12B,A1->A5,confidence,Q4,into_Ur,1149,7,0.006092254134029591,0.001782491511945181,0.010943414953926834
Gemma-4-12B,A1->A5,confidence,Q5,changed,1150,1,0.0008695652173913044,0.0,0.002762622243308182
Gemma-4-12B,A1->A5,confidence,Q5,toward_rejection,1150,1,0.0008695652173913044,0.0,0.002762622243308182
Gemma-4-12B,A1->A5,confidence,Q5,into_U,1150,0,0.0,0.0,0.0
Gemma-4-12B,A1->A5,confidence,Q5,into_Ur,1150,1,0.0008695652173913044,0.0,0.002762622243308182
Gemma-4-12B,A1->A5,box_area,Q1,changed,1150,327,0.2843478260869565,0.258172783299095,0.3128710176032404
Gemma-4-12B,A1->A5,box_area,Q1,toward_rejection,1150,275,0.2391304347826087,0.2150851081155312,0.2657094959414951
Gemma-4-12B,A1->A5,box_area,Q1,into_U,1150,0,0.0,0.0,0.0
Gemma-4-12B,A1->A5,box_area,Q1,into_Ur,1150,275,0.2391304347826087,0.2150851081155312,0.2657094959414951
Gemma-4-12B,A1->A5,box_area,Q2,changed,1149,118,0.10269799825935597,0.08555694732983014,0.12154367275661422
Gemma-4-12B,A1->A5,box_area,Q2,toward_rejection,1149,89,0.07745865970409051,0.06255030818571138,0.09419014084507042
Gemma-4-12B,A1->A5,box_area,Q2,into_U,1149,0,0.0,0.0,0.0
Gemma-4-12B,A1->A5,box_area,Q2,into_Ur,1149,89,0.07745865970409051,0.06255030818571138,0.09419014084507042
Gemma-4-12B,A1->A5,box_area,Q3,changed,1149,40,0.034812880765883375,0.024490137575565122,0.045579809465724534
Gemma-4-12B,A1->A5,box_area,Q3,toward_rejection,1149,33,0.028720626631853787,0.01947425675039985,0.03884436017505051
Gemma-4-12B,A1->A5,box_area,Q3,into_U,1149,0,0.0,0.0,0.0
Gemma-4-12B,A1->A5,box_area,Q3,into_Ur,1149,33,0.028720626631853787,0.01947425675039985,0.03884436017505051
Gemma-4-12B,A1->A5,box_area,Q4,changed,1149,9,0.007832898172323759,0.0027347310847766638,0.013011634063561494
Gemma-4-12B,A1->A5,box_area,Q4,toward_rejection,1149,8,0.006962576153176675,0.002633658940130289,0.01209112070786279
Gemma-4-12B,A1->A5,box_area,Q4,into_U,1149,0,0.0,0.0,0.0
Gemma-4-12B,A1->A5,box_area,Q4,into_Ur,1149,8,0.006962576153176675,0.002633658940130289,0.01209112070786279
Gemma-4-12B,A1->A5,box_area,Q5,changed,1150,6,0.0052173913043478265,0.0016637211937574356,0.00960740715270853
Gemma-4-12B,A1->A5,box_area,Q5,toward_rejection,1150,6,0.0052173913043478265,0.0016637211937574356,0.00960740715270853
Gemma-4-12B,A1->A5,box_area,Q5,into_U,1150,0,0.0,0.0,0.0
Gemma-4-12B,A1->A5,box_area,Q5,into_Ur,1150,6,0.0052173913043478265,0.0016637211937574356,0.00960740715270853
Gemma-4-12B,A2->A5,confidence,Q1,changed,1150,308,0.2678260869565217,0.2428192162541188,0.29392396082514416
Gemma-4-12B,A2->A5,confidence,Q1,toward_rejection,1150,261,0.22695652173913045,0.20249627413937868,0.2506287762975904
Gemma-4-12B,A2->A5,confidence,Q1,into_U,1150,0,0.0,0.0,0.0
Gemma-4-12B,A2->A5,confidence,Q1,into_Ur,1150,261,0.22695652173913045,0.20249627413937868,0.2506287762975904
Gemma-4-12B,A2->A5,confidence,Q2,changed,1149,134,0.11662315056570931,0.09805430432100908,0.13677536231884058
Gemma-4-12B,A2->A5,confidence,Q2,toward_rejection,1149,110,0.09573542210617929,0.07873145365202042,0.114309925330236
Gemma-4-12B,A2->A5,confidence,Q2,into_U,1149,0,0.0,0.0,0.0
Gemma-4-12B,A2->A5,confidence,Q2,into_Ur,1149,110,0.09573542210617929,0.07873145365202042,0.114309925330236
Gemma-4-12B,A2->A5,confidence,Q3,changed,1149,45,0.0391644908616188,0.02857142857142857,0.05052592175081413
Gemma-4-12B,A2->A5,confidence,Q3,toward_rejection,1149,36,0.031331592689295036,0.021810256784359498,0.0415967903910519
Gemma-4-12B,A2->A5,confidence,Q3,into_U,1149,0,0.0,0.0,0.0
Gemma-4-12B,A2->A5,confidence,Q3,into_Ur,1149,36,0.031331592689295036,0.021810256784359498,0.0415967903910519
Gemma-4-12B,A2->A5,confidence,Q4,changed,1149,8,0.006962576153176675,0.0026153481672415756,0.011945392491467578
Gemma-4-12B,A2->A5,confidence,Q4,toward_rejection,1149,7,0.006092254134029591,0.001782491511945181,0.010943414953926834
Gemma-4-12B,A2->A5,confidence,Q4,into_U,1149,0,0.0,0.0,0.0
Gemma-4-12B,A2->A5,confidence,Q4,into_Ur,1149,7,0.006092254134029591,0.001782491511945181,0.010943414953926834
Gemma-4-12B,A2->A5,confidence,Q5,changed,1150,1,0.0008695652173913044,0.0,0.002762622243308182
Gemma-4-12B,A2->A5,confidence,Q5,toward_rejection,1150,1,0.0008695652173913044,0.0,0.002762622243308182
Gemma-4-12B,A2->A5,confidence,Q5,into_U,1150,0,0.0,0.0,0.0
Gemma-4-12B,A2->A5,confidence,Q5,into_Ur,1150,1,0.0008695652173913044,0.0,0.002762622243308182
Gemma-4-12B,A2->A5,box_area,Q1,changed,1150,334,0.29043478260869565,0.26482361260615406,0.3181437114046744
Gemma-4-12B,A2->A5,box_area,Q1,toward_rejection,1150,284,0.24695652173913044,0.22279492845602242,0.2740608344366365
Gemma-4-12B,A2->A5,box_area,Q1,into_U,1150,0,0.0,0.0,0.0
Gemma-4-12B,A2->A5,box_area,Q1,into_Ur,1150,284,0.24695652173913044,0.22279492845602242,0.2740608344366365
Gemma-4-12B,A2->A5,box_area,Q2,changed,1149,108,0.09399477806788512,0.07712521600814691,0.11194061259359767
Gemma-4-12B,A2->A5,box_area,Q2,toward_rejection,1149,84,0.0731070496083551,0.058673266653572455,0.08936624897495964
Gemma-4-12B,A2->A5,box_area,Q2,into_U,1149,0,0.0,0.0,0.0
Gemma-4-12B,A2->A5,box_area,Q2,into_Ur,1149,84,0.0731070496083551,0.058673266653572455,0.08936624897495964
Gemma-4-12B,A2->A5,box_area,Q3,changed,1149,39,0.033942558746736295,0.024208364919870787,0.04504524400725814
Gemma-4-12B,A2->A5,box_area,Q3,toward_rejection,1149,33,0.028720626631853787,0.019607406631396995,0.03881001163447225
Gemma-4-12B,A2->A5,box_area,Q3,into_U,1149,0,0.0,0.0,0.0
Gemma-4-12B,A2->A5,box_area,Q3,into_Ur,1149,33,0.028720626631853787,0.019607406631396995,0.03881001163447225
Gemma-4-12B,A2->A5,box_area,Q4,changed,1149,9,0.007832898172323759,0.0033723273058336623,0.01322354168338281
Gemma-4-12B,A2->A5,box_area,Q4,toward_rejection,1149,8,0.006962576153176675,0.002633658940130289,0.01209112070786279
Gemma-4-12B,A2->A5,box_area,Q4,into_U,1149,0,0.0,0.0,0.0
Gemma-4-12B,A2->A5,box_area,Q4,into_Ur,1149,8,0.006962576153176675,0.002633658940130289,0.01209112070786279
Gemma-4-12B,A2->A5,box_area,Q5,changed,1150,6,0.0052173913043478265,0.0016637211937574356,0.00960740715270853
Gemma-4-12B,A2->A5,box_area,Q5,toward_rejection,1150,6,0.0052173913043478265,0.0016637211937574356,0.00960740715270853
Gemma-4-12B,A2->A5,box_area,Q5,into_U,1150,0,0.0,0.0,0.0
Gemma-4-12B,A2->A5,box_area,Q5,into_Ur,1150,6,0.0052173913043478265,0.0016637211937574356,0.00960740715270853
Qwen3-VL-2B,A1->A5,confidence,Q1,changed,1150,533,0.46347826086956523,0.43394520851818985,0.49305654278364475
Qwen3-VL-2B,A1->A5,confidence,Q1,toward_rejection,1150,530,0.4608695652173913,0.4313004249332453,0.4904185350704439
Qwen3-VL-2B,A1->A5,confidence,Q1,into_U,1150,530,0.4608695652173913,0.4313004249332453,0.4904185350704439
Qwen3-VL-2B,A1->A5,confidence,Q1,into_Ur,1150,0,0.0,0.0,0.0
Qwen3-VL-2B,A1->A5,confidence,Q2,changed,1148,378,0.32926829268292684,0.2994090365159372,0.35882547905525847
Qwen3-VL-2B,A1->A5,confidence,Q2,toward_rejection,1148,376,0.32752613240418116,0.29764557801889,0.3571443794909268
Qwen3-VL-2B,A1->A5,confidence,Q2,into_U,1148,376,0.32752613240418116,0.29764557801889,0.3571443794909268
Qwen3-VL-2B,A1->A5,confidence,Q2,into_Ur,1148,0,0.0,0.0,0.0
Qwen3-VL-2B,A1->A5,confidence,Q3,changed,1149,173,0.15056570931244562,0.12820460147904683,0.17161512092032716
Qwen3-VL-2B,A1->A5,confidence,Q3,toward_rejection,1149,170,0.14795474325500435,0.12631281205625028,0.1695408292877336
Qwen3-VL-2B,A1->A5,confidence,Q3,into_U,1149,170,0.14795474325500435,0.12631281205625028,0.1695408292877336
Qwen3-VL-2B,A1->A5,confidence,Q3,into_Ur,1149,0,0.0,0.0,0.0
Qwen3-VL-2B,A1->A5,confidence,Q4,changed,1149,88,0.07658833768494343,0.06161940392354125,0.093214126588547
Qwen3-VL-2B,A1->A5,confidence,Q4,toward_rejection,1149,85,0.07397737162750218,0.05892272173259145,0.08977681826597575
Qwen3-VL-2B,A1->A5,confidence,Q4,into_U,1149,85,0.07397737162750218,0.05892272173259145,0.08977681826597575
Qwen3-VL-2B,A1->A5,confidence,Q4,into_Ur,1149,0,0.0,0.0,0.0
Qwen3-VL-2B,A1->A5,confidence,Q5,changed,1150,27,0.023478260869565216,0.014859311816684139,0.03294914348501366
Qwen3-VL-2B,A1->A5,confidence,Q5,toward_rejection,1150,27,0.023478260869565216,0.014859311816684139,0.03294914348501366
Qwen3-VL-2B,A1->A5,confidence,Q5,into_U,1150,27,0.023478260869565216,0.014859311816684139,0.03294914348501366
Qwen3-VL-2B,A1->A5,confidence,Q5,into_Ur,1150,0,0.0,0.0,0.0
Qwen3-VL-2B,A1->A5,box_area,Q1,changed,1150,483,0.42,0.3877188291584576,0.45215955527739937
Qwen3-VL-2B,A1->A5,box_area,Q1,toward_rejection,1150,480,0.41739130434782606,0.38501472630218464,0.44972707698557784
Qwen3-VL-2B,A1->A5,box_area,Q1,into_U,1150,480,0.41739130434782606,0.38501472630218464,0.44972707698557784
Qwen3-VL-2B,A1->A5,box_area,Q1,into_Ur,1150,0,0.0,0.0,0.0
Qwen3-VL-2B,A1->A5,box_area,Q2,changed,1149,299,0.26022628372497825,0.23226894807941842,0.2872425920106475
Qwen3-VL-2B,A1->A5,box_area,Q2,toward_rejection,1149,298,0.25935596170583114,0.2314111408841252,0.2862340261457109
Qwen3-VL-2B,A1->A5,box_area,Q2,into_U,1149,298,0.25935596170583114,0.2314111408841252,0.2862340261457109
Qwen3-VL-2B,A1->A5,box_area,Q2,into_Ur,1149,0,0.0,0.0,0.0
Qwen3-VL-2B,A1->A5,box_area,Q3,changed,1148,197,0.171602787456446,0.14893570968039052,0.195380673255917
Qwen3-VL-2B,A1->A5,box_area,Q3,toward_rejection,1148,195,0.16986062717770034,0.14744979174645728,0.19311126720479987
Qwen3-VL-2B,A1->A5,box_area,Q3,into_U,1148,195,0.16986062717770034,0.14744979174645728,0.19311126720479987
Qwen3-VL-2B,A1->A5,box_area,Q3,into_Ur,1148,0,0.0,0.0,0.0
Qwen3-VL-2B,A1->A5,box_area,Q4,changed,1149,135,0.1174934725848564,0.09805537599655247,0.13726076254583813
Qwen3-VL-2B,A1->A5,box_area,Q4,toward_rejection,1149,133,0.11575282854656223,0.09636328777229837,0.13550704275230882
Qwen3-VL-2B,A1->A5,box_area,Q4,into_U,1149,133,0.11575282854656223,0.09636328777229837,0.13550704275230882
Qwen3-VL-2B,A1->A5,box_area,Q4,into_Ur,1149,0,0.0,0.0,0.0
Qwen3-VL-2B,A1->A5,box_area,Q5,changed,1150,85,0.07391304347826087,0.0576047994771622,0.08981052955124265
Qwen3-VL-2B,A1->A5,box_area,Q5,toward_rejection,1150,82,0.07130434782608695,0.055646759257901725,0.08699590244966694
Qwen3-VL-2B,A1->A5,box_area,Q5,into_U,1150,82,0.07130434782608695,0.055646759257901725,0.08699590244966694
Qwen3-VL-2B,A1->A5,box_area,Q5,into_Ur,1150,0,0.0,0.0,0.0
Qwen3-VL-2B,A2->A5,confidence,Q1,changed,1150,532,0.46260869565217394,0.43277236558340154,0.4925139360641269
Qwen3-VL-2B,A2->A5,confidence,Q1,toward_rejection,1150,532,0.46260869565217394,0.43277236558340154,0.4925139360641269
Qwen3-VL-2B,A2->A5,confidence,Q1,into_U,1150,532,0.46260869565217394,0.43277236558340154,0.4925139360641269
Qwen3-VL-2B,A2->A5,confidence,Q1,into_Ur,1150,0,0.0,0.0,0.0
Qwen3-VL-2B,A2->A5,confidence,Q2,changed,1148,378,0.32926829268292684,0.2994545515091978,0.35893121833587754
Qwen3-VL-2B,A2->A5,confidence,Q2,toward_rejection,1148,377,0.32839721254355403,0.29849428588230686,0.3584313235906646
Qwen3-VL-2B,A2->A5,confidence,Q2,into_U,1148,377,0.32839721254355403,0.29849428588230686,0.3584313235906646
Qwen3-VL-2B,A2->A5,confidence,Q2,into_Ur,1148,0,0.0,0.0,0.0
Qwen3-VL-2B,A2->A5,confidence,Q3,changed,1149,172,0.1496953872932985,0.127732609927054,0.17145519508329654
Qwen3-VL-2B,A2->A5,confidence,Q3,toward_rejection,1149,172,0.1496953872932985,0.127732609927054,0.17145519508329654
Qwen3-VL-2B,A2->A5,confidence,Q3,into_U,1149,172,0.1496953872932985,0.127732609927054,0.17145519508329654
Qwen3-VL-2B,A2->A5,confidence,Q3,into_Ur,1149,0,0.0,0.0,0.0
Qwen3-VL-2B,A2->A5,confidence,Q4,changed,1149,86,0.07484769364664925,0.05963121593058182,0.09050994748603855
Qwen3-VL-2B,A2->A5,confidence,Q4,toward_rejection,1149,86,0.07484769364664925,0.05963121593058182,0.09050994748603855
Qwen3-VL-2B,A2->A5,confidence,Q4,into_U,1149,86,0.07484769364664925,0.05963121593058182,0.09050994748603855
Qwen3-VL-2B,A2->A5,confidence,Q4,into_Ur,1149,0,0.0,0.0,0.0
Qwen3-VL-2B,A2->A5,confidence,Q5,changed,1150,27,0.023478260869565216,0.014859311816684139,0.03294914348501366
Qwen3-VL-2B,A2->A5,confidence,Q5,toward_rejection,1150,27,0.023478260869565216,0.014859311816684139,0.03294914348501366
Qwen3-VL-2B,A2->A5,confidence,Q5,into_U,1150,27,0.023478260869565216,0.014859311816684139,0.03294914348501366
Qwen3-VL-2B,A2->A5,confidence,Q5,into_Ur,1150,0,0.0,0.0,0.0
Qwen3-VL-2B,A2->A5,box_area,Q1,changed,1150,482,0.4191304347826087,0.38650652589134127,0.45130994873742164
Qwen3-VL-2B,A2->A5,box_area,Q1,toward_rejection,1150,481,0.4182608695652174,0.3856984938999135,0.45063308495128784
Qwen3-VL-2B,A2->A5,box_area,Q1,into_U,1150,481,0.4182608695652174,0.3856984938999135,0.45063308495128784
Qwen3-VL-2B,A2->A5,box_area,Q1,into_Ur,1150,0,0.0,0.0,0.0
Qwen3-VL-2B,A2->A5,box_area,Q2,changed,1149,298,0.25935596170583114,0.2314111408841252,0.2862340261457109
Qwen3-VL-2B,A2->A5,box_area,Q2,toward_rejection,1149,298,0.25935596170583114,0.2314111408841252,0.2862340261457109
Qwen3-VL-2B,A2->A5,box_area,Q2,into_U,1149,298,0.25935596170583114,0.2314111408841252,0.2862340261457109
Qwen3-VL-2B,A2->A5,box_area,Q2,into_Ur,1149,0,0.0,0.0,0.0
Qwen3-VL-2B,A2->A5,box_area,Q3,changed,1148,197,0.171602787456446,0.14893570968039052,0.195380673255917
Qwen3-VL-2B,A2->A5,box_area,Q3,toward_rejection,1148,197,0.171602787456446,0.14893570968039052,0.195380673255917
Qwen3-VL-2B,A2->A5,box_area,Q3,into_U,1148,197,0.171602787456446,0.14893570968039052,0.195380673255917
Qwen3-VL-2B,A2->A5,box_area,Q3,into_Ur,1148,0,0.0,0.0,0.0
Qwen3-VL-2B,A2->A5,box_area,Q4,changed,1149,134,0.11662315056570931,0.09741827584205996,0.13628425249560466
Qwen3-VL-2B,A2->A5,box_area,Q4,toward_rejection,1149,134,0.11662315056570931,0.09741827584205996,0.13628425249560466
Qwen3-VL-2B,A2->A5,box_area,Q4,into_U,1149,134,0.11662315056570931,0.09741827584205996,0.13628425249560466
Qwen3-VL-2B,A2->A5,box_area,Q4,into_Ur,1149,0,0.0,0.0,0.0
Qwen3-VL-2B,A2->A5,box_area,Q5,changed,1150,84,0.07304347826086957,0.05731865162259074,0.08838454285342696
Qwen3-VL-2B,A2->A5,box_area,Q5,toward_rejection,1150,84,0.07304347826086957,0.05731865162259074,0.08838454285342696
Qwen3-VL-2B,A2->A5,box_area,Q5,into_U,1150,84,0.07304347826086957,0.05731865162259074,0.08838454285342696
Qwen3-VL-2B,A2->A5,box_area,Q5,into_Ur,1150,0,0.0,0.0,0.0
Qwen2.5-VL-3B,A1->A5,confidence,Q1,changed,1150,23,0.02,0.011574852535318897,0.03020180323032672
Qwen2.5-VL-3B,A1->A5,confidence,Q1,toward_rejection,1150,0,0.0,0.0,0.0
Qwen2.5-VL-3B,A1->A5,confidence,Q1,into_U,1150,0,0.0,0.0,0.0
Qwen2.5-VL-3B,A1->A5,confidence,Q1,into_Ur,1150,0,0.0,0.0,0.0
Qwen2.5-VL-3B,A1->A5,confidence,Q2,changed,1149,10,0.008703220191470844,0.003600198294762091,0.014507115556576702
Qwen2.5-VL-3B,A1->A5,confidence,Q2,toward_rejection,1149,0,0.0,0.0,0.0
Qwen2.5-VL-3B,A1->A5,confidence,Q2,into_U,1149,0,0.0,0.0,0.0
Qwen2.5-VL-3B,A1->A5,confidence,Q2,into_Ur,1149,0,0.0,0.0,0.0
Qwen2.5-VL-3B,A1->A5,confidence,Q3,changed,1149,12,0.010443864229765013,0.004540405528143948,0.017467630622652455
Qwen2.5-VL-3B,A1->A5,confidence,Q3,toward_rejection,1149,0,0.0,0.0,0.0
Qwen2.5-VL-3B,A1->A5,confidence,Q3,into_U,1149,0,0.0,0.0,0.0
Qwen2.5-VL-3B,A1->A5,confidence,Q3,into_Ur,1149,0,0.0,0.0,0.0
Qwen2.5-VL-3B,A1->A5,confidence,Q4,changed,1149,6,0.005221932114882507,0.0016820504484384164,0.009795409704398232
Qwen2.5-VL-3B,A1->A5,confidence,Q4,toward_rejection,1149,0,0.0,0.0,0.0
Qwen2.5-VL-3B,A1->A5,confidence,Q4,into_U,1149,0,0.0,0.0,0.0
Qwen2.5-VL-3B,A1->A5,confidence,Q4,into_Ur,1149,0,0.0,0.0,0.0
Qwen2.5-VL-3B,A1->A5,confidence,Q5,changed,1150,5,0.004347826086956522,0.0008887319799941159,0.0084530853761623
Qwen2.5-VL-3B,A1->A5,confidence,Q5,toward_rejection,1150,0,0.0,0.0,0.0
Qwen2.5-VL-3B,A1->A5,confidence,Q5,into_U,1150,0,0.0,0.0,0.0
Qwen2.5-VL-3B,A1->A5,confidence,Q5,into_Ur,1150,0,0.0,0.0,0.0
Qwen2.5-VL-3B,A1->A5,box_area,Q1,changed,1150,26,0.022608695652173914,0.013047145680687728,0.0342819835444059
Qwen2.5-VL-3B,A1->A5,box_area,Q1,toward_rejection,1150,0,0.0,0.0,0.0
Qwen2.5-VL-3B,A1->A5,box_area,Q1,into_U,1150,0,0.0,0.0,0.0
Qwen2.5-VL-3B,A1->A5,box_area,Q1,into_Ur,1150,0,0.0,0.0,0.0
Qwen2.5-VL-3B,A1->A5,box_area,Q2,changed,1149,19,0.016536118363794605,0.008841537711709516,0.025878505567677665
Qwen2.5-VL-3B,A1->A5,box_area,Q2,toward_rejection,1149,0,0.0,0.0,0.0
Qwen2.5-VL-3B,A1->A5,box_area,Q2,into_U,1149,0,0.0,0.0,0.0
Qwen2.5-VL-3B,A1->A5,box_area,Q2,into_Ur,1149,0,0.0,0.0,0.0
Qwen2.5-VL-3B,A1->A5,box_area,Q3,changed,1149,4,0.0034812880765883376,0.00082846615037865,0.007428213438817035
Qwen2.5-VL-3B,A1->A5,box_area,Q3,toward_rejection,1149,0,0.0,0.0,0.0
Qwen2.5-VL-3B,A1->A5,box_area,Q3,into_U,1149,0,0.0,0.0,0.0
Qwen2.5-VL-3B,A1->A5,box_area,Q3,into_Ur,1149,0,0.0,0.0,0.0
Qwen2.5-VL-3B,A1->A5,box_area,Q4,changed,1149,4,0.0034812880765883376,0.0008339936347178019,0.007263977497894277
Qwen2.5-VL-3B,A1->A5,box_area,Q4,toward_rejection,1149,0,0.0,0.0,0.0
Qwen2.5-VL-3B,A1->A5,box_area,Q4,into_U,1149,0,0.0,0.0,0.0
Qwen2.5-VL-3B,A1->A5,box_area,Q4,into_Ur,1149,0,0.0,0.0,0.0
Qwen2.5-VL-3B,A1->A5,box_area,Q5,changed,1150,3,0.0026086956521739132,0.0,0.005748435848355848
Qwen2.5-VL-3B,A1->A5,box_area,Q5,toward_rejection,1150,0,0.0,0.0,0.0
Qwen2.5-VL-3B,A1->A5,box_area,Q5,into_U,1150,0,0.0,0.0,0.0
Qwen2.5-VL-3B,A1->A5,box_area,Q5,into_Ur,1150,0,0.0,0.0,0.0
Qwen2.5-VL-3B,A2->A5,confidence,Q1,changed,1150,2,0.0017391304347826088,0.0,0.00443685326521139
Qwen2.5-VL-3B,A2->A5,confidence,Q1,toward_rejection,1150,0,0.0,0.0,0.0
Qwen2.5-VL-3B,A2->A5,confidence,Q1,into_U,1150,0,0.0,0.0,0.0
Qwen2.5-VL-3B,A2->A5,confidence,Q1,into_Ur,1150,0,0.0,0.0,0.0
Qwen2.5-VL-3B,A2->A5,confidence,Q2,changed,1149,0,0.0,0.0,0.0
Qwen2.5-VL-3B,A2->A5,confidence,Q2,toward_rejection,1149,0,0.0,0.0,0.0
Qwen2.5-VL-3B,A2->A5,confidence,Q2,into_U,1149,0,0.0,0.0,0.0
Qwen2.5-VL-3B,A2->A5,confidence,Q2,into_Ur,1149,0,0.0,0.0,0.0
Qwen2.5-VL-3B,A2->A5,confidence,Q3,changed,1149,0,0.0,0.0,0.0
Qwen2.5-VL-3B,A2->A5,confidence,Q3,toward_rejection,1149,0,0.0,0.0,0.0
Qwen2.5-VL-3B,A2->A5,confidence,Q3,into_U,1149,0,0.0,0.0,0.0
Qwen2.5-VL-3B,A2->A5,confidence,Q3,into_Ur,1149,0,0.0,0.0,0.0
Qwen2.5-VL-3B,A2->A5,confidence,Q4,changed,1149,1,0.0008703220191470844,0.0,0.0027298787411776508
Qwen2.5-VL-3B,A2->A5,confidence,Q4,toward_rejection,1149,0,0.0,0.0,0.0
Qwen2.5-VL-3B,A2->A5,confidence,Q4,into_U,1149,0,0.0,0.0,0.0
Qwen2.5-VL-3B,A2->A5,confidence,Q4,into_Ur,1149,0,0.0,0.0,0.0
Qwen2.5-VL-3B,A2->A5,confidence,Q5,changed,1150,0,0.0,0.0,0.0
Qwen2.5-VL-3B,A2->A5,confidence,Q5,toward_rejection,1150,0,0.0,0.0,0.0
Qwen2.5-VL-3B,A2->A5,confidence,Q5,into_U,1150,0,0.0,0.0,0.0
Qwen2.5-VL-3B,A2->A5,confidence,Q5,into_Ur,1150,0,0.0,0.0,0.0
Qwen2.5-VL-3B,A2->A5,box_area,Q1,changed,1150,2,0.0017391304347826088,0.0,0.004413160127121154
Qwen2.5-VL-3B,A2->A5,box_area,Q1,toward_rejection,1150,0,0.0,0.0,0.0
Qwen2.5-VL-3B,A2->A5,box_area,Q1,into_U,1150,0,0.0,0.0,0.0
Qwen2.5-VL-3B,A2->A5,box_area,Q1,into_Ur,1150,0,0.0,0.0,0.0
Qwen2.5-VL-3B,A2->A5,box_area,Q2,changed,1149,0,0.0,0.0,0.0
Qwen2.5-VL-3B,A2->A5,box_area,Q2,toward_rejection,1149,0,0.0,0.0,0.0
Qwen2.5-VL-3B,A2->A5,box_area,Q2,into_U,1149,0,0.0,0.0,0.0
Qwen2.5-VL-3B,A2->A5,box_area,Q2,into_Ur,1149,0,0.0,0.0,0.0
Qwen2.5-VL-3B,A2->A5,box_area,Q3,changed,1149,0,0.0,0.0,0.0
Qwen2.5-VL-3B,A2->A5,box_area,Q3,toward_rejection,1149,0,0.0,0.0,0.0
Qwen2.5-VL-3B,A2->A5,box_area,Q3,into_U,1149,0,0.0,0.0,0.0
Qwen2.5-VL-3B,A2->A5,box_area,Q3,into_Ur,1149,0,0.0,0.0,0.0
Qwen2.5-VL-3B,A2->A5,box_area,Q4,changed,1149,0,0.0,0.0,0.0
Qwen2.5-VL-3B,A2->A5,box_area,Q4,toward_rejection,1149,0,0.0,0.0,0.0
Qwen2.5-VL-3B,A2->A5,box_area,Q4,into_U,1149,0,0.0,0.0,0.0
Qwen2.5-VL-3B,A2->A5,box_area,Q4,into_Ur,1149,0,0.0,0.0,0.0
Qwen2.5-VL-3B,A2->A5,box_area,Q5,changed,1150,1,0.0008695652173913044,0.0,0.002785515320334262
Qwen2.5-VL-3B,A2->A5,box_area,Q5,toward_rejection,1150,0,0.0,0.0,0.0
Qwen2.5-VL-3B,A2->A5,box_area,Q5,into_U,1150,0,0.0,0.0,0.0
Qwen2.5-VL-3B,A2->A5,box_area,Q5,into_Ur,1150,0,0.0,0.0,0.0
InternVL3.5-2B,A1->A5,confidence,Q1,changed,1071,0,0.0,0.0,0.0
InternVL3.5-2B,A1->A5,confidence,Q1,toward_rejection,1071,0,0.0,0.0,0.0
InternVL3.5-2B,A1->A5,confidence,Q1,into_U,1071,0,0.0,0.0,0.0
InternVL3.5-2B,A1->A5,confidence,Q1,into_Ur,1071,0,0.0,0.0,0.0
InternVL3.5-2B,A1->A5,confidence,Q2,changed,1140,0,0.0,0.0,0.0
InternVL3.5-2B,A1->A5,confidence,Q2,toward_rejection,1140,0,0.0,0.0,0.0
InternVL3.5-2B,A1->A5,confidence,Q2,into_U,1140,0,0.0,0.0,0.0
InternVL3.5-2B,A1->A5,confidence,Q2,into_Ur,1140,0,0.0,0.0,0.0
InternVL3.5-2B,A1->A5,confidence,Q3,changed,1143,0,0.0,0.0,0.0
InternVL3.5-2B,A1->A5,confidence,Q3,toward_rejection,1143,0,0.0,0.0,0.0
InternVL3.5-2B,A1->A5,confidence,Q3,into_U,1143,0,0.0,0.0,0.0
InternVL3.5-2B,A1->A5,confidence,Q3,into_Ur,1143,0,0.0,0.0,0.0
InternVL3.5-2B,A1->A5,confidence,Q4,changed,1147,0,0.0,0.0,0.0
InternVL3.5-2B,A1->A5,confidence,Q4,toward_rejection,1147,0,0.0,0.0,0.0
InternVL3.5-2B,A1->A5,confidence,Q4,into_U,1147,0,0.0,0.0,0.0
InternVL3.5-2B,A1->A5,confidence,Q4,into_Ur,1147,0,0.0,0.0,0.0
InternVL3.5-2B,A1->A5,confidence,Q5,changed,1149,0,0.0,0.0,0.0
InternVL3.5-2B,A1->A5,confidence,Q5,toward_rejection,1149,0,0.0,0.0,0.0
InternVL3.5-2B,A1->A5,confidence,Q5,into_U,1149,0,0.0,0.0,0.0
InternVL3.5-2B,A1->A5,confidence,Q5,into_Ur,1149,0,0.0,0.0,0.0
InternVL3.5-2B,A1->A5,box_area,Q1,changed,1109,0,0.0,0.0,0.0
InternVL3.5-2B,A1->A5,box_area,Q1,toward_rejection,1109,0,0.0,0.0,0.0
InternVL3.5-2B,A1->A5,box_area,Q1,into_U,1109,0,0.0,0.0,0.0
InternVL3.5-2B,A1->A5,box_area,Q1,into_Ur,1109,0,0.0,0.0,0.0
InternVL3.5-2B,A1->A5,box_area,Q2,changed,1124,0,0.0,0.0,0.0
InternVL3.5-2B,A1->A5,box_area,Q2,toward_rejection,1124,0,0.0,0.0,0.0
InternVL3.5-2B,A1->A5,box_area,Q2,into_U,1124,0,0.0,0.0,0.0
InternVL3.5-2B,A1->A5,box_area,Q2,into_Ur,1124,0,0.0,0.0,0.0
InternVL3.5-2B,A1->A5,box_area,Q3,changed,1131,0,0.0,0.0,0.0
InternVL3.5-2B,A1->A5,box_area,Q3,toward_rejection,1131,0,0.0,0.0,0.0
InternVL3.5-2B,A1->A5,box_area,Q3,into_U,1131,0,0.0,0.0,0.0
InternVL3.5-2B,A1->A5,box_area,Q3,into_Ur,1131,0,0.0,0.0,0.0
InternVL3.5-2B,A1->A5,box_area,Q4,changed,1139,0,0.0,0.0,0.0
InternVL3.5-2B,A1->A5,box_area,Q4,toward_rejection,1139,0,0.0,0.0,0.0
InternVL3.5-2B,A1->A5,box_area,Q4,into_U,1139,0,0.0,0.0,0.0
InternVL3.5-2B,A1->A5,box_area,Q4,into_Ur,1139,0,0.0,0.0,0.0
InternVL3.5-2B,A1->A5,box_area,Q5,changed,1147,0,0.0,0.0,0.0
InternVL3.5-2B,A1->A5,box_area,Q5,toward_rejection,1147,0,0.0,0.0,0.0
InternVL3.5-2B,A1->A5,box_area,Q5,into_U,1147,0,0.0,0.0,0.0
InternVL3.5-2B,A1->A5,box_area,Q5,into_Ur,1147,0,0.0,0.0,0.0
InternVL3.5-2B,A2->A5,confidence,Q1,changed,1057,0,0.0,0.0,0.0
InternVL3.5-2B,A2->A5,confidence,Q1,toward_rejection,1057,0,0.0,0.0,0.0
InternVL3.5-2B,A2->A5,confidence,Q1,into_U,1057,0,0.0,0.0,0.0
InternVL3.5-2B,A2->A5,confidence,Q1,into_Ur,1057,0,0.0,0.0,0.0
InternVL3.5-2B,A2->A5,confidence,Q2,changed,1139,0,0.0,0.0,0.0
InternVL3.5-2B,A2->A5,confidence,Q2,toward_rejection,1139,0,0.0,0.0,0.0
InternVL3.5-2B,A2->A5,confidence,Q2,into_U,1139,0,0.0,0.0,0.0
InternVL3.5-2B,A2->A5,confidence,Q2,into_Ur,1139,0,0.0,0.0,0.0
InternVL3.5-2B,A2->A5,confidence,Q3,changed,1129,0,0.0,0.0,0.0
InternVL3.5-2B,A2->A5,confidence,Q3,toward_rejection,1129,0,0.0,0.0,0.0
InternVL3.5-2B,A2->A5,confidence,Q3,into_U,1129,0,0.0,0.0,0.0
InternVL3.5-2B,A2->A5,confidence,Q3,into_Ur,1129,0,0.0,0.0,0.0
InternVL3.5-2B,A2->A5,confidence,Q4,changed,1073,0,0.0,0.0,0.0
InternVL3.5-2B,A2->A5,confidence,Q4,toward_rejection,1073,0,0.0,0.0,0.0
InternVL3.5-2B,A2->A5,confidence,Q4,into_U,1073,0,0.0,0.0,0.0
InternVL3.5-2B,A2->A5,confidence,Q4,into_Ur,1073,0,0.0,0.0,0.0
InternVL3.5-2B,A2->A5,confidence,Q5,changed,1046,0,0.0,0.0,0.0
InternVL3.5-2B,A2->A5,confidence,Q5,toward_rejection,1046,0,0.0,0.0,0.0
InternVL3.5-2B,A2->A5,confidence,Q5,into_U,1046,0,0.0,0.0,0.0
InternVL3.5-2B,A2->A5,confidence,Q5,into_Ur,1046,0,0.0,0.0,0.0
InternVL3.5-2B,A2->A5,box_area,Q1,changed,1096,0,0.0,0.0,0.0
InternVL3.5-2B,A2->A5,box_area,Q1,toward_rejection,1096,0,0.0,0.0,0.0
InternVL3.5-2B,A2->A5,box_area,Q1,into_U,1096,0,0.0,0.0,0.0
InternVL3.5-2B,A2->A5,box_area,Q1,into_Ur,1096,0,0.0,0.0,0.0
InternVL3.5-2B,A2->A5,box_area,Q2,changed,1113,0,0.0,0.0,0.0
InternVL3.5-2B,A2->A5,box_area,Q2,toward_rejection,1113,0,0.0,0.0,0.0
InternVL3.5-2B,A2->A5,box_area,Q2,into_U,1113,0,0.0,0.0,0.0
InternVL3.5-2B,A2->A5,box_area,Q2,into_Ur,1113,0,0.0,0.0,0.0
InternVL3.5-2B,A2->A5,box_area,Q3,changed,1102,0,0.0,0.0,0.0
InternVL3.5-2B,A2->A5,box_area,Q3,toward_rejection,1102,0,0.0,0.0,0.0
InternVL3.5-2B,A2->A5,box_area,Q3,into_U,1102,0,0.0,0.0,0.0
InternVL3.5-2B,A2->A5,box_area,Q3,into_Ur,1102,0,0.0,0.0,0.0
InternVL3.5-2B,A2->A5,box_area,Q4,changed,1066,0,0.0,0.0,0.0
InternVL3.5-2B,A2->A5,box_area,Q4,toward_rejection,1066,0,0.0,0.0,0.0
InternVL3.5-2B,A2->A5,box_area,Q4,into_U,1066,0,0.0,0.0,0.0
InternVL3.5-2B,A2->A5,box_area,Q4,into_Ur,1066,0,0.0,0.0,0.0
InternVL3.5-2B,A2->A5,box_area,Q5,changed,1067,0,0.0,0.0,0.0
InternVL3.5-2B,A2->A5,box_area,Q5,toward_rejection,1067,0,0.0,0.0,0.0
InternVL3.5-2B,A2->A5,box_area,Q5,into_U,1067,0,0.0,0.0,0.0
InternVL3.5-2B,A2->A5,box_area,Q5,into_Ur,1067,0,0.0,0.0,0.0
InternVL3.5-4B,A1->A5,confidence,Q1,changed,1150,494,0.4295652173913043,0.39770017258214685,0.4596230399376245
InternVL3.5-4B,A1->A5,confidence,Q1,toward_rejection,1150,229,0.1991304347826087,0.17180598890467588,0.22530641841682902
InternVL3.5-4B,A1->A5,confidence,Q1,into_U,1150,285,0.24782608695652175,0.22160745669093648,0.2712911087523508
InternVL3.5-4B,A1->A5,confidence,Q1,into_Ur,1150,187,0.16260869565217392,0.13970461460446248,0.1871640474015523
InternVL3.5-4B,A1->A5,confidence,Q2,changed,1149,524,0.4560487380330722,0.42610322957523156,0.4857409055139234
InternVL3.5-4B,A1->A5,confidence,Q2,toward_rejection,1149,298,0.25935596170583114,0.2306300277547337,0.2891992280787972
InternVL3.5-4B,A1->A5,confidence,Q2,into_U,1149,243,0.21148825065274152,0.18581254332794142,0.2362914775245693
InternVL3.5-4B,A1->A5,confidence,Q2,into_Ur,1149,245,0.21322889469103568,0.18625053231211697,0.2412928886642361
InternVL3.5-4B,A1->A5,confidence,Q3,changed,1149,628,0.546562228024369,0.516664364640884,0.5774891774891775
InternVL3.5-4B,A1->A5,confidence,Q3,toward_rejection,1149,484,0.4212358572671889,0.3898581592804029,0.45347796761605264
InternVL3.5-4B,A1->A5,confidence,Q3,into_U,1149,181,0.15752828546562228,0.1356966971109401,0.17873776051827753
InternVL3.5-4B,A1->A5,confidence,Q3,into_Ur,1149,420,0.36553524804177545,0.33738622668460994,0.39600388885478305
InternVL3.5-4B,A1->A5,confidence,Q4,changed,1149,685,0.5961705831157529,0.5635881977457715,0.6274718089575582
InternVL3.5-4B,A1->A5,confidence,Q4,toward_rejection,1149,608,0.5291557876414273,0.49621385257257855,0.5604639355742297
InternVL3.5-4B,A1->A5,confidence,Q4,into_U,1149,105,0.09138381201044386,0.07484880812840611,0.1092677769761103
InternVL3.5-4B,A1->A5,confidence,Q4,into_Ur,1149,557,0.48476936466492604,0.452859477124183,0.5162322872863628
InternVL3.5-4B,A1->A5,confidence,Q5,changed,1150,803,0.6982608695652174,0.6669478085351788,0.7275134077245794
InternVL3.5-4B,A1->A5,confidence,Q5,toward_rejection,1150,770,0.6695652173913044,0.6371180286844637,0.700609225413403
InternVL3.5-4B,A1->A5,confidence,Q5,into_U,1150,37,0.03217391304347826,0.023049344863070354,0.04231524937192399
InternVL3.5-4B,A1->A5,confidence,Q5,into_Ur,1150,747,0.6495652173913044,0.6166020622639211,0.6808901232249185
InternVL3.5-4B,A1->A5,box_area,Q1,changed,1150,492,0.42782608695652175,0.39980457190917557,0.4560459650039175
InternVL3.5-4B,A1->A5,box_area,Q1,toward_rejection,1150,155,0.13478260869565217,0.11313829468645115,0.15895994411085831
InternVL3.5-4B,A1->A5,box_area,Q1,into_U,1150,349,0.3034782608695652,0.27472275220605774,0.33049510936052956
InternVL3.5-4B,A1->A5,box_area,Q1,into_Ur,1150,116,0.10086956521739131,0.08149945413261049,0.12173951967615118
InternVL3.5-4B,A1->A5,box_area,Q2,changed,1149,543,0.4725848563968668,0.4417744752308984,0.502644893825185
InternVL3.5-4B,A1->A5,box_area,Q2,toward_rejection,1149,342,0.29765013054830286,0.26708605532386703,0.32924241734267007
InternVL3.5-4B,A1->A5,box_area,Q2,into_U,1149,215,0.18711923411662315,0.1626873563218391,0.21207027168234066
InternVL3.5-4B,A1->A5,box_area,Q2,into_Ur,1149,295,0.25674499564838993,0.22842086424573732,0.2857142857142857
InternVL3.5-4B,A1->A5,box_area,Q3,changed,1149,602,0.5239338555265448,0.4918030496386502,0.558017486784835
InternVL3.5-4B,A1->A5,box_area,Q3,toward_rejection,1149,486,0.42297650130548303,0.3893237147751741,0.45747993741279325
InternVL3.5-4B,A1->A5,box_area,Q3,into_U,1149,151,0.13141862489120976,0.11138571705244495,0.15291038698637197
InternVL3.5-4B,A1->A5,box_area,Q3,into_Ur,1149,425,0.3698868581375109,0.3375391181756212,0.40244122567579466
InternVL3.5-4B,A1->A5,box_area,Q4,changed,1149,723,0.6292428198433421,0.5982220238095238,0.6609003984301021
InternVL3.5-4B,A1->A5,box_area,Q4,toward_rejection,1149,668,0.5813751087902524,0.5485696649029983,0.6136159780881492
InternVL3.5-4B,A1->A5,box_area,Q4,into_U,1149,77,0.0670147954743255,0.05185122250542811,0.08277176416062308
InternVL3.5-4B,A1->A5,box_area,Q4,into_Ur,1149,627,0.5456919060052219,0.51331856034073,0.5766150669227674
InternVL3.5-4B,A1->A5,box_area,Q5,changed,1150,774,0.6730434782608695,0.6409361596929253,0.7041722972972974
InternVL3.5-4B,A1->A5,box_area,Q5,toward_rejection,1150,738,0.6417391304347826,0.6097757685290608,0.672021582021582
InternVL3.5-4B,A1->A5,box_area,Q5,into_U,1150,59,0.051304347826086956,0.0391509151752773,0.06427254928436403
InternVL3.5-4B,A1->A5,box_area,Q5,into_Ur,1150,693,0.6026086956521739,0.570188599115665,0.6340393590721102
InternVL3.5-4B,A2->A5,confidence,Q1,changed,1150,427,0.37130434782608696,0.3430776200912108,0.39905619741264514
InternVL3.5-4B,A2->A5,confidence,Q1,toward_rejection,1150,100,0.08695652173913043,0.07096023492269836,0.10400701457987192
InternVL3.5-4B,A2->A5,confidence,Q1,into_U,1150,318,0.27652173913043476,0.2491286120584578,0.3017392930716687
InternVL3.5-4B,A2->A5,confidence,Q1,into_Ur,1150,81,0.07043478260869565,0.05511026965002869,0.08628127696289906
InternVL3.5-4B,A2->A5,confidence,Q2,changed,1149,432,0.37597911227154046,0.34633303646903724,0.4065270429159318
InternVL3.5-4B,A2->A5,confidence,Q2,toward_rejection,1149,159,0.13838120104438642,0.1161649587130309,0.16304587454949773
InternVL3.5-4B,A2->A5,confidence,Q2,into_U,1149,268,0.23324630113141862,0.20640494757457786,0.2601629613641269
InternVL3.5-4B,A2->A5,confidence,Q2,into_Ur,1149,122,0.1061792863359443,0.08684536134346155,0.12858604716955713
InternVL3.5-4B,A2->A5,confidence,Q3,changed,1149,499,0.43429068755439515,0.40351289877987945,0.4669659636468771
InternVL3.5-4B,A2->A5,confidence,Q3,toward_rejection,1149,320,0.278503046127067,0.24935471835333958,0.30651051368960536
InternVL3.5-4B,A2->A5,confidence,Q3,into_U,1149,199,0.1731940818102698,0.14979649409940562,0.19630474874131665
InternVL3.5-4B,A2->A5,confidence,Q3,into_Ur,1149,269,0.23411662315056572,0.20749071167517577,0.26094602458718263
InternVL3.5-4B,A2->A5,confidence,Q4,changed,1149,532,0.4630113141862489,0.43117428303403915,0.496954268533903
InternVL3.5-4B,A2->A5,confidence,Q4,toward_rejection,1149,435,0.3785900783289817,0.34731368277685737,0.41320128375651966
InternVL3.5-4B,A2->A5,confidence,Q4,into_U,1149,115,0.10008703220191471,0.08296923754134058,0.11871771344258346
InternVL3.5-4B,A2->A5,confidence,Q4,into_Ur,1149,392,0.3411662315056571,0.3112107623318386,0.3755207558001637
InternVL3.5-4B,A2->A5,confidence,Q5,changed,1150,620,0.5391304347826087,0.5057291807983094,0.5729173574270556
InternVL3.5-4B,A2->A5,confidence,Q5,toward_rejection,1150,575,0.5,0.46615556157902516,0.5340739281658149
InternVL3.5-4B,A2->A5,confidence,Q5,into_U,1150,39,0.03391304347826087,0.024302430243024302,0.04440642620429863
InternVL3.5-4B,A2->A5,confidence,Q5,into_Ur,1150,557,0.48434782608695653,0.4498668870336754,0.5182873795174169
InternVL3.5-4B,A2->A5,box_area,Q1,changed,1150,443,0.38521739130434784,0.3571381702287214,0.4135211432951567
InternVL3.5-4B,A2->A5,box_area,Q1,toward_rejection,1150,52,0.04521739130434783,0.032533719936442204,0.05944127921483822
InternVL3.5-4B,A2->A5,box_area,Q1,into_U,1150,381,0.331304347826087,0.302367387826219,0.35946312075622416
InternVL3.5-4B,A2->A5,box_area,Q1,into_Ur,1150,32,0.02782608695652174,0.018356242556570066,0.038952006803295594
InternVL3.5-4B,A2->A5,box_area,Q2,changed,1149,430,0.3742384682332463,0.34357611480146555,0.4042381375032411
InternVL3.5-4B,A2->A5,box_area,Q2,toward_rejection,1149,181,0.15752828546562228,0.13390285737723867,0.1821407095144367
InternVL3.5-4B,A2->A5,box_area,Q2,into_U,1149,243,0.21148825065274152,0.18598271273514966,0.23625618652245778
InternVL3.5-4B,A2->A5,box_area,Q2,into_Ur,1149,148,0.1288076588337685,0.10844232371684841,0.1508740457399248
InternVL3.5-4B,A2->A5,box_area,Q3,changed,1149,482,0.4194952132288947,0.38683674551016084,0.452772311866343
InternVL3.5-4B,A2->A5,box_area,Q3,toward_rejection,1149,333,0.2898172323759791,0.25953793756148585,0.3237044631315733
InternVL3.5-4B,A2->A5,box_area,Q3,into_U,1149,168,0.1462140992167102,0.12551506112103936,0.16853582594433905
InternVL3.5-4B,A2->A5,box_area,Q3,into_Ur,1149,287,0.24978241949521324,0.2209235056698059,0.28139378503118845
InternVL3.5-4B,A2->A5,box_area,Q4,changed,1149,566,0.4926022628372498,0.46048145729213996,0.5260953039391343
InternVL3.5-4B,A2->A5,box_area,Q4,toward_rejection,1149,490,0.42645778938207135,0.3940946149882214,0.45963413731873337
InternVL3.5-4B,A2->A5,box_area,Q4,into_U,1149,84,0.0731070496083551,0.05714031066972243,0.08972153619755105
InternVL3.5-4B,A2->A5,box_area,Q4,into_Ur,1149,454,0.3951261966927763,0.3637152717212425,0.42684094742677847
InternVL3.5-4B,A2->A5,box_area,Q5,changed,1150,589,0.5121739130434783,0.475061813748195,0.5492601619087555
InternVL3.5-4B,A2->A5,box_area,Q5,toward_rejection,1150,533,0.46347826086956523,0.4255874673629243,0.5008566516925365
InternVL3.5-4B,A2->A5,box_area,Q5,into_U,1150,63,0.05478260869565217,0.04202221474893677,0.06808603549196321
InternVL3.5-4B,A2->A5,box_area,Q5,into_Ur,1150,500,0.43478260869565216,0.39852654104153884,0.47103643289907604
InternVL3.5-14B,A1->A5,confidence,Q1,changed,1150,669,0.5817391304347826,0.5494022786279135,0.6121124412102142
InternVL3.5-14B,A1->A5,confidence,Q1,toward_rejection,1150,433,0.3765217391304348,0.3427996730008461,0.40844509804813606
InternVL3.5-14B,A1->A5,confidence,Q1,into_U,1150,445,0.3869565217391304,0.35676510524759814,0.4172965498234212
InternVL3.5-14B,A1->A5,confidence,Q1,into_Ur,1150,179,0.15565217391304348,0.13351574278436024,0.1781562704876431
InternVL3.5-14B,A1->A5,confidence,Q2,changed,1149,575,0.5004351610095735,0.46890998637965653,0.5292598967297762
InternVL3.5-14B,A1->A5,confidence,Q2,toward_rejection,1149,454,0.3951261966927763,0.36477791354721795,0.42515105781184687
InternVL3.5-14B,A1->A5,confidence,Q2,into_U,1149,291,0.25326370757180156,0.22647671006785255,0.28066621229248395
InternVL3.5-14B,A1->A5,confidence,Q2,into_Ur,1149,239,0.20800696257615317,0.1826717561248907,0.23314247846634378
InternVL3.5-14B,A1->A5,confidence,Q3,changed,1149,441,0.3838120104438642,0.3555310932879002,0.41314512321782637
InternVL3.5-14B,A1->A5,confidence,Q3,toward_rejection,1149,383,0.3333333333333333,0.30535614739034556,0.36197452487050574
InternVL3.5-14B,A1->A5,confidence,Q3,into_U,1149,167,0.1453437771975631,0.12368350311262026,0.16737937177104303
InternVL3.5-14B,A1->A5,confidence,Q3,into_Ur,1149,252,0.2193211488250653,0.19521827938539923,0.24378412813978884
InternVL3.5-14B,A1->A5,confidence,Q4,changed,1149,300,0.26109660574412535,0.23354373309287646,0.2874102184983079
InternVL3.5-14B,A1->A5,confidence,Q4,toward_rejection,1149,287,0.24978241949521324,0.22367744932035183,0.27484359211966053
InternVL3.5-14B,A1->A5,confidence,Q4,into_U,1149,61,0.05308964316797215,0.040070327134129564,0.06733188073587076
InternVL3.5-14B,A1->A5,confidence,Q4,into_Ur,1149,233,0.20278503046127067,0.17876575976101375,0.22635457205780307
InternVL3.5-14B,A1->A5,confidence,Q5,changed,1150,168,0.14608695652173914,0.12583864838437264,0.16849391971703995
InternVL3.5-14B,A1->A5,confidence,Q5,toward_rejection,1150,165,0.14347826086956522,0.12287765456998519,0.1654877827780966
InternVL3.5-14B,A1->A5,confidence,Q5,into_U,1150,11,0.009565217391304347,0.0042661206788695595,0.01537579511215264
InternVL3.5-14B,A1->A5,confidence,Q5,into_Ur,1150,155,0.13478260869565217,0.11490806177201937,0.15622445720853587
InternVL3.5-14B,A1->A5,box_area,Q1,changed,1150,693,0.6026086956521739,0.5722471472220491,0.6325626145799633
InternVL3.5-14B,A1->A5,box_area,Q1,toward_rejection,1150,423,0.36782608695652175,0.33421667979575564,0.39898174943525
InternVL3.5-14B,A1->A5,box_area,Q1,into_U,1150,493,0.42869565217391303,0.3969938529277021,0.4611299804338128
InternVL3.5-14B,A1->A5,box_area,Q1,into_Ur,1150,146,0.12695652173913044,0.10601710983649068,0.14630209929738522
InternVL3.5-14B,A1->A5,box_area,Q2,changed,1149,542,0.47171453437771976,0.4403487886382623,0.503460357534797
InternVL3.5-14B,A1->A5,box_area,Q2,toward_rejection,1149,437,0.3803307223672759,0.3501325127359463,0.410732371415929
InternVL3.5-14B,A1->A5,box_area,Q2,into_U,1149,276,0.2402088772845953,0.21402710560472746,0.2679529823130717
InternVL3.5-14B,A1->A5,box_area,Q2,into_Ur,1149,225,0.195822454308094,0.17163117705184272,0.22184014215325198
InternVL3.5-14B,A1->A5,box_area,Q3,changed,1149,391,0.34029590948651,0.3120746833216045,0.3694896613287861
InternVL3.5-14B,A1->A5,box_area,Q3,toward_rejection,1149,349,0.30374238468233244,0.2762670616469176,0.3316330504533829
InternVL3.5-14B,A1->A5,box_area,Q3,into_U,1149,124,0.10791993037423847,0.08996275926596817,0.12702533436753177
InternVL3.5-14B,A1->A5,box_area,Q3,into_Ur,1149,252,0.2193211488250653,0.19466474694589878,0.24416569245542982
InternVL3.5-14B,A1->A5,box_area,Q4,changed,1149,265,0.23063533507397738,0.20278212696829603,0.2596783544721388
InternVL3.5-14B,A1->A5,box_area,Q4,toward_rejection,1149,257,0.22367275892080069,0.19689464200314272,0.2526933185878838
InternVL3.5-14B,A1->A5,box_area,Q4,into_U,1149,56,0.04873803307223673,0.035964262070270016,0.06305596218692419
InternVL3.5-14B,A1->A5,box_area,Q4,into_Ur,1149,204,0.17754569190600522,0.15182842299358,0.20487469310971526
InternVL3.5-14B,A1->A5,box_area,Q5,changed,1150,262,0.22782608695652173,0.2008965633556887,0.2548162038335122
InternVL3.5-14B,A1->A5,box_area,Q5,toward_rejection,1150,256,0.22260869565217392,0.19634673804179942,0.24937234946401773
InternVL3.5-14B,A1->A5,box_area,Q5,into_U,1150,26,0.022608695652173914,0.014096606068126823,0.03175897512966406
InternVL3.5-14B,A1->A5,box_area,Q5,into_Ur,1150,231,0.2008695652173913,0.1761891233766234,0.226962814509088
InternVL3.5-14B,A2->A5,confidence,Q1,changed,1150,645,0.5608695652173913,0.5304414811543181,0.5912393203325543
InternVL3.5-14B,A2->A5,confidence,Q1,toward_rejection,1150,471,0.40956521739130436,0.376409124084047,0.4409685639641955
InternVL3.5-14B,A2->A5,confidence,Q1,into_U,1150,404,0.35130434782608694,0.3218371339309177,0.3805394557317438
InternVL3.5-14B,A2->A5,confidence,Q1,into_Ur,1150,201,0.17478260869565218,0.15175041993281074,0.19756976379256982
InternVL3.5-14B,A2->A5,confidence,Q2,changed,1149,557,0.48476936466492604,0.45262642380204243,0.5143397733759103
InternVL3.5-14B,A2->A5,confidence,Q2,toward_rejection,1149,490,0.42645778938207135,0.3954464727621904,0.4570738625738071
InternVL3.5-14B,A2->A5,confidence,Q2,into_U,1149,274,0.23846823324630112,0.21130426879933528,0.26638366459809143
InternVL3.5-14B,A2->A5,confidence,Q2,into_Ur,1149,255,0.22193211488250653,0.19546729849853414,0.24781961784579584
InternVL3.5-14B,A2->A5,confidence,Q3,changed,1149,437,0.3803307223672759,0.3525232593366897,0.40847901002764486
InternVL3.5-14B,A2->A5,confidence,Q3,toward_rejection,1149,407,0.35422106179286333,0.3259656692928271,0.3816853208032452
InternVL3.5-14B,A2->A5,confidence,Q3,into_U,1149,164,0.14273281114012185,0.12188130411932242,0.1650241180802702
InternVL3.5-14B,A2->A5,confidence,Q3,into_Ur,1149,261,0.22715404699738903,0.20326800627915798,0.25179151985906467
InternVL3.5-14B,A2->A5,confidence,Q4,changed,1149,297,0.2584856396866841,0.23189341600553426,0.2843737341283232
InternVL3.5-14B,A2->A5,confidence,Q4,toward_rejection,1149,292,0.25413402959094866,0.22794648195378897,0.27947213840522356
InternVL3.5-14B,A2->A5,confidence,Q4,into_U,1149,61,0.05308964316797215,0.04077621516808645,0.06666809238665525
InternVL3.5-14B,A2->A5,confidence,Q4,into_Ur,1149,234,0.20365535248041775,0.18006861248140318,0.22750888389634313
InternVL3.5-14B,A2->A5,confidence,Q5,changed,1150,167,0.14521739130434783,0.1248929762896073,0.16726034081378302
InternVL3.5-14B,A2->A5,confidence,Q5,toward_rejection,1150,165,0.14347826086956522,0.12287765456998519,0.1654877827780966
InternVL3.5-14B,A2->A5,confidence,Q5,into_U,1150,11,0.009565217391304347,0.0042661206788695595,0.01537579511215264
InternVL3.5-14B,A2->A5,confidence,Q5,into_Ur,1150,155,0.13478260869565217,0.11490806177201937,0.15622445720853587
InternVL3.5-14B,A2->A5,box_area,Q1,changed,1150,671,0.5834782608695652,0.552772808586762,0.6139925934684927
InternVL3.5-14B,A2->A5,box_area,Q1,toward_rejection,1150,476,0.41391304347826086,0.38112826702346025,0.44534939681429603
InternVL3.5-14B,A2->A5,box_area,Q1,into_U,1150,454,0.3947826086956522,0.36408195398868726,0.4276957822734132
InternVL3.5-14B,A2->A5,box_area,Q1,into_Ur,1150,174,0.15130434782608695,0.12959358419770517,0.17208992170157458
InternVL3.5-14B,A2->A5,box_area,Q2,changed,1149,520,0.4525674499564839,0.42240546662209194,0.4821228161517991
InternVL3.5-14B,A2->A5,box_area,Q2,toward_rejection,1149,468,0.4073107049608355,0.3772438137661958,0.43658357351348376
InternVL3.5-14B,A2->A5,box_area,Q2,into_U,1149,261,0.22715404699738903,0.20177527009501062,0.2536815907869997
InternVL3.5-14B,A2->A5,box_area,Q2,into_Ur,1149,234,0.20365535248041775,0.17893732546790897,0.22908128129703778
InternVL3.5-14B,A2->A5,box_area,Q3,changed,1149,388,0.33768494342906874,0.3088235294117647,0.3679251617371328
InternVL3.5-14B,A2->A5,box_area,Q3,toward_rejection,1149,363,0.31592689295039167,0.2881097270772816,0.34477694552166455
InternVL3.5-14B,A2->A5,box_area,Q3,into_U,1149,117,0.10182767624020887,0.08396914837587964,0.12132310335326109
InternVL3.5-14B,A2->A5,box_area,Q3,into_Ur,1149,261,0.22715404699738903,0.20265486725663717,0.25231325963585194
InternVL3.5-14B,A2->A5,box_area,Q4,changed,1149,266,0.23150565709312446,0.2031763117748605,0.26106767967242994
InternVL3.5-14B,A2->A5,box_area,Q4,toward_rejection,1149,261,0.22715404699738903,0.19947656770295444,0.25699352118469765
InternVL3.5-14B,A2->A5,box_area,Q4,into_U,1149,56,0.04873803307223673,0.035181566337226716,0.06317946935912531
InternVL3.5-14B,A2->A5,box_area,Q4,into_Ur,1149,206,0.17928633594429938,0.15363603425559946,0.20655032098376713
InternVL3.5-14B,A2->A5,box_area,Q5,changed,1150,258,0.22434782608695653,0.1989290410712506,0.25192052322212105
InternVL3.5-14B,A2->A5,box_area,Q5,toward_rejection,1150,257,0.2234782608695652,0.19778150486565554,0.25022847577768537
InternVL3.5-14B,A2->A5,box_area,Q5,into_U,1150,26,0.022608695652173914,0.013949433304272014,0.03208236595060958
InternVL3.5-14B,A2->A5,box_area,Q5,into_Ur,1150,231,0.2008695652173913,0.1761891233766234,0.226962814509088
