model,model_key,pair,property,event,n_paired,single_label_both,majority_ge_0.99_from,majority_ge_0.99_to,status_from,status_to,rate_Q1,rate_Q5,rate_Q2,rate_Q3,rate_Q4,diff_Q1_minus_Q5,ci_low,ci_high,n_undefined,verdict
Qwen2.5-VL-7B,qwen2_5_vl,A1->A5,confidence,changed,5747,False,False,False,full_clean,full_clean,0.74,0.12173913043478261,0.6440382941688425,0.4899912967798085,0.3133159268929504,0.6182608695652174,0.5837307426084192,0.6518868157090107,0,supports
Qwen2.5-VL-7B,qwen2_5_vl,A1->A5,confidence,toward_rejection,5747,False,False,False,full_clean,full_clean,0.697391304347826,0.07652173913043478,0.5422106179286336,0.36640557006092256,0.19495213228894692,0.6208695652173912,0.5870089429529938,0.6518260446579095,0,supports
Qwen2.5-VL-7B,qwen2_5_vl,A1->A5,confidence,into_U,5747,False,False,False,full_clean,full_clean,0.03826086956521739,0.020869565217391306,0.053959965187119235,0.060922541340295906,0.04612706701479547,0.017391304347826084,0.003673129146570204,0.031846989048961924,0,supports
Qwen2.5-VL-7B,qwen2_5_vl,A1->A5,confidence,into_Ur,5747,False,False,False,full_clean,full_clean,0.6634782608695652,0.057391304347826085,0.4960835509138381,0.308964316797215,0.15404699738903394,0.606086956521739,0.5734643009989766,0.6358067379521298,0,supports
Qwen2.5-VL-7B,qwen2_5_vl,A1->A5,box_area,changed,5747,False,False,False,full_clean,full_clean,0.7252173913043478,0.12347826086956522,0.6936466492602262,0.48738033072236725,0.2793733681462141,0.6017391304347826,0.5652862220587275,0.6347798744500132,0,supports
Qwen2.5-VL-7B,qwen2_5_vl,A1->A5,box_area,toward_rejection,5747,False,False,False,full_clean,full_clean,0.671304347826087,0.07565217391304348,0.5691906005221932,0.36553524804177545,0.195822454308094,0.5956521739130435,0.5604984739851883,0.6272711349317984,0,supports
Qwen2.5-VL-7B,qwen2_5_vl,A1->A5,box_area,into_U,5747,False,False,False,full_clean,full_clean,0.025217391304347827,0.026956521739130435,0.05657093124456049,0.06179286335944299,0.04960835509138381,-0.0017391304347826077,-0.014868635922282486,0.011952872972297033,0,null (CI includes 0)
Qwen2.5-VL-7B,qwen2_5_vl,A1->A5,box_area,into_Ur,5747,False,False,False,full_clean,full_clean,0.6547826086956522,0.050434782608695654,0.5204525674499565,0.3063533507397737,0.14795474325500435,0.6043478260869566,0.5700179171714793,0.6350449642788525,0,supports
Qwen2.5-VL-7B,qwen2_5_vl,A2->A5,confidence,changed,5747,False,False,False,full_clean,full_clean,0.8304347826086956,0.09652173913043478,0.6779808529155787,0.4577893820713664,0.25326370757180156,0.7339130434782608,0.703723822908129,0.762733469678474,0,supports
Qwen2.5-VL-7B,qwen2_5_vl,A2->A5,confidence,toward_rejection,5747,False,False,False,full_clean,full_clean,0.7921739130434783,0.08,0.61792863359443,0.40557006092254133,0.21148825065274152,0.7121739130434783,0.6822254104159297,0.7415034868139194,0,supports
Qwen2.5-VL-7B,qwen2_5_vl,A2->A5,confidence,into_U,5747,False,False,False,full_clean,full_clean,0.04434782608695652,0.021739130434782608,0.08006962576153177,0.07397737162750218,0.0557006092254134,0.02260869565217391,0.0076449009021859575,0.03839429183258209,0,supports
Qwen2.5-VL-7B,qwen2_5_vl,A2->A5,confidence,into_Ur,5747,False,False,False,full_clean,full_clean,0.7486956521739131,0.059130434782608696,0.5378590078328982,0.33246301131418626,0.15839860748476936,0.6895652173913044,0.6593394995391646,0.7183272126416849,0,supports
Qwen2.5-VL-7B,qwen2_5_vl,A2->A5,box_area,changed,5747,False,False,False,full_clean,full_clean,0.8252173913043478,0.09913043478260869,0.6971279373368147,0.46040034812880765,0.23411662315056572,0.7260869565217392,0.6946327691936761,0.7576867143740235,0,supports
Qwen2.5-VL-7B,qwen2_5_vl,A2->A5,box_area,toward_rejection,5747,False,False,False,full_clean,full_clean,0.7965217391304348,0.08347826086956522,0.6327241079199304,0.39251523063533506,0.20191470844212359,0.7130434782608696,0.6822007784375387,0.7435742529262679,0,supports
Qwen2.5-VL-7B,qwen2_5_vl,A2->A5,box_area,into_U,5747,False,False,False,full_clean,full_clean,0.03739130434782609,0.03304347826086956,0.07745865970409051,0.07397737162750218,0.053959965187119235,0.004347826086956524,-0.01130039783645631,0.02028742966147489,0,null (CI includes 0)
Qwen2.5-VL-7B,qwen2_5_vl,A2->A5,box_area,into_Ur,5747,False,False,False,full_clean,full_clean,0.7591304347826087,0.051304347826086956,0.556135770234987,0.3202785030461271,0.1496953872932985,0.7078260869565217,0.6767058606459802,0.7359603987592801,0,supports
Qwen3-VL-8B,qwen3_vl,A1->A5,confidence,changed,5747,False,False,False,full_clean,full_clean,0.7539130434782608,0.48782608695652174,0.8398607484769365,0.8442123585726719,0.7458659704090513,0.2660869565217391,0.22599260158825848,0.30713569667756835,0,supports
Qwen3-VL-8B,qwen3_vl,A1->A5,confidence,toward_rejection,5747,False,False,False,full_clean,full_clean,0.45217391304347826,0.44608695652173913,0.6405570060922542,0.6962576153176675,0.6562228024369017,0.006086956521739129,-0.038035714946024146,0.04843393845207228,0,null (CI includes 0)
Qwen3-VL-8B,qwen3_vl,A1->A5,confidence,into_U,5747,False,False,False,full_clean,full_clean,0.6556521739130434,0.44173913043478263,0.7458659704090513,0.7571801566579635,0.6675369886858138,0.2139130434782608,0.17282241675458151,0.2548150364204943,0,supports
Qwen3-VL-8B,qwen3_vl,A1->A5,confidence,into_Ur,5747,False,False,False,full_clean,full_clean,0.09391304347826086,0.036521739130434785,0.08877284595300261,0.08006962576153177,0.06614447345517842,0.05739130434782608,0.03613828226416755,0.07877695880941801,0,supports
Qwen3-VL-8B,qwen3_vl,A1->A5,box_area,changed,5747,False,False,False,full_clean,full_clean,0.7860869565217391,0.5043478260869565,0.8668407310704961,0.8294168842471714,0.6849434290687555,0.2817391304347826,0.24038798243873016,0.3208062502535848,0,supports
Qwen3-VL-8B,qwen3_vl,A1->A5,box_area,toward_rejection,5747,False,False,False,full_clean,full_clean,0.4991304347826087,0.4608695652173913,0.6379460400348129,0.6718885987815492,0.6214099216710183,0.038260869565217404,-0.008341733358232377,0.08442432551632176,0,null (CI includes 0)
Qwen3-VL-8B,qwen3_vl,A1->A5,box_area,into_U,5747,False,False,False,full_clean,full_clean,0.6826086956521739,0.4391304347826087,0.7806788511749347,0.7563098346388164,0.6092254134029591,0.24347826086956514,0.19967829505536527,0.28534307772855166,0,supports
Qwen3-VL-8B,qwen3_vl,A1->A5,box_area,into_Ur,5747,False,False,False,full_clean,full_clean,0.10173913043478261,0.059130434782608696,0.07658833768494343,0.06005221932114883,0.06788511749347259,0.042608695652173914,0.020133162904288102,0.06631106365281227,0,supports
Qwen3-VL-8B,qwen3_vl,A2->A5,confidence,changed,5747,False,False,False,full_clean,full_clean,0.7426086956521739,0.4860869565217391,0.8407310704960835,0.8442123585726719,0.7406440382941688,0.2565217391304348,0.2165837081414067,0.2951267567100339,0,supports
Qwen3-VL-8B,qwen3_vl,A2->A5,confidence,toward_rejection,5747,False,False,False,full_clean,full_clean,0.5478260869565217,0.4678260869565217,0.7258485639686684,0.7650130548302873,0.6936466492602262,0.07999999999999996,0.0362313135759183,0.12256791549125774,0,supports
Qwen3-VL-8B,qwen3_vl,A2->A5,confidence,into_U,5747,False,False,False,full_clean,full_clean,0.591304347826087,0.4408695652173913,0.7275892080069626,0.7467362924281984,0.6675369886858138,0.1504347826086957,0.10987436267894823,0.1913630354357993,0,supports
Qwen3-VL-8B,qwen3_vl,A2->A5,confidence,into_Ur,5747,False,False,False,full_clean,full_clean,0.14695652173913043,0.03826086956521739,0.1114012184508268,0.09399477806788512,0.06614447345517842,0.10869565217391304,0.08391508065829549,0.1333412674767562,0,supports
Qwen3-VL-8B,qwen3_vl,A2->A5,box_area,changed,5747,False,False,False,full_clean,full_clean,0.7817391304347826,0.5069565217391304,0.8529155787641427,0.8215839860748477,0.6910356832027851,0.2747826086956522,0.23525174813507096,0.315222088873278,0,supports
Qwen3-VL-8B,qwen3_vl,A2->A5,box_area,toward_rejection,5747,False,False,False,full_clean,full_clean,0.5939130434782609,0.4826086956521739,0.7171453437771975,0.7493472584856397,0.6570931244560487,0.111304347826087,0.06550616005337777,0.15555583737628215,0,supports
Qwen3-VL-8B,qwen3_vl,A2->A5,box_area,into_U,5747,False,False,False,full_clean,full_clean,0.6330434782608696,0.4373913043478261,0.7502175805047868,0.7406440382941688,0.6127067014795474,0.19565217391304351,0.15037554060960184,0.2380649500680807,0,supports
Qwen3-VL-8B,qwen3_vl,A2->A5,box_area,into_Ur,5747,False,False,False,full_clean,full_clean,0.14695652173913043,0.06434782608695652,0.09660574412532637,0.07571801566579635,0.0731070496083551,0.08260869565217391,0.05636009698533729,0.10895397357045664,0,supports
Qwen3-VL-4B,qwen3_vl_4b,A1->A5,confidence,changed,5747,False,False,False,full_clean,full_clean,0.44782608695652176,0.38869565217391305,0.4821583986074848,0.557006092254134,0.5091383812010444,0.05913043478260871,0.01655515062028163,0.09943739572934986,0,supports
Qwen3-VL-4B,qwen3_vl_4b,A1->A5,confidence,toward_rejection,5747,False,False,False,full_clean,full_clean,0.16869565217391305,0.28,0.23846823324630112,0.37162750217580504,0.34986945169712796,-0.11130434782608697,-0.14780292854020302,-0.07623500299777972,0,reverses
Qwen3-VL-4B,qwen3_vl_4b,A1->A5,confidence,into_U,5747,False,False,False,full_clean,full_clean,0.3139130434782609,0.04695652173913043,0.28807658833768496,0.24369016536118362,0.17754569190600522,0.2669565217391304,0.23756555637495558,0.2964927821562663,0,supports
Qwen3-VL-4B,qwen3_vl_4b,A1->A5,confidence,into_Ur,5747,False,False,False,full_clean,full_clean,0.13043478260869565,0.24782608695652175,0.18189730200174065,0.27763272410791995,0.2628372497824195,-0.1173913043478261,-0.14960237782830457,-0.08409862983962797,0,reverses
Qwen3-VL-4B,qwen3_vl_4b,A1->A5,box_area,changed,5747,False,False,False,full_clean,full_clean,0.42,0.41739130434782606,0.5204525674499565,0.5178416013925152,0.5091383812010444,0.00260869565217392,-0.03757262713572583,0.042846066135132595,0,null (CI includes 0)
Qwen3-VL-4B,qwen3_vl_4b,A1->A5,box_area,toward_rejection,5747,False,False,False,full_clean,full_clean,0.09478260869565218,0.348695652173913,0.23237597911227154,0.3472584856396867,0.3855526544821584,-0.2539130434782608,-0.2882369509995214,-0.21751414830917773,0,reverses
Qwen3-VL-4B,qwen3_vl_4b,A1->A5,box_area,into_U,5747,False,False,False,full_clean,full_clean,0.34347826086956523,0.07478260869565218,0.32114882506527415,0.20974760661444736,0.12097476066144473,0.26869565217391306,0.23673590635338157,0.298910294751175,0,supports
Qwen3-VL-4B,qwen3_vl_4b,A1->A5,box_area,into_Ur,5747,False,False,False,full_clean,full_clean,0.07304347826086957,0.28608695652173916,0.17754569190600522,0.2558746736292428,0.30809399477806787,-0.21304347826086958,-0.24607369543249255,-0.17981953632857034,0,reverses
Qwen3-VL-4B,qwen3_vl_4b,A2->A5,confidence,changed,5747,False,False,False,full_clean,full_clean,0.4765217391304348,0.39043478260869563,0.5317667536988686,0.6161879895561357,0.5378590078328982,0.08608695652173914,0.04445854052740384,0.12625201842183464,0,supports
Qwen3-VL-4B,qwen3_vl_4b,A2->A5,confidence,toward_rejection,5747,False,False,False,full_clean,full_clean,0.22,0.31565217391304345,0.31592689295039167,0.45430809399477806,0.4194952132288947,-0.09565217391304345,-0.13238895585022745,-0.05976602114452585,0,reverses
Qwen3-VL-4B,qwen3_vl_4b,A2->A5,confidence,into_U,5747,False,False,False,full_clean,full_clean,0.3095652173913043,0.050434782608695654,0.30113141862489123,0.2741514360313316,0.19669277632724108,0.25913043478260867,0.2307633994784101,0.2883442227265068,0,supports
Qwen3-VL-4B,qwen3_vl_4b,A2->A5,confidence,into_Ur,5747,False,False,False,full_clean,full_clean,0.1634782608695652,0.2773913043478261,0.2228024369016536,0.3185378590078329,0.2959094865100087,-0.1139130434782609,-0.14723571789889667,-0.07971084547951271,0,reverses
Qwen3-VL-4B,qwen3_vl_4b,A2->A5,box_area,changed,5747,False,False,False,full_clean,full_clean,0.45565217391304347,0.41739130434782606,0.5831157528285466,0.5578764142732812,0.5387293298520452,0.038260869565217404,-0.003134406403935322,0.07944131491479188,0,null (CI includes 0)
Qwen3-VL-4B,qwen3_vl_4b,A2->A5,box_area,toward_rejection,5747,False,False,False,full_clean,full_clean,0.15130434782608695,0.37130434782608696,0.3333333333333333,0.4186248912097476,0.45082680591818974,-0.22,-0.25806061724724705,-0.1800001304628404,0,reverses
Qwen3-VL-4B,qwen3_vl_4b,A2->A5,box_area,into_U,5747,False,False,False,full_clean,full_clean,0.34,0.08608695652173913,0.33246301131418626,0.23759791122715404,0.13577023498694518,0.2539130434782609,0.21966917704705563,0.28489824785445,0,supports
Qwen3-VL-4B,qwen3_vl_4b,A2->A5,box_area,into_Ur,5747,False,False,False,full_clean,full_clean,0.11304347826086956,0.2982608695652174,0.23237597911227154,0.28807658833768496,0.3463881636205396,-0.18521739130434783,-0.21894415895450825,-0.1508549535675047,0,reverses
InternVL3.5-8B,internvl3_5_hf,A1->A5,confidence,changed,5747,False,False,False,full_clean,full_clean,0.2234782608695652,0.39217391304347826,0.32811140121845084,0.45517841601392517,0.5030461270670148,-0.16869565217391305,-0.20618338251961166,-0.13096494037159048,0,reverses
InternVL3.5-8B,internvl3_5_hf,A1->A5,confidence,toward_rejection,5747,False,False,False,full_clean,full_clean,0.1443478260869565,0.3521739130434783,0.26979982593559615,0.4012184508268059,0.4386422976501306,-0.20782608695652177,-0.24290374355807778,-0.1722254677301025,0,reverses
InternVL3.5-8B,internvl3_5_hf,A1->A5,confidence,into_U,5747,False,False,False,full_clean,full_clean,0.18347826086956523,0.32869565217391306,0.2628372497824195,0.3742384682332463,0.402088772845953,-0.14521739130434783,-0.17972384093502802,-0.1084731116258036,0,reverses
InternVL3.5-8B,internvl3_5_hf,A1->A5,confidence,into_Ur,5747,False,False,False,full_clean,full_clean,0.01391304347826087,0.023478260869565216,0.024369016536118365,0.03307223672758921,0.0391644908616188,-0.009565217391304346,-0.0206024032208244,0.00137198978058737,0,null (CI includes 0)
InternVL3.5-8B,internvl3_5_hf,A1->A5,box_area,changed,5747,False,False,False,full_clean,full_clean,0.2,0.4295652173913043,0.3202785030461271,0.47867711053089645,0.4734551784160139,-0.2295652173913043,-0.268679907196491,-0.18894600672824555,0,reverses
InternVL3.5-8B,internvl3_5_hf,A1->A5,box_area,toward_rejection,5747,False,False,False,full_clean,full_clean,0.09217391304347826,0.4078260869565217,0.26457789382071367,0.4151436031331593,0.42645778938207135,-0.31565217391304345,-0.35120407454538294,-0.27928280493236113,0,reverses
InternVL3.5-8B,internvl3_5_hf,A1->A5,box_area,into_U,5747,False,False,False,full_clean,full_clean,0.15565217391304348,0.3773913043478261,0.25326370757180156,0.3751087902523934,0.38990426457789384,-0.2217391304347826,-0.2574918309846278,-0.18463047306862138,0,reverses
InternVL3.5-8B,internvl3_5_hf,A1->A5,box_area,into_Ur,5747,False,False,False,full_clean,full_clean,0.00608695652173913,0.030434782608695653,0.019147084421235857,0.04177545691906005,0.03655352480417755,-0.02434782608695652,-0.035319613497687474,-0.013674606502376717,0,reverses
InternVL3.5-8B,internvl3_5_hf,A2->A5,confidence,changed,5747,False,False,False,full_clean,full_clean,0.1582608695652174,0.4,0.3672758920800696,0.5422106179286336,0.5456919060052219,-0.24173913043478262,-0.27994942905543735,-0.20469262099921437,0,reverses
InternVL3.5-8B,internvl3_5_hf,A2->A5,confidence,toward_rejection,5747,False,False,False,full_clean,full_clean,0.1208695652173913,0.38521739130434784,0.33159268929503916,0.5178416013925152,0.5178416013925152,-0.26434782608695656,-0.3018106874654822,-0.22881877081143226,0,reverses
InternVL3.5-8B,internvl3_5_hf,A2->A5,confidence,into_U,5747,False,False,False,full_clean,full_clean,0.11478260869565217,0.3617391304347826,0.30809399477806787,0.4856396866840731,0.47867711053089645,-0.24695652173913046,-0.2829898918872288,-0.21195259259998972,0,reverses
InternVL3.5-8B,internvl3_5_hf,A2->A5,confidence,into_Ur,5747,False,False,False,full_clean,full_clean,0.01391304347826087,0.023478260869565216,0.024369016536118365,0.03307223672758921,0.0391644908616188,-0.009565217391304346,-0.0206024032208244,0.00137198978058737,0,null (CI includes 0)
InternVL3.5-8B,internvl3_5_hf,A2->A5,box_area,changed,5747,False,False,False,full_clean,full_clean,0.14956521739130435,0.44,0.37946040034812883,0.5369886858137511,0.5073977371627503,-0.29043478260869565,-0.3293616871357933,-0.2519591181382967,0,reverses
InternVL3.5-8B,internvl3_5_hf,A2->A5,box_area,toward_rejection,5747,False,False,False,full_clean,full_clean,0.10782608695652174,0.43217391304347824,0.34812880765883375,0.4978241949521323,0.48738033072236725,-0.3243478260869565,-0.3619296046501882,-0.2858888433174811,0,reverses
InternVL3.5-8B,internvl3_5_hf,A2->A5,box_area,into_U,5747,False,False,False,full_clean,full_clean,0.11043478260869566,0.4017391304347826,0.329852045256745,0.4560487380330722,0.45082680591818974,-0.29130434782608694,-0.328166471715918,-0.2545971307694242,0,reverses
InternVL3.5-8B,internvl3_5_hf,A2->A5,box_area,into_Ur,5747,False,False,False,full_clean,full_clean,0.00608695652173913,0.030434782608695653,0.019147084421235857,0.04177545691906005,0.03655352480417755,-0.02434782608695652,-0.035319613497687474,-0.013674606502376717,0,reverses
GLM-4.6V-Flash,glm_4_6v_flash,A1->A5,confidence,changed,5747,False,False,False,full_clean,full_clean,0.6060869565217392,0.2408695652173913,0.5822454308093995,0.5474325500435161,0.4221061792863359,0.3652173913043478,0.32788231246776023,0.40310957691741484,0,supports
GLM-4.6V-Flash,glm_4_6v_flash,A1->A5,confidence,toward_rejection,5747,False,False,False,full_clean,full_clean,0.35391304347826086,0.16260869565217392,0.4134029590948651,0.41079199303742386,0.31592689295039167,0.19130434782608693,0.15481805592490097,0.22455566306396885,0,supports
GLM-4.6V-Flash,glm_4_6v_flash,A1->A5,confidence,into_U,5747,False,False,False,full_clean,full_clean,0.3826086956521739,0.02434782608695652,0.2845953002610966,0.15839860748476936,0.07658833768494343,0.3582608695652174,0.32875324542110707,0.3881367483052099,0,supports
GLM-4.6V-Flash,glm_4_6v_flash,A1->A5,confidence,into_Ur,5747,False,False,False,full_clean,full_clean,0.19652173913043477,0.14608695652173914,0.25935596170583114,0.32463011314186246,0.2628372497824195,0.05043478260869563,0.020161794705657755,0.08145577509171793,0,supports
GLM-4.6V-Flash,glm_4_6v_flash,A1->A5,box_area,changed,5747,False,False,False,full_clean,full_clean,0.6008695652173913,0.26260869565217393,0.5892080069625761,0.5265448215839861,0.4194952132288947,0.3382608695652174,0.29749932783235983,0.3799172593196899,0,supports
GLM-4.6V-Flash,glm_4_6v_flash,A1->A5,box_area,toward_rejection,5747,False,False,False,full_clean,full_clean,0.33217391304347826,0.21043478260869566,0.40557006092254133,0.38642297650130547,0.32201914708442125,0.1217391304347826,0.0829246032765049,0.16264933869325018,0,supports
GLM-4.6V-Flash,glm_4_6v_flash,A1->A5,box_area,into_U,5747,False,False,False,full_clean,full_clean,0.41130434782608694,0.043478260869565216,0.2550043516100957,0.15056570931244562,0.06614447345517842,0.36782608695652175,0.335402032956152,0.39959928805885847,0,supports
GLM-4.6V-Flash,glm_4_6v_flash,A1->A5,box_area,into_Ur,5747,False,False,False,full_clean,full_clean,0.1608695652173913,0.1782608695652174,0.278503046127067,0.29852045256744997,0.2732811140121845,-0.017391304347826098,-0.050650050784127654,0.015775845410801355,0,null (CI includes 0)
GLM-4.6V-Flash,glm_4_6v_flash,A2->A5,confidence,changed,5747,False,False,False,full_clean,full_clean,0.5765217391304348,0.23304347826086957,0.5944299390774587,0.5552654482158399,0.4281984334203655,0.34347826086956523,0.3062136158296264,0.3806828674489534,0,supports
GLM-4.6V-Flash,glm_4_6v_flash,A2->A5,confidence,toward_rejection,5747,False,False,False,full_clean,full_clean,0.30695652173913046,0.16695652173913045,0.44299390774586594,0.4308093994778068,0.33768494342906874,0.14,0.10397919360938425,0.1738533293250284,0,supports
GLM-4.6V-Flash,glm_4_6v_flash,A2->A5,confidence,into_U,5747,False,False,False,full_clean,full_clean,0.37043478260869567,0.02434782608695652,0.2863359442993908,0.16013925152306355,0.07745865970409051,0.34608695652173915,0.3168804020880683,0.37499686568465895,0,supports
GLM-4.6V-Flash,glm_4_6v_flash,A2->A5,confidence,into_Ur,5747,False,False,False,full_clean,full_clean,0.17565217391304347,0.14956521739130435,0.2741514360313316,0.33768494342906874,0.2793733681462141,0.02608695652173912,-0.004022426948452657,0.0573967094626989,0,null (CI includes 0)
GLM-4.6V-Flash,glm_4_6v_flash,A2->A5,box_area,changed,5747,False,False,False,full_clean,full_clean,0.5991304347826087,0.2643478260869565,0.5822454308093995,0.5352480417754569,0.40644038294168844,0.33478260869565224,0.2958099387523794,0.37589940322850307,0,supports
GLM-4.6V-Flash,glm_4_6v_flash,A2->A5,box_area,toward_rejection,5747,False,False,False,full_clean,full_clean,0.3278260869565217,0.21913043478260869,0.4081810269799826,0.40644038294168844,0.3237597911227154,0.10869565217391303,0.06896229970625002,0.14988433357647957,0,supports
GLM-4.6V-Flash,glm_4_6v_flash,A2->A5,box_area,into_U,5747,False,False,False,full_clean,full_clean,0.4026086956521739,0.04434782608695652,0.2550043516100957,0.1514360313315927,0.06527415143603134,0.35826086956521735,0.3257463410102572,0.3899190357725607,0,supports
GLM-4.6V-Flash,glm_4_6v_flash,A2->A5,box_area,into_Ur,5747,False,False,False,full_clean,full_clean,0.16695652173913045,0.18521739130434783,0.27763272410791995,0.3133159268929504,0.2732811140121845,-0.018260869565217386,-0.05114650678446594,0.016473095839864442,0,null (CI includes 0)
Phi-4-multimodal,phi4_multimodal,A1->A5,confidence,changed,5747,False,False,False,full_clean,full_clean,0.4721739130434783,0.03304347826086956,0.32463011314186246,0.21496953872932986,0.1061792863359443,0.4391304347826087,0.4047614309674626,0.47242873114717987,0,supports
Phi-4-multimodal,phi4_multimodal,A1->A5,confidence,toward_rejection,5747,False,False,False,full_clean,full_clean,0.42782608695652175,0.010434782608695653,0.278503046127067,0.15317667536988686,0.06440382941688425,0.4173913043478261,0.3865533226584159,0.4509393187708025,0,supports
Phi-4-multimodal,phi4_multimodal,A1->A5,confidence,into_U,5747,False,False,False,full_clean,full_clean,0.0,0.0,0.0,0.0,0.0,0.0,0.0,0.0,0,null (CI includes 0)
Phi-4-multimodal,phi4_multimodal,A1->A5,confidence,into_Ur,5747,False,False,False,full_clean,full_clean,0.42782608695652175,0.010434782608695653,0.278503046127067,0.15317667536988686,0.06440382941688425,0.4173913043478261,0.3865533226584159,0.4509393187708025,0,supports
Phi-4-multimodal,phi4_multimodal,A1->A5,box_area,changed,5747,False,False,False,full_clean,full_clean,0.4852173913043478,0.03826086956521739,0.3516100957354221,0.19756309834638816,0.0783289817232376,0.4469565217391304,0.4132895474768751,0.47884782852464286,0,supports
Phi-4-multimodal,phi4_multimodal,A1->A5,box_area,toward_rejection,5747,False,False,False,full_clean,full_clean,0.4182608695652174,0.021739130434782608,0.28720626631853785,0.1514360313315927,0.0557006092254134,0.3965217391304348,0.3637742963893087,0.4288915282732953,0,supports
Phi-4-multimodal,phi4_multimodal,A1->A5,box_area,into_U,5747,False,False,False,full_clean,full_clean,0.0,0.0,0.0,0.0,0.0,0.0,0.0,0.0,0,null (CI includes 0)
Phi-4-multimodal,phi4_multimodal,A1->A5,box_area,into_Ur,5747,False,False,False,full_clean,full_clean,0.4182608695652174,0.021739130434782608,0.28720626631853785,0.1514360313315927,0.0557006092254134,0.3965217391304348,0.3637742963893087,0.4288915282732953,0,supports
Phi-4-multimodal,phi4_multimodal,A2->A5,confidence,changed,5747,False,False,False,full_clean,full_clean,0.4591304347826087,0.022608695652173914,0.3237597911227154,0.20191470844212359,0.10269799825935597,0.43652173913043474,0.40342038975765987,0.4677873751221595,0,supports
Phi-4-multimodal,phi4_multimodal,A2->A5,confidence,toward_rejection,5747,False,False,False,full_clean,full_clean,0.40608695652173915,0.01217391304347826,0.2828546562228024,0.15317667536988686,0.07136640557006092,0.3939130434782609,0.3605111324986618,0.4270109398028819,0,supports
Phi-4-multimodal,phi4_multimodal,A2->A5,confidence,into_U,5747,False,False,False,full_clean,full_clean,0.0,0.0,0.0,0.0,0.0,0.0,0.0,0.0,0,null (CI includes 0)
Phi-4-multimodal,phi4_multimodal,A2->A5,confidence,into_Ur,5747,False,False,False,full_clean,full_clean,0.40608695652173915,0.01217391304347826,0.2828546562228024,0.15317667536988686,0.07136640557006092,0.3939130434782609,0.3605111324986618,0.4270109398028819,0,supports
Phi-4-multimodal,phi4_multimodal,A2->A5,box_area,changed,5747,False,False,False,full_clean,full_clean,0.47304347826086957,0.036521739130434785,0.3437771975630983,0.185378590078329,0.07136640557006092,0.4365217391304348,0.40304754195799547,0.46889755536105193,0,supports
Phi-4-multimodal,phi4_multimodal,A2->A5,box_area,toward_rejection,5747,False,False,False,full_clean,full_clean,0.40608695652173915,0.025217391304347827,0.2845953002610966,0.15491731940818101,0.05483028720626632,0.38086956521739135,0.3473265389760883,0.414451103037374,0,supports
Phi-4-multimodal,phi4_multimodal,A2->A5,box_area,into_U,5747,False,False,False,full_clean,full_clean,0.0,0.0,0.0,0.0,0.0,0.0,0.0,0.0,0,null (CI includes 0)
Phi-4-multimodal,phi4_multimodal,A2->A5,box_area,into_Ur,5747,False,False,False,full_clean,full_clean,0.40608695652173915,0.025217391304347827,0.2845953002610966,0.15491731940818101,0.05483028720626632,0.38086956521739135,0.3473265389760883,0.414451103037374,0,supports
Gemma-4-12B,gemma4,A1->A5,confidence,changed,5747,False,False,False,full_clean,full_clean,0.27652173913043476,0.0008695652173913044,0.10966057441253264,0.0391644908616188,0.008703220191470844,0.2756521739130435,0.25088030466784633,0.30230188227931076,0,supports
Gemma-4-12B,gemma4,A1->A5,confidence,toward_rejection,5747,False,False,False,full_clean,full_clean,0.23043478260869565,0.0008695652173913044,0.08877284595300261,0.031331592689295036,0.006092254134029591,0.22956521739130434,0.20582830177067868,0.25414683724317944,0,supports
Gemma-4-12B,gemma4,A1->A5,confidence,into_U,5747,False,False,False,full_clean,full_clean,0.0,0.0,0.0,0.0,0.0,0.0,0.0,0.0,0,null (CI includes 0)
Gemma-4-12B,gemma4,A1->A5,confidence,into_Ur,5747,False,False,False,full_clean,full_clean,0.23043478260869565,0.0008695652173913044,0.08877284595300261,0.031331592689295036,0.006092254134029591,0.22956521739130434,0.20582830177067868,0.25414683724317944,0,supports
Gemma-4-12B,gemma4,A1->A5,box_area,changed,5747,False,False,False,full_clean,full_clean,0.2843478260869565,0.0052173913043478265,0.10269799825935597,0.034812880765883375,0.007832898172323759,0.2791304347826087,0.25226661396076405,0.30811924599120505,0,supports
Gemma-4-12B,gemma4,A1->A5,box_area,toward_rejection,5747,False,False,False,full_clean,full_clean,0.2391304347826087,0.0052173913043478265,0.07745865970409051,0.028720626631853787,0.006962576153176675,0.23391304347826086,0.20897425012930698,0.26101739683392833,0,supports
Gemma-4-12B,gemma4,A1->A5,box_area,into_U,5747,False,False,False,full_clean,full_clean,0.0,0.0,0.0,0.0,0.0,0.0,0.0,0.0,0,null (CI includes 0)
Gemma-4-12B,gemma4,A1->A5,box_area,into_Ur,5747,False,False,False,full_clean,full_clean,0.2391304347826087,0.0052173913043478265,0.07745865970409051,0.028720626631853787,0.006962576153176675,0.23391304347826086,0.20897425012930698,0.26101739683392833,0,supports
Gemma-4-12B,gemma4,A2->A5,confidence,changed,5747,False,False,False,full_clean,full_clean,0.2678260869565217,0.0008695652173913044,0.11662315056570931,0.0391644908616188,0.006962576153176675,0.2669565217391304,0.2419347212976212,0.29265193387364,0,supports
Gemma-4-12B,gemma4,A2->A5,confidence,toward_rejection,5747,False,False,False,full_clean,full_clean,0.22695652173913045,0.0008695652173913044,0.09573542210617929,0.031331592689295036,0.006092254134029591,0.22608695652173913,0.2017760702845306,0.24958190394511143,0,supports
Gemma-4-12B,gemma4,A2->A5,confidence,into_U,5747,False,False,False,full_clean,full_clean,0.0,0.0,0.0,0.0,0.0,0.0,0.0,0.0,0,null (CI includes 0)
Gemma-4-12B,gemma4,A2->A5,confidence,into_Ur,5747,False,False,False,full_clean,full_clean,0.22695652173913045,0.0008695652173913044,0.09573542210617929,0.031331592689295036,0.006092254134029591,0.22608695652173913,0.2017760702845306,0.24958190394511143,0,supports
Gemma-4-12B,gemma4,A2->A5,box_area,changed,5747,False,False,False,full_clean,full_clean,0.29043478260869565,0.0052173913043478265,0.09399477806788512,0.033942558746736295,0.007832898172323759,0.2852173913043478,0.25926645881040283,0.31299169553174755,0,supports
Gemma-4-12B,gemma4,A2->A5,box_area,toward_rejection,5747,False,False,False,full_clean,full_clean,0.24695652173913044,0.0052173913043478265,0.0731070496083551,0.028720626631853787,0.006962576153176675,0.24173913043478262,0.21653165429404517,0.2690826180208676,0,supports
Gemma-4-12B,gemma4,A2->A5,box_area,into_U,5747,False,False,False,full_clean,full_clean,0.0,0.0,0.0,0.0,0.0,0.0,0.0,0.0,0,null (CI includes 0)
Gemma-4-12B,gemma4,A2->A5,box_area,into_Ur,5747,False,False,False,full_clean,full_clean,0.24695652173913044,0.0052173913043478265,0.0731070496083551,0.028720626631853787,0.006962576153176675,0.24173913043478262,0.21653165429404517,0.2690826180208676,0,supports
Qwen3-VL-2B,qwen3_vl_2b,A1->A5,confidence,changed,5746,False,True,False,full_clean,partial,0.46347826086956523,0.023478260869565216,0.32926829268292684,0.15056570931244562,0.07658833768494343,0.44,0.4096815884803081,0.4711238261854587,0,supports
Qwen3-VL-2B,qwen3_vl_2b,A1->A5,confidence,toward_rejection,5746,False,True,False,full_clean,partial,0.4608695652173913,0.023478260869565216,0.32752613240418116,0.14795474325500435,0.07397737162750218,0.4373913043478261,0.40662982405945924,0.46870950789788635,0,supports
Qwen3-VL-2B,qwen3_vl_2b,A1->A5,confidence,into_U,5746,False,True,False,full_clean,partial,0.4608695652173913,0.023478260869565216,0.32752613240418116,0.14795474325500435,0.07397737162750218,0.4373913043478261,0.40662982405945924,0.46870950789788635,0,supports
Qwen3-VL-2B,qwen3_vl_2b,A1->A5,confidence,into_Ur,5746,False,True,False,full_clean,partial,0.0,0.0,0.0,0.0,0.0,0.0,0.0,0.0,0,null (CI includes 0)
Qwen3-VL-2B,qwen3_vl_2b,A1->A5,box_area,changed,5746,False,True,False,full_clean,partial,0.42,0.07391304347826087,0.26022628372497825,0.171602787456446,0.1174934725848564,0.3460869565217391,0.3107133018947594,0.3797335169847963,0,supports
Qwen3-VL-2B,qwen3_vl_2b,A1->A5,box_area,toward_rejection,5746,False,True,False,full_clean,partial,0.41739130434782606,0.07130434782608695,0.25935596170583114,0.16986062717770034,0.11575282854656223,0.3460869565217391,0.3109349071372979,0.37964771679787507,0,supports
Qwen3-VL-2B,qwen3_vl_2b,A1->A5,box_area,into_U,5746,False,True,False,full_clean,partial,0.41739130434782606,0.07130434782608695,0.25935596170583114,0.16986062717770034,0.11575282854656223,0.3460869565217391,0.3109349071372979,0.37964771679787507,0,supports
Qwen3-VL-2B,qwen3_vl_2b,A1->A5,box_area,into_Ur,5746,False,True,False,full_clean,partial,0.0,0.0,0.0,0.0,0.0,0.0,0.0,0.0,0,null (CI includes 0)
Qwen3-VL-2B,qwen3_vl_2b,A2->A5,confidence,changed,5746,False,True,False,full_clean,partial,0.46260869565217394,0.023478260869565216,0.32926829268292684,0.1496953872932985,0.07484769364664925,0.4391304347826087,0.4082431452265241,0.47107557830421815,0,supports
Qwen3-VL-2B,qwen3_vl_2b,A2->A5,confidence,toward_rejection,5746,False,True,False,full_clean,partial,0.46260869565217394,0.023478260869565216,0.32839721254355403,0.1496953872932985,0.07484769364664925,0.4391304347826087,0.4082431452265241,0.47107557830421815,0,supports
Qwen3-VL-2B,qwen3_vl_2b,A2->A5,confidence,into_U,5746,False,True,False,full_clean,partial,0.46260869565217394,0.023478260869565216,0.32839721254355403,0.1496953872932985,0.07484769364664925,0.4391304347826087,0.4082431452265241,0.47107557830421815,0,supports
Qwen3-VL-2B,qwen3_vl_2b,A2->A5,confidence,into_Ur,5746,False,True,False,full_clean,partial,0.0,0.0,0.0,0.0,0.0,0.0,0.0,0.0,0,null (CI includes 0)
Qwen3-VL-2B,qwen3_vl_2b,A2->A5,box_area,changed,5746,False,True,False,full_clean,partial,0.4191304347826087,0.07304347826086957,0.25935596170583114,0.171602787456446,0.11662315056570931,0.34608695652173915,0.31129311903414114,0.37960051167129827,0,supports
Qwen3-VL-2B,qwen3_vl_2b,A2->A5,box_area,toward_rejection,5746,False,True,False,full_clean,partial,0.4182608695652174,0.07304347826086957,0.25935596170583114,0.171602787456446,0.11662315056570931,0.3452173913043478,0.3096011721806742,0.37896313343178567,0,supports
Qwen3-VL-2B,qwen3_vl_2b,A2->A5,box_area,into_U,5746,False,True,False,full_clean,partial,0.4182608695652174,0.07304347826086957,0.25935596170583114,0.171602787456446,0.11662315056570931,0.3452173913043478,0.3096011721806742,0.37896313343178567,0,supports
Qwen3-VL-2B,qwen3_vl_2b,A2->A5,box_area,into_Ur,5746,False,True,False,full_clean,partial,0.0,0.0,0.0,0.0,0.0,0.0,0.0,0.0,0,null (CI includes 0)
Qwen2.5-VL-3B,qwen2_5_vl_3b,A1->A5,confidence,changed,5747,False,True,True,full_clean,full_clean,0.02,0.004347826086956522,0.008703220191470844,0.010443864229765013,0.005221932114882507,0.01565217391304348,0.006856511055236087,0.026411419910290557,0,supports
Qwen2.5-VL-3B,qwen2_5_vl_3b,A1->A5,confidence,toward_rejection,5747,False,True,True,full_clean,full_clean,0.0,0.0,0.0,0.0,0.0,0.0,0.0,0.0,0,null (CI includes 0)
Qwen2.5-VL-3B,qwen2_5_vl_3b,A1->A5,confidence,into_U,5747,False,True,True,full_clean,full_clean,0.0,0.0,0.0,0.0,0.0,0.0,0.0,0.0,0,null (CI includes 0)
Qwen2.5-VL-3B,qwen2_5_vl_3b,A1->A5,confidence,into_Ur,5747,False,True,True,full_clean,full_clean,0.0,0.0,0.0,0.0,0.0,0.0,0.0,0.0,0,null (CI includes 0)
Qwen2.5-VL-3B,qwen2_5_vl_3b,A1->A5,box_area,changed,5747,False,True,True,full_clean,full_clean,0.022608695652173914,0.0026086956521739132,0.016536118363794605,0.0034812880765883376,0.0034812880765883376,0.02,0.009878833448027917,0.032055121724698134,0,supports
Qwen2.5-VL-3B,qwen2_5_vl_3b,A1->A5,box_area,toward_rejection,5747,False,True,True,full_clean,full_clean,0.0,0.0,0.0,0.0,0.0,0.0,0.0,0.0,0,null (CI includes 0)
Qwen2.5-VL-3B,qwen2_5_vl_3b,A1->A5,box_area,into_U,5747,False,True,True,full_clean,full_clean,0.0,0.0,0.0,0.0,0.0,0.0,0.0,0.0,0,null (CI includes 0)
Qwen2.5-VL-3B,qwen2_5_vl_3b,A1->A5,box_area,into_Ur,5747,False,True,True,full_clean,full_clean,0.0,0.0,0.0,0.0,0.0,0.0,0.0,0.0,0,null (CI includes 0)
Qwen2.5-VL-3B,qwen2_5_vl_3b,A2->A5,confidence,changed,5747,False,True,True,full_clean,full_clean,0.0017391304347826088,0.0,0.0,0.0,0.0008703220191470844,0.0017391304347826088,0.0,0.00443685326521139,0,null (CI includes 0)
Qwen2.5-VL-3B,qwen2_5_vl_3b,A2->A5,confidence,toward_rejection,5747,False,True,True,full_clean,full_clean,0.0,0.0,0.0,0.0,0.0,0.0,0.0,0.0,0,null (CI includes 0)
Qwen2.5-VL-3B,qwen2_5_vl_3b,A2->A5,confidence,into_U,5747,False,True,True,full_clean,full_clean,0.0,0.0,0.0,0.0,0.0,0.0,0.0,0.0,0,null (CI includes 0)
Qwen2.5-VL-3B,qwen2_5_vl_3b,A2->A5,confidence,into_Ur,5747,False,True,True,full_clean,full_clean,0.0,0.0,0.0,0.0,0.0,0.0,0.0,0.0,0,null (CI includes 0)
Qwen2.5-VL-3B,qwen2_5_vl_3b,A2->A5,box_area,changed,5747,False,True,True,full_clean,full_clean,0.0017391304347826088,0.0008695652173913044,0.0,0.0,0.0,0.0008695652173913044,-0.0018021288075734537,0.00411522633744856,0,null (CI includes 0)
Qwen2.5-VL-3B,qwen2_5_vl_3b,A2->A5,box_area,toward_rejection,5747,False,True,True,full_clean,full_clean,0.0,0.0,0.0,0.0,0.0,0.0,0.0,0.0,0,null (CI includes 0)
Qwen2.5-VL-3B,qwen2_5_vl_3b,A2->A5,box_area,into_U,5747,False,True,True,full_clean,full_clean,0.0,0.0,0.0,0.0,0.0,0.0,0.0,0.0,0,null (CI includes 0)
Qwen2.5-VL-3B,qwen2_5_vl_3b,A2->A5,box_area,into_Ur,5747,False,True,True,full_clean,full_clean,0.0,0.0,0.0,0.0,0.0,0.0,0.0,0.0,0,null (CI includes 0)
InternVL3.5-2B,internvl3_5_hf_2b,A1->A5,confidence,changed,5650,True,True,True,partial,partial,0.0,0.0,0.0,0.0,0.0,0.0,0.0,0.0,0,not evaluable (single label in both conditions)
InternVL3.5-2B,internvl3_5_hf_2b,A1->A5,confidence,toward_rejection,5650,True,True,True,partial,partial,0.0,0.0,0.0,0.0,0.0,0.0,0.0,0.0,0,not evaluable (single label in both conditions)
InternVL3.5-2B,internvl3_5_hf_2b,A1->A5,confidence,into_U,5650,True,True,True,partial,partial,0.0,0.0,0.0,0.0,0.0,0.0,0.0,0.0,0,not evaluable (single label in both conditions)
InternVL3.5-2B,internvl3_5_hf_2b,A1->A5,confidence,into_Ur,5650,True,True,True,partial,partial,0.0,0.0,0.0,0.0,0.0,0.0,0.0,0.0,0,not evaluable (single label in both conditions)
InternVL3.5-2B,internvl3_5_hf_2b,A1->A5,box_area,changed,5650,True,True,True,partial,partial,0.0,0.0,0.0,0.0,0.0,0.0,0.0,0.0,0,not evaluable (single label in both conditions)
InternVL3.5-2B,internvl3_5_hf_2b,A1->A5,box_area,toward_rejection,5650,True,True,True,partial,partial,0.0,0.0,0.0,0.0,0.0,0.0,0.0,0.0,0,not evaluable (single label in both conditions)
InternVL3.5-2B,internvl3_5_hf_2b,A1->A5,box_area,into_U,5650,True,True,True,partial,partial,0.0,0.0,0.0,0.0,0.0,0.0,0.0,0.0,0,not evaluable (single label in both conditions)
InternVL3.5-2B,internvl3_5_hf_2b,A1->A5,box_area,into_Ur,5650,True,True,True,partial,partial,0.0,0.0,0.0,0.0,0.0,0.0,0.0,0.0,0,not evaluable (single label in both conditions)
InternVL3.5-2B,internvl3_5_hf_2b,A2->A5,confidence,changed,5444,True,True,True,partial,partial,0.0,0.0,0.0,0.0,0.0,0.0,0.0,0.0,0,not evaluable (single label in both conditions)
InternVL3.5-2B,internvl3_5_hf_2b,A2->A5,confidence,toward_rejection,5444,True,True,True,partial,partial,0.0,0.0,0.0,0.0,0.0,0.0,0.0,0.0,0,not evaluable (single label in both conditions)
InternVL3.5-2B,internvl3_5_hf_2b,A2->A5,confidence,into_U,5444,True,True,True,partial,partial,0.0,0.0,0.0,0.0,0.0,0.0,0.0,0.0,0,not evaluable (single label in both conditions)
InternVL3.5-2B,internvl3_5_hf_2b,A2->A5,confidence,into_Ur,5444,True,True,True,partial,partial,0.0,0.0,0.0,0.0,0.0,0.0,0.0,0.0,0,not evaluable (single label in both conditions)
InternVL3.5-2B,internvl3_5_hf_2b,A2->A5,box_area,changed,5444,True,True,True,partial,partial,0.0,0.0,0.0,0.0,0.0,0.0,0.0,0.0,0,not evaluable (single label in both conditions)
InternVL3.5-2B,internvl3_5_hf_2b,A2->A5,box_area,toward_rejection,5444,True,True,True,partial,partial,0.0,0.0,0.0,0.0,0.0,0.0,0.0,0.0,0,not evaluable (single label in both conditions)
InternVL3.5-2B,internvl3_5_hf_2b,A2->A5,box_area,into_U,5444,True,True,True,partial,partial,0.0,0.0,0.0,0.0,0.0,0.0,0.0,0.0,0,not evaluable (single label in both conditions)
InternVL3.5-2B,internvl3_5_hf_2b,A2->A5,box_area,into_Ur,5444,True,True,True,partial,partial,0.0,0.0,0.0,0.0,0.0,0.0,0.0,0.0,0,not evaluable (single label in both conditions)
InternVL3.5-4B,internvl3_5_hf_4b,A1->A5,confidence,changed,5747,False,False,False,full_clean,full_clean,0.4295652173913043,0.6982608695652174,0.4560487380330722,0.546562228024369,0.5961705831157529,-0.26869565217391306,-0.31113454826418924,-0.22714619569069003,0,reverses
InternVL3.5-4B,internvl3_5_hf_4b,A1->A5,confidence,toward_rejection,5747,False,False,False,full_clean,full_clean,0.1991304347826087,0.6695652173913044,0.25935596170583114,0.4212358572671889,0.5291557876414273,-0.47043478260869565,-0.5091632456427881,-0.4293831567180728,0,reverses
InternVL3.5-4B,internvl3_5_hf_4b,A1->A5,confidence,into_U,5747,False,False,False,full_clean,full_clean,0.24782608695652175,0.03217391304347826,0.21148825065274152,0.15752828546562228,0.09138381201044386,0.21565217391304348,0.18801527753098923,0.24094509057333327,0,supports
InternVL3.5-4B,internvl3_5_hf_4b,A1->A5,confidence,into_Ur,5747,False,False,False,full_clean,full_clean,0.16260869565217392,0.6495652173913044,0.21322889469103568,0.36553524804177545,0.48476936466492604,-0.4869565217391304,-0.5249932221769746,-0.4473125295072525,0,reverses
InternVL3.5-4B,internvl3_5_hf_4b,A1->A5,box_area,changed,5747,False,False,False,full_clean,full_clean,0.42782608695652175,0.6730434782608695,0.4725848563968668,0.5239338555265448,0.6292428198433421,-0.24521739130434778,-0.28734334475957335,-0.20308683383034937,0,reverses
InternVL3.5-4B,internvl3_5_hf_4b,A1->A5,box_area,toward_rejection,5747,False,False,False,full_clean,full_clean,0.13478260869565217,0.6417391304347826,0.29765013054830286,0.42297650130548303,0.5813751087902524,-0.5069565217391304,-0.5425585158608217,-0.46917221150361826,0,reverses
InternVL3.5-4B,internvl3_5_hf_4b,A1->A5,box_area,into_U,5747,False,False,False,full_clean,full_clean,0.3034782608695652,0.051304347826086956,0.18711923411662315,0.13141862489120976,0.0670147954743255,0.25217391304347825,0.22118980280421593,0.28351375675508744,0,supports
InternVL3.5-4B,internvl3_5_hf_4b,A1->A5,box_area,into_Ur,5747,False,False,False,full_clean,full_clean,0.10086956521739131,0.6026086956521739,0.25674499564838993,0.3698868581375109,0.5456919060052219,-0.5017391304347826,-0.5357676826948461,-0.46533705550851245,0,reverses
InternVL3.5-4B,internvl3_5_hf_4b,A2->A5,confidence,changed,5747,False,False,False,full_clean,full_clean,0.37130434782608696,0.5391304347826087,0.37597911227154046,0.43429068755439515,0.4630113141862489,-0.16782608695652174,-0.21247050929814093,-0.12595411183827596,0,reverses
InternVL3.5-4B,internvl3_5_hf_4b,A2->A5,confidence,toward_rejection,5747,False,False,False,full_clean,full_clean,0.08695652173913043,0.5,0.13838120104438642,0.278503046127067,0.3785900783289817,-0.41304347826086957,-0.4501401092342141,-0.37584534454428453,0,reverses
InternVL3.5-4B,internvl3_5_hf_4b,A2->A5,confidence,into_U,5747,False,False,False,full_clean,full_clean,0.27652173913043476,0.03391304347826087,0.23324630113141862,0.1731940818102698,0.10008703220191471,0.24260869565217388,0.21463072057784732,0.26998251966042774,0,supports
InternVL3.5-4B,internvl3_5_hf_4b,A2->A5,confidence,into_Ur,5747,False,False,False,full_clean,full_clean,0.07043478260869565,0.48434782608695653,0.1061792863359443,0.23411662315056572,0.3411662315056571,-0.41391304347826086,-0.4512755872856704,-0.3777432837699433,0,reverses
InternVL3.5-4B,internvl3_5_hf_4b,A2->A5,box_area,changed,5747,False,False,False,full_clean,full_clean,0.38521739130434784,0.5121739130434783,0.3742384682332463,0.4194952132288947,0.4926022628372498,-0.1269565217391304,-0.17466986370086024,-0.08022736694197198,0,reverses
InternVL3.5-4B,internvl3_5_hf_4b,A2->A5,box_area,toward_rejection,5747,False,False,False,full_clean,full_clean,0.04521739130434783,0.46347826086956523,0.15752828546562228,0.2898172323759791,0.42645778938207135,-0.4182608695652174,-0.45731860154731296,-0.3787251191941464,0,reverses
InternVL3.5-4B,internvl3_5_hf_4b,A2->A5,box_area,into_U,5747,False,False,False,full_clean,full_clean,0.331304347826087,0.05478260869565217,0.21148825065274152,0.1462140992167102,0.0731070496083551,0.2765217391304348,0.24443398119831544,0.3074958053318686,0,supports
InternVL3.5-4B,internvl3_5_hf_4b,A2->A5,box_area,into_Ur,5747,False,False,False,full_clean,full_clean,0.02782608695652174,0.43478260869565216,0.1288076588337685,0.24978241949521324,0.3951261966927763,-0.40695652173913044,-0.4450958608139766,-0.3690162054703742,0,reverses
InternVL3.5-14B,internvl3_5_hf_14b,A1->A5,confidence,changed,5747,False,False,False,full_clean,full_clean,0.5817391304347826,0.14608695652173914,0.5004351610095735,0.3838120104438642,0.26109660574412535,0.4356521739130435,0.398153933616775,0.4714337793129074,0,supports
InternVL3.5-14B,internvl3_5_hf_14b,A1->A5,confidence,toward_rejection,5747,False,False,False,full_clean,full_clean,0.3765217391304348,0.14347826086956522,0.3951261966927763,0.3333333333333333,0.24978241949521324,0.23304347826086957,0.1918657969383684,0.2707106721676063,0,supports
InternVL3.5-14B,internvl3_5_hf_14b,A1->A5,confidence,into_U,5747,False,False,False,full_clean,full_clean,0.3869565217391304,0.009565217391304347,0.25326370757180156,0.1453437771975631,0.05308964316797215,0.3773913043478261,0.34725009382886307,0.40778774990661437,0,supports
InternVL3.5-14B,internvl3_5_hf_14b,A1->A5,confidence,into_Ur,5747,False,False,False,full_clean,full_clean,0.15565217391304348,0.13478260869565217,0.20800696257615317,0.2193211488250653,0.20278503046127067,0.020869565217391306,-0.009151828934826621,0.05166879981949728,0,null (CI includes 0)
InternVL3.5-14B,internvl3_5_hf_14b,A1->A5,box_area,changed,5747,False,False,False,full_clean,full_clean,0.6026086956521739,0.22782608695652173,0.47171453437771976,0.34029590948651,0.23063533507397738,0.37478260869565216,0.33514825928360054,0.4147768690127053,0,supports
InternVL3.5-14B,internvl3_5_hf_14b,A1->A5,box_area,toward_rejection,5747,False,False,False,full_clean,full_clean,0.36782608695652175,0.22260869565217392,0.3803307223672759,0.30374238468233244,0.22367275892080069,0.14521739130434783,0.10368278543443507,0.18534053634801145,0,supports
InternVL3.5-14B,internvl3_5_hf_14b,A1->A5,box_area,into_U,5747,False,False,False,full_clean,full_clean,0.42869565217391303,0.022608695652173914,0.2402088772845953,0.10791993037423847,0.04873803307223673,0.4060869565217391,0.3725532417771771,0.4397526919747005,0,supports
InternVL3.5-14B,internvl3_5_hf_14b,A1->A5,box_area,into_Ur,5747,False,False,False,full_clean,full_clean,0.12695652173913044,0.2008695652173913,0.195822454308094,0.2193211488250653,0.17754569190600522,-0.07391304347826086,-0.10736114220233614,-0.04289942835827261,0,reverses
InternVL3.5-14B,internvl3_5_hf_14b,A2->A5,confidence,changed,5747,False,False,False,full_clean,full_clean,0.5608695652173913,0.14521739130434783,0.48476936466492604,0.3803307223672759,0.2584856396866841,0.41565217391304343,0.378513703850887,0.45146901982661347,0,supports
InternVL3.5-14B,internvl3_5_hf_14b,A2->A5,confidence,toward_rejection,5747,False,False,False,full_clean,full_clean,0.40956521739130436,0.14347826086956522,0.42645778938207135,0.35422106179286333,0.25413402959094866,0.26608695652173914,0.22650946120632684,0.30222455422665706,0,supports
InternVL3.5-14B,internvl3_5_hf_14b,A2->A5,confidence,into_U,5747,False,False,False,full_clean,full_clean,0.35130434782608694,0.009565217391304347,0.23846823324630112,0.14273281114012185,0.05308964316797215,0.3417391304347826,0.3127450450484425,0.3709178244499294,0,supports
InternVL3.5-14B,internvl3_5_hf_14b,A2->A5,confidence,into_Ur,5747,False,False,False,full_clean,full_clean,0.17478260869565218,0.13478260869565217,0.22193211488250653,0.22715404699738903,0.20365535248041775,0.04000000000000001,0.00947914548521742,0.07129910162897121,0,supports
InternVL3.5-14B,internvl3_5_hf_14b,A2->A5,box_area,changed,5747,False,False,False,full_clean,full_clean,0.5834782608695652,0.22434782608695653,0.4525674499564839,0.33768494342906874,0.23150565709312446,0.3591304347826087,0.31890832786216783,0.40011418024233,0,supports
InternVL3.5-14B,internvl3_5_hf_14b,A2->A5,box_area,toward_rejection,5747,False,False,False,full_clean,full_clean,0.41391304347826086,0.2234782608695652,0.4073107049608355,0.31592689295039167,0.22715404699738903,0.19043478260869565,0.14963378921923662,0.22999229348674205,0,supports
InternVL3.5-14B,internvl3_5_hf_14b,A2->A5,box_area,into_U,5747,False,False,False,full_clean,full_clean,0.3947826086956522,0.022608695652173914,0.22715404699738903,0.10182767624020887,0.04873803307223673,0.37217391304347824,0.34059141575449625,0.4060700807599403,0,supports
InternVL3.5-14B,internvl3_5_hf_14b,A2->A5,box_area,into_Ur,5747,False,False,False,full_clean,full_clean,0.15130434782608695,0.2008695652173913,0.20365535248041775,0.22715404699738903,0.17928633594429938,-0.049565217391304345,-0.08326289240621601,-0.017372136935512487,0,reverses
